year,n_full,ships,w_total,version
2018,480,480,25739273.202413794,main
2019,510,510,25134654.55939886,main
2020,492,492,23724750.93148581,main
2021,570,570,27373848.639821485,main
2022,643,643,29983964.98544,main
2023,666,666,28397186.201190304,main
2024,613,613,24131116.771939784,main
2025,627,627,24031996.175446205,main
2018,636,636,33818066.09823434,all_ids
2019,660,660,33345615.326073553,all_ids
2020,658,658,31816890.052512437,all_ids
2021,743,743,37374358.10165306,all_ids
2022,863,863,41030759.00961481,all_ids
2023,871,871,38281987.452599905,all_ids
2024,796,796,31863353.701672122,all_ids
2025,816,816,32149129.772973467,all_ids
