imo,vessel_id,first,last,n,name,operational,kept,dropped
1020617,027e8c604-4f64-7f1a-bd84-fb8131b6573e,2025-05-26 13:05:10+00:00,2026-08-30 16:49:56+00:00,150,ECO SIROCCO,True,150,0
1041532,49a6f5f5a-adbe-8c4c-ef9c-a76e56160091,2026-07-19 11:51:46+00:00,2026-08-31 08:02:05+00:00,4,MAERSK FLINDERS,True,4,0
9944546,e2602a554-40cb-43d8-e886-716e8e3f40b4,2023-06-15 09:45:08+00:00,2026-08-30 15:27:43+00:00,687,LAURA MAERSK,True,687,0
9945899,979c32762-2368-a671-8374-e44abfe1d8a8,2025-06-29 01:58:39+00:00,2026-05-02 11:35:29+00:00,43,COSCOSHIPPING YANGPU,True,43,0
9945899,b33eef173-34e6-51fb-f558-6712bb4f34ad,2025-06-10 03:47:33+00:00,2025-06-10 03:47:33+00:00,1,N1071,False,1,0
9945904,65428d52e-e5a0-2902-d1bf-85a534161bf1,2025-07-25 05:12:22+00:00,2025-07-25 05:12:22+00:00,1,N1072,False,1,0
9945904,ce86e5a15-5deb-0fac-2711-1851adf39c19,2025-08-13 11:19:22+00:00,2026-08-29 20:52:11+00:00,48,COSCO CARNATION,True,48,0
9945916,36e7a33c6-6e72-f1f4-13ef-e9ef237f6201,2025-10-24 04:49:06+00:00,2026-08-31 16:12:22+00:00,47,COSCOSHIPPING PANAMA,True,47,0
9945916,89530f52d-dfd5-878b-c30c-885722aa1d22,2025-09-06 06:50:09+00:00,2025-09-29 07:18:55+00:00,3,N1073,False,3,0
9945928,b03e8b0bc-ce52-76b3-e654-154a8542446f,2026-05-15 02:06:46+00:00,2026-05-15 02:06:46+00:00,1,YANGZHOU N1074,False,1,0
9945928,cc713e846-6757-9795-19cf-c2a0fc3239a8,2026-06-06 13:47:21+00:00,2026-08-29 03:06:58+00:00,16,COSCO SHIPPING LILY,True,16,0
9948748,f162f4155-598a-100d-dcc5-3b1d2e029410,2023-12-09 05:22:54+00:00,2026-08-26 00:10:42+00:00,134,ANE MAERSK,True,134,0
9948750,0262f080e-e964-2817-794d-72d9571d31df,2024-02-24 01:19:11+00:00,2026-08-21 10:36:29+00:00,113,ASTRID MAERSK,True,113,0
9948762,eee5e72e9-912f-6adb-7387-f980a93f2cc9,2024-04-27 00:27:55+00:00,2026-08-19 13:43:31+00:00,115,ANTONIA MAERSK,True,115,0
9948774,dcb1c5ad5-5d40-4c2b-11af-fa5c7a2b7987,2024-05-30 07:26:32+00:00,2026-08-08 19:56:08+00:00,87,ALETTE MAERSK,True,87,0
9948786,e0b590d44-49c2-23c7-e30e-bcafd13b118f,2024-06-23 20:17:28+00:00,2026-08-26 21:49:50+00:00,99,ALEXANDRA MAERSK,True,99,0
9948798,adb9a7192-2037-aab9-8266-5739dedfc1ce,2024-08-31 23:16:49+00:00,2026-01-21 20:24:14+00:00,67,ANGELICA MAERSK,True,67,0
9948803,b25ff824b-bce7-bfcb-ebe5-08fd17932e4c,2024-09-24 12:28:28+00:00,2026-08-17 15:55:51+00:00,81,A.P. MOLLER,True,81,0
9948815,b40f88f42-20db-4666-93e4-b8e571920d30,2024-11-11 06:57:01+00:00,2026-08-30 01:50:49+00:00,69,ADRIAN MAERSK,True,69,0
9959577,4e89f7b6d-d90a-ceb1-62cb-240f88f1e2cb,2025-01-15 10:08:39+00:00,2026-06-26 09:24:31+00:00,212,ECO TRAMONTANE,True,212,0
9959577,d0f97c4de-e7ec-48ef-1ab5-7620fa74ab96,2024-12-06 00:46:33+00:00,2024-12-10 23:19:03+00:00,2,XIN DA YANG 91,False,2,0
9961805,de0383519-9793-a740-68b6-3fc06a1066b5,2024-12-06 09:26:06+00:00,2026-08-23 16:10:36+00:00,76,ALBERT MAERSK,True,76,0
9961817,0ddc5e092-2711-6947-5404-eef30b6fbcab,2025-01-22 00:49:38+00:00,2026-08-25 23:53:03+00:00,57,ALVA MAERSK,True,57,0
9961829,0f88eba68-8b3d-dde7-0fc2-2a41e5d682f4,2025-03-04 02:48:13+00:00,2026-08-31 10:31:38+00:00,62,ARTHUR MAERSK,True,62,0
9961831,da783801c-c59f-34db-41af-cec44a0105e3,2025-04-24 00:15:09+00:00,2026-08-06 15:47:53+00:00,53,AXEL MAERSK,True,53,0
9984560,52a78bae2-21a7-05db-763f-9b20cc97c112,2025-05-19 08:29:45+00:00,2026-08-29 21:30:36+00:00,39,BERLIN MAERSK,True,39,0
9984572,12ee6ec3d-d34f-def7-c96b-4b440f198638,2025-06-17 04:14:55+00:00,2026-08-18 19:23:58+00:00,47,BEIJING MAERSK,True,47,0
9984584,33caa3d9e-e62c-d0ec-c8af-5ec242e4b388,2025-07-29 00:30:26+00:00,2026-08-21 18:00:01+00:00,47,BANGKOK MAERSK,True,47,0
9984596,ae75a9e4f-f84b-78fb-f2ab-cf06e0195c47,2025-09-01 23:43:04+00:00,2026-08-21 04:52:19+00:00,41,BRISBANE MAERSK,True,41,0
9984601,b4562670a-a83c-a0f5-7ad5-e03e310ced30,2025-09-26 05:37:35+00:00,2026-08-06 15:21:53+00:00,30,BRUSSELS MAERSK,True,30,0
9984613,76837cc57-792b-db0f-7d8f-bfe62b9b6e25,2025-11-21 05:51:18+00:00,2026-08-23 19:39:55+00:00,28,BARCELONA MAERSK,True,28,0
9985942,c9549e452-2c16-fc15-5901-016ac8681fe3,2024-04-19 00:55:34+00:00,2024-04-25 04:01:03+00:00,2,XIN YANGZI 478,False,2,0
9985942,e782fc17e-e24a-c2c1-5ce6-329316c1fa89,2024-05-25 22:42:44+00:00,2026-08-29 19:11:33+00:00,452,ECO MAESTRO,True,452,0
9985954,c77965cf6-6e34-acc7-80a4-62d7e0d1dbf5,2024-06-24 03:55:44+00:00,2026-08-28 07:42:49+00:00,385,ECO LEVANT,True,385,0
9985954,ef717d83e-e010-f336-090b-85a8839fcd28,2024-05-27 20:55:21+00:00,2024-06-01 01:11:41+00:00,2,XINFU 117,False,2,0
9985966,43f9a7e19-9648-0b13-eada-151ce55b7b90,2024-07-24 12:00:42+00:00,2024-08-02 03:55:47+00:00,2,XIN YANGZI 490,False,2,0
9985966,9491cc7ea-a25a-2f9e-4455-6b82f35be561,2024-08-22 03:21:48+00:00,2026-07-26 15:47:52+00:00,260,ECO PONENTE,True,260,0
9985978,4e4c31a45-5247-2ab8-1a34-9a5473c027c7,2024-09-10 06:30:37+00:00,2026-07-26 09:19:13+00:00,328,ECO ZEPHYR,True,328,0
9985978,5d29867e0-07ea-7e66-42ce-d588f41c8fa2,2024-08-12 20:48:55+00:00,2024-08-18 22:20:45+00:00,2,XINFU 120,False,2,0
9986324,9fbce1955-5f58-6e80-42aa-01b2366983e2,2026-05-12 03:14:52+00:00,2026-06-08 06:43:36+00:00,2,NANTONG CHUANQI 456,False,2,0
9986324,ebfa00fb7-73d6-fc5c-f6fe-f84413e65387,2026-06-30 08:02:13+00:00,2026-08-30 11:53:00+00:00,11,OOCL WISDOM,True,11,0
9996678,790f884d8-88e9-3066-3b21-33037f01ef91,2024-12-17 12:01:07+00:00,2026-08-28 06:43:29+00:00,95,CMA CGM IRON,True,95,0
9996680,586734dcc-c7dd-f0f8-396c-2d6e31bafe59,2025-02-10 10:15:33+00:00,2026-08-15 18:34:33+00:00,97,CMA CGM COBALT,True,97,0
9996692,f3a78f3af-f4a3-c7b9-90b8-f937cb861e62,2025-03-27 18:07:59+00:00,2026-08-18 05:59:50+00:00,83,CMA CGM ARGON,True,83,0
9996707,4ec469516-6fe9-f4e5-eaf2-7d4ad5d3c1f1,2025-05-08 11:54:28+00:00,2026-08-15 04:47:59+00:00,77,CMA CGM PLATINUM,True,77,0
9996745,0ee92130f-f6be-68fb-55e7-67d8ffd26cf7,2025-11-27 12:50:00+00:00,2026-08-22 14:36:48+00:00,41,CMA CGM THORIUM,True,41,0
9996757,862c1be8f-f662-9aa0-f6cd-6c63ad9f5b34,2025-12-19 23:10:40+00:00,2026-08-26 23:12:00+00:00,31,CMA CGM OSMIUM,True,31,0
9996771,680879bee-e505-ed9c-7938-be16e2409bbd,2026-04-29 13:36:25+00:00,2026-08-27 23:41:55+00:00,16,CMA CGM COPPER,True,16,0
9996989,42d73d6fd-d2ba-2477-2fe8-8fb1579c0a39,2025-12-17 07:07:12+00:00,2026-08-31 08:18:18+00:00,51,CMA CGM ANTIGONE,True,51,0
9998468,299493ec0-087c-f3b1-8851-7c1f406e6d1b,2025-02-11 11:12:39+00:00,2026-08-23 14:01:14+00:00,79,HMM GREEN,True,79,0
9998494,a967176c6-6671-ace3-0fea-f117f92c71c4,2025-09-01 10:21:04+00:00,2026-08-24 04:52:34+00:00,42,HMM CLOVER,True,42,0
