set_key,label,range_nm,owner,ship_years,ships,feasible,short_ship_years,short_first_year,short_feasible,short_feasible_first_year,long_ship_years,long_feasible,median_stops,median_req_lb,dist_nm,short_dist_nm,dist_share
external:methanol6|-1|0|all,methanol ports named by DNV (6),7000,CMA CGM,14,7,2,4,4,2,2,10,0,36.0,20702.33918278292,482890.20560958155,1758.896255751681,0.12153368000895506
external:methanol6|-1|0|all,methanol ports named by DNV (6),7000,COSCO Shipping,7,4,0,0,0,0,0,7,0,20.0,65569.26858368434,329024.88437723403,0.0,0.0828088964082579
external:methanol6|-1|0|all,methanol ports named by DNV (6),7000,HMM,4,2,0,1,1,0,0,3,0,34.5,28995.932054193923,191043.73844427013,3341.6845131867144,0.04808183787138658
external:methanol6|-1|0|all,methanol ports named by DNV (6),7000,Maersk,47,19,2,5,4,2,2,42,0,27.0,24137.25858100271,2542164.9418918313,15143.104298515991,0.6398114043084565
external:methanol6|-1|0|all,methanol ports named by DNV (6),7000,Maersk (chartered),1,1,1,1,1,1,1,0,0,4.0,71.60330130103102,71.60330130104037,71.60330130104037,1.8021100048861224e-05
external:methanol6|-1|0|all,methanol ports named by DNV (6),7000,OOCL,1,1,0,0,0,0,0,1,0,13.0,11580.95541574154,12426.19695719005,0.0,0.0031274219836721845
external:methanol6|-1|0|all,methanol ports named by DNV (6),7000,X-Press Feeders,14,6,7,1,1,1,1,13,6,86.5,5775.526100178015,415682.0072745441,0.0,0.10461873831922294
external:yap4|-1|0|all,Yap hubs (4),7000,CMA CGM,14,7,2,4,4,2,2,10,0,36.0,20702.33918278292,482890.20560958155,1758.896255751681,0.12153368000895506
external:yap4|-1|0|all,Yap hubs (4),7000,COSCO Shipping,7,4,0,0,0,0,0,7,0,20.0,65569.26858368434,329024.88437723403,0.0,0.0828088964082579
external:yap4|-1|0|all,Yap hubs (4),7000,HMM,4,2,0,1,1,0,0,3,0,34.5,28995.932054193923,191043.73844427013,3341.6845131867144,0.04808183787138658
external:yap4|-1|0|all,Yap hubs (4),7000,Maersk,47,19,1,5,4,1,1,42,0,27.0,29805.66417091933,2542164.9418918313,15143.104298515991,0.6398114043084565
external:yap4|-1|0|all,Yap hubs (4),7000,Maersk (chartered),1,1,1,1,1,1,1,0,0,4.0,71.60330130103102,71.60330130104037,71.60330130104037,1.8021100048861224e-05
external:yap4|-1|0|all,Yap hubs (4),7000,OOCL,1,1,0,0,0,0,0,1,0,13.0,11580.95541574154,12426.19695719005,0.0,0.0031274219836721845
external:yap4|-1|0|all,Yap hubs (4),7000,X-Press Feeders,14,6,5,1,1,1,1,13,4,86.5,14485.235957344528,415682.0072745441,0.0,0.10461873831922294
external:yap8|-1|0|all,Yap hubs (8),7000,CMA CGM,14,7,3,4,4,3,3,10,0,36.0,18209.474117813166,482890.20560958155,1758.896255751681,0.12153368000895506
external:yap8|-1|0|all,Yap hubs (8),7000,COSCO Shipping,7,4,0,0,0,0,0,7,0,20.0,65569.26858368434,329024.88437723403,0.0,0.0828088964082579
external:yap8|-1|0|all,Yap hubs (8),7000,HMM,4,2,0,1,1,0,0,3,0,34.5,17788.71584613691,191043.73844427013,3341.6845131867144,0.04808183787138658
external:yap8|-1|0|all,Yap hubs (8),7000,Maersk,47,19,3,5,4,3,3,42,0,27.0,19129.28308522608,2542164.9418918313,15143.104298515991,0.6398114043084565
external:yap8|-1|0|all,Yap hubs (8),7000,Maersk (chartered),1,1,1,1,1,1,1,0,0,4.0,68.49922321370104,71.60330130104037,71.60330130104037,1.8021100048861224e-05
external:yap8|-1|0|all,Yap hubs (8),7000,OOCL,1,1,0,0,0,0,0,1,0,13.0,11580.95541574154,12426.19695719005,0.0,0.0031274219836721845
external:yap8|-1|0|all,Yap hubs (8),7000,X-Press Feeders,14,6,5,1,1,1,1,13,4,86.5,14485.235957344528,415682.0072745441,0.0,0.10461873831922294
external:bunker10|-1|0|all,top-10 bunker ports,7000,CMA CGM,14,7,3,4,4,3,3,10,0,36.0,17840.98601102247,482890.20560958155,1758.896255751681,0.12153368000895506
external:bunker10|-1|0|all,top-10 bunker ports,7000,COSCO Shipping,7,4,0,0,0,0,0,7,0,20.0,65569.26858368434,329024.88437723403,0.0,0.0828088964082579
external:bunker10|-1|0|all,top-10 bunker ports,7000,HMM,4,2,0,1,1,0,0,3,0,34.5,26578.72711978061,191043.73844427013,3341.6845131867144,0.04808183787138658
external:bunker10|-1|0|all,top-10 bunker ports,7000,Maersk,47,19,1,5,4,1,1,42,0,27.0,24137.25858100271,2542164.9418918313,15143.104298515991,0.6398114043084565
external:bunker10|-1|0|all,top-10 bunker ports,7000,Maersk (chartered),1,1,1,1,1,1,1,0,0,4.0,68.49922321370104,71.60330130104037,71.60330130104037,1.8021100048861224e-05
external:bunker10|-1|0|all,top-10 bunker ports,7000,OOCL,1,1,0,0,0,0,0,1,0,13.0,10682.866505909244,12426.19695719005,0.0,0.0031274219836721845
external:bunker10|-1|0|all,top-10 bunker ports,7000,X-Press Feeders,14,6,10,1,1,1,1,13,9,86.5,2703.651849989314,415682.0072745441,0.0,0.10461873831922294
volume|2024|0|all,"top 20 by calls, 2024",7000,CMA CGM,14,7,4,4,4,4,4,10,0,36.0,15694.697915332625,482890.20560958155,1758.896255751681,0.12153368000895506
volume|2024|0|all,"top 20 by calls, 2024",7000,COSCO Shipping,7,4,0,0,0,0,0,7,0,20.0,22103.45445926877,329024.88437723403,0.0,0.0828088964082579
volume|2024|0|all,"top 20 by calls, 2024",7000,HMM,4,2,0,1,1,0,0,3,0,34.5,22400.16348817898,191043.73844427013,3341.6845131867144,0.04808183787138658
volume|2024|0|all,"top 20 by calls, 2024",7000,Maersk,47,19,4,5,4,3,3,42,1,27.0,19703.48832414369,2542164.9418918313,15143.104298515991,0.6398114043084565
volume|2024|0|all,"top 20 by calls, 2024",7000,Maersk (chartered),1,1,1,1,1,1,1,0,0,4.0,71.60330130103102,71.60330130104037,71.60330130104037,1.8021100048861224e-05
volume|2024|0|all,"top 20 by calls, 2024",7000,OOCL,1,1,0,0,0,0,0,1,0,13.0,9333.033597277945,12426.19695719005,0.0,0.0031274219836721845
volume|2024|0|all,"top 20 by calls, 2024",7000,X-Press Feeders,14,6,7,1,1,1,1,13,6,86.5,5632.175363595364,415682.0072745441,0.0,0.10461873831922294
greedy|2024|7000|all,"20 chosen for continuity, 2024",7000,CMA CGM,14,7,6,4,4,4,4,10,2,36.0,8284.887235407252,482890.20560958155,1758.896255751681,0.12153368000895506
greedy|2024|7000|all,"20 chosen for continuity, 2024",7000,COSCO Shipping,7,4,0,0,0,0,0,7,0,20.0,15047.799620699489,329024.88437723403,0.0,0.0828088964082579
greedy|2024|7000|all,"20 chosen for continuity, 2024",7000,HMM,4,2,0,1,1,0,0,3,0,34.5,21927.01125031314,191043.73844427013,3341.6845131867144,0.04808183787138658
greedy|2024|7000|all,"20 chosen for continuity, 2024",7000,Maersk,47,19,3,5,4,3,3,42,0,27.0,15992.564919714585,2542164.9418918313,15143.104298515991,0.6398114043084565
greedy|2024|7000|all,"20 chosen for continuity, 2024",7000,Maersk (chartered),1,1,1,1,1,1,1,0,0,4.0,71.60330130103102,71.60330130104037,71.60330130104037,1.8021100048861224e-05
greedy|2024|7000|all,"20 chosen for continuity, 2024",7000,OOCL,1,1,0,0,0,0,0,1,0,13.0,9333.033597277945,12426.19695719005,0.0,0.0031274219836721845
greedy|2024|7000|all,"20 chosen for continuity, 2024",7000,X-Press Feeders,14,6,8,1,1,1,1,13,7,86.5,3791.811219295021,415682.0072745441,0.0,0.10461873831922294
greedy|2024|7000|container,"20 chosen for container continuity, 2024",7000,CMA CGM,14,7,4,4,4,4,4,10,0,36.0,15110.250920925057,482890.20560958155,1758.896255751681,0.12153368000895506
greedy|2024|7000|container,"20 chosen for container continuity, 2024",7000,COSCO Shipping,7,4,0,0,0,0,0,7,0,20.0,13542.420452839928,329024.88437723403,0.0,0.0828088964082579
greedy|2024|7000|container,"20 chosen for container continuity, 2024",7000,HMM,4,2,0,1,1,0,0,3,0,34.5,14881.684170777677,191043.73844427013,3341.6845131867144,0.04808183787138658
greedy|2024|7000|container,"20 chosen for container continuity, 2024",7000,Maersk,47,19,5,5,4,3,3,42,2,27.0,12232.251081416383,2542164.9418918313,15143.104298515991,0.6398114043084565
greedy|2024|7000|container,"20 chosen for container continuity, 2024",7000,Maersk (chartered),1,1,1,1,1,1,1,0,0,4.0,71.60330130103102,71.60330130104037,71.60330130104037,1.8021100048861224e-05
greedy|2024|7000|container,"20 chosen for container continuity, 2024",7000,OOCL,1,1,0,0,0,0,0,1,0,13.0,9333.033597277945,12426.19695719005,0.0,0.0031274219836721845
greedy|2024|7000|container,"20 chosen for container continuity, 2024",7000,X-Press Feeders,14,6,9,1,1,1,1,13,8,86.5,2413.7061496826354,415682.0072745441,0.0,0.10461873831922294
greedy|2019|7000|all,"20 chosen for continuity, 2019",7000,CMA CGM,14,7,4,4,4,4,4,10,0,36.0,8605.736438639695,482890.20560958155,1758.896255751681,0.12153368000895506
greedy|2019|7000|all,"20 chosen for continuity, 2019",7000,COSCO Shipping,7,4,0,0,0,0,0,7,0,20.0,13542.420452839928,329024.88437723403,0.0,0.0828088964082579
greedy|2019|7000|all,"20 chosen for continuity, 2019",7000,HMM,4,2,0,1,1,0,0,3,0,34.5,25165.586847845,191043.73844427013,3341.6845131867144,0.04808183787138658
greedy|2019|7000|all,"20 chosen for continuity, 2019",7000,Maersk,47,19,3,5,4,3,3,42,0,27.0,17968.13971687318,2542164.9418918313,15143.104298515991,0.6398114043084565
greedy|2019|7000|all,"20 chosen for continuity, 2019",7000,Maersk (chartered),1,1,1,1,1,1,1,0,0,4.0,71.60330130103102,71.60330130104037,71.60330130104037,1.8021100048861224e-05
greedy|2019|7000|all,"20 chosen for continuity, 2019",7000,OOCL,1,1,0,0,0,0,0,1,0,13.0,9333.033597277945,12426.19695719005,0.0,0.0031274219836721845
greedy|2019|7000|all,"20 chosen for continuity, 2019",7000,X-Press Feeders,14,6,8,1,1,1,1,13,7,86.5,3791.811219295021,415682.0072745441,0.0,0.10461873831922294
all|-1|0|all,all nodes,7000,CMA CGM,14,7,9,4,4,4,4,10,5,36.0,5825.242014082149,482890.20560958155,1758.896255751681,0.12153368000895506
all|-1|0|all,all nodes,7000,COSCO Shipping,7,4,0,0,0,0,0,7,0,20.0,8832.667141783633,329024.88437723403,0.0,0.0828088964082579
all|-1|0|all,all nodes,7000,HMM,4,2,1,1,1,1,1,3,0,34.5,9525.852487776196,191043.73844427013,3341.6845131867144,0.04808183787138658
all|-1|0|all,all nodes,7000,Maersk,47,19,7,5,4,3,3,42,4,27.0,10996.28586629522,2542164.9418918313,15143.104298515991,0.6398114043084565
all|-1|0|all,all nodes,7000,Maersk (chartered),1,1,1,1,1,1,1,0,0,4.0,68.49922321370104,71.60330130104037,71.60330130104037,1.8021100048861224e-05
all|-1|0|all,all nodes,7000,OOCL,1,1,0,0,0,0,0,1,0,13.0,8341.651136500761,12426.19695719005,0.0,0.0031274219836721845
all|-1|0|all,all nodes,7000,X-Press Feeders,14,6,13,1,1,1,1,13,12,86.5,933.8869143733756,415682.0072745441,0.0,0.10461873831922294
