set_key,label,range_nm,registered,pilot_share,pilot_lo,pilot_hi,pilot_ship_years,fleet_share,fleet_ship_years,pilot_median_req_lb,fleet_median_req_lb,reading
external:methanol6|-1|0|all,methanol ports named by DNV (6),5000,False,0.13636363636363635,0.060223034997131386,0.27469165103549015,88,0.030950819672131147,7625,20467.85905299103,79976.03012561798,pilot higher
external:methanol6|-1|0|all,methanol ports named by DNV (6),7000,False,0.13636363636363635,0.060223034997131386,0.27469165103549015,88,0.04262295081967213,7625,20467.85905299103,79976.03012561798,pilot higher
external:methanol6|-1|0|all,methanol ports named by DNV (6),10000,False,0.14772727272727273,0.06666666666666667,0.2880714465328074,88,0.06491803278688525,7625,20467.85905299103,79976.03012561798,pilot higher
external:methanol6|-1|0|all,methanol ports named by DNV (6),15000,False,0.29545454545454547,0.1771380071768781,0.4496174861528279,88,0.13495081967213116,7625,20467.85905299103,79976.03012561798,pilot higher
external:methanol6|-1|0|all,methanol ports named by DNV (6),20000,False,0.38636363636363635,0.2518434008813062,0.5407985398574194,88,0.17875409836065573,7625,20467.85905299103,79976.03012561798,pilot higher
external:yap4|-1|0|all,Yap hubs (4),5000,False,0.07954545454545454,0.028222777010106226,0.20455240372317823,88,0.021245901639344263,7625,22017.011796170613,73358.14707183838,pilot higher
external:yap4|-1|0|all,Yap hubs (4),7000,True,0.10227272727272728,0.04089636058200746,0.2333504320035319,88,0.03160655737704918,7625,22017.011796170613,73358.14707183838,pilot higher
external:yap4|-1|0|all,Yap hubs (4),10000,False,0.10227272727272728,0.04089636058200746,0.2333504320035319,88,0.04918032786885246,7625,22017.011796170613,73358.14707183838,consistent
external:yap4|-1|0|all,Yap hubs (4),15000,False,0.20454545454545456,0.10825704657772056,0.35261199934296583,88,0.1160655737704918,7625,22017.011796170613,73358.14707183838,consistent
external:yap4|-1|0|all,Yap hubs (4),20000,False,0.3181818181818182,0.1953213482335378,0.47290575694842313,88,0.16144262295081968,7625,22017.011796170613,73358.14707183838,pilot higher
external:yap8|-1|0|all,Yap hubs (8),5000,False,0.11363636363636363,0.04763152034759935,0.24735107816406746,88,0.04485245901639344,7625,16215.582215950824,30095.857494592667,pilot higher
external:yap8|-1|0|all,Yap hubs (8),7000,False,0.14772727272727273,0.06911856975724172,0.2880714465328074,88,0.07698360655737704,7625,16215.582215950824,30095.857494592667,consistent
external:yap8|-1|0|all,Yap hubs (8),10000,False,0.20454545454545456,0.10825704657772056,0.35261199934296583,88,0.10885245901639344,7625,16215.582215950824,30095.857494592667,consistent
external:yap8|-1|0|all,Yap hubs (8),15000,False,0.4659090909090909,0.3212032926067155,0.6165892896149021,88,0.23081967213114754,7625,16215.582215950824,30095.857494592667,pilot higher
external:yap8|-1|0|all,Yap hubs (8),20000,False,0.6363636363636364,0.4815179261251377,0.7673117449883917,88,0.3080655737704918,7625,16215.582215950824,30095.857494592667,pilot higher
external:bunker10|-1|0|all,top-10 bunker ports,5000,False,0.1590909090909091,0.07664713187025657,0.30127869034592003,88,0.05901639344262295,7625,19322.59615840885,33178.6699090004,pilot higher
external:bunker10|-1|0|all,top-10 bunker ports,7000,False,0.17045454545454544,0.08137195936915265,0.31432616456403173,88,0.09718032786885246,7625,19322.59615840885,33178.6699090004,consistent
external:bunker10|-1|0|all,top-10 bunker ports,10000,False,0.19318181818181818,0.09518272425249169,0.33998401393866207,88,0.1458360655737705,7625,19322.59615840885,33178.6699090004,consistent
external:bunker10|-1|0|all,top-10 bunker ports,15000,False,0.32954545454545453,0.20454107654963066,0.4844218345584577,88,0.26924590163934425,7625,19322.59615840885,33178.6699090004,consistent
external:bunker10|-1|0|all,top-10 bunker ports,20000,False,0.5113636363636364,0.36239557059878735,0.65834023532734,88,0.35160655737704916,7625,19322.59615840885,33178.6699090004,pilot higher
volume|2024|0|all,"top 20 by calls, 2024",5000,False,0.18181818181818182,0.09217263622824869,0.3272247978401829,88,0.17036065573770492,7625,15028.90803064131,18205.26696872711,consistent
volume|2024|0|all,"top 20 by calls, 2024",7000,False,0.19318181818181818,0.1001492260558969,0.33998401393866207,88,0.23318032786885245,7625,15028.90803064131,18205.26696872711,consistent
volume|2024|0|all,"top 20 by calls, 2024",10000,False,0.2840909090909091,0.16817924284795802,0.43784044455562054,88,0.3080655737704918,7625,15028.90803064131,18205.26696872711,consistent
volume|2024|0|all,"top 20 by calls, 2024",15000,False,0.48863636363636365,0.3416597646726599,0.6376044294012126,88,0.4403934426229508,7625,15028.90803064131,18205.26696872711,consistent
volume|2024|0|all,"top 20 by calls, 2024",20000,False,0.8522727272727273,0.7119285534671926,0.9340659340659341,88,0.5311475409836065,7625,15028.90803064131,18205.26696872711,pilot higher
greedy|2024|7000|all,"20 chosen for continuity, 2024",5000,False,0.17045454545454544,0.08433546357827228,0.31432616456403173,88,0.13481967213114754,7625,13331.049392406247,15947.650352478027,consistent
greedy|2024|7000|all,"20 chosen for continuity, 2024",7000,True,0.2159090909090909,0.11648894006522878,0.3651159117815851,88,0.20839344262295081,7625,13331.049392406247,15947.650352478027,consistent
greedy|2024|7000|all,"20 chosen for continuity, 2024",10000,False,0.3977272727272727,0.26153406713095634,0.5518436795338968,88,0.3160655737704918,7625,13331.049392406247,15947.650352478027,consistent
greedy|2024|7000|all,"20 chosen for continuity, 2024",15000,False,0.5909090909090909,0.4371851360831085,0.7287013113259111,88,0.4780327868852459,7625,13331.049392406247,15947.650352478027,consistent
greedy|2024|7000|all,"20 chosen for continuity, 2024",20000,False,0.8636363636363636,0.7253083489645099,0.9425287356321839,88,0.5825573770491803,7625,13331.049392406247,15947.650352478027,pilot higher
greedy|2024|7000|container,"20 chosen for container continuity, 2024",5000,False,0.19318181818181818,0.1001492260558969,0.33998401393866207,88,0.14937704918032788,7625,8541.76762654481,12639.941900253296,consistent
greedy|2024|7000|container,"20 chosen for container continuity, 2024",7000,False,0.2727272727272727,0.15931276950110534,0.4259711119763457,88,0.2444590163934426,7625,8541.76762654481,12639.941900253296,consistent
greedy|2024|7000|container,"20 chosen for container continuity, 2024",10000,False,0.5568181818181818,0.4047067749823955,0.6989722546482416,88,0.37744262295081965,7625,8541.76762654481,12639.941900253296,pilot higher
greedy|2024|7000|container,"20 chosen for container continuity, 2024",15000,False,0.8522727272727273,0.7119285534671926,0.9308814302427584,88,0.5767868852459016,7625,8541.76762654481,12639.941900253296,pilot higher
greedy|2024|7000|container,"20 chosen for container continuity, 2024",20000,False,0.9431818181818182,0.8255837763212631,0.9891304347826086,88,0.6864262295081968,7625,8541.76762654481,12639.941900253296,pilot higher
greedy|2019|7000|all,"20 chosen for continuity, 2019",5000,False,0.17045454545454544,0.08433546357827228,0.31432616456403173,88,0.12170491803278688,7625,14029.893713377389,15622.191771507263,consistent
greedy|2019|7000|all,"20 chosen for continuity, 2019",7000,False,0.19318181818181818,0.1001492260558969,0.33998401393866207,88,0.19567213114754098,7625,14029.893713377389,15622.191771507263,consistent
greedy|2019|7000|all,"20 chosen for continuity, 2019",10000,False,0.3409090909090909,0.21384334436575603,0.4958553726684597,88,0.30085245901639346,7625,14029.893713377389,15622.191771507263,consistent
greedy|2019|7000|all,"20 chosen for continuity, 2019",15000,False,0.5681818181818182,0.4154610965613712,0.7089537389953935,88,0.48550819672131146,7625,14029.893713377389,15622.191771507263,consistent
greedy|2019|7000|all,"20 chosen for continuity, 2019",20000,False,0.8863636363636364,0.7526489218359326,0.9550561797752809,88,0.5958032786885246,7625,14029.893713377389,15622.191771507263,pilot higher
all|-1|0|all,all nodes,5000,False,0.29545454545454547,0.1771380071768781,0.4496174861528279,88,0.5830819672131148,7625,7040.7057324191555,4101.719638347626,pilot lower
all|-1|0|all,all nodes,7000,False,0.4659090909090909,0.3212032926067155,0.6165892896149021,88,0.7306229508196721,7625,7040.7057324191555,4101.719638347626,pilot lower
all|-1|0|all,all nodes,10000,False,0.9659090909090909,0.8576151388460092,1.0,88,0.9198688524590164,7625,7040.7057324191555,4101.719638347626,consistent
all|-1|0|all,all nodes,15000,False,1.0,0.9123754607496077,1.0,88,1.0,7625,7040.7057324191555,4101.719638347626,consistent
all|-1|0|all,all nodes,20000,False,1.0,0.9123754607496077,1.0,88,1.0,7625,7040.7057324191555,4101.719638347626,consistent
