run,year,kind,group,n,median_ratio,q25,q75
out_cape,2022,shiptype_group,"Bulk Carrier-5,000-7,499dwt",8,0.9683964623071584,0.7724928894891662,1.1770812067388883
out_cape,2022,shiptype_group,"Bulk Carrier-7,500-9,999dwt",24,0.9876657033736227,0.7443497202243956,1.0976873028929344
out_cape,2022,shiptype_group,Bulk Carrier-Capesize,265,0.9074967477171934,0.5968425517797676,1.1443823362583978
out_cape,2022,shiptype_group,Bulk Carrier-Handymax,104,0.9527565365549926,0.6887665086919326,1.1714153598676775
out_cape,2022,shiptype_group,Bulk Carrier-Large Handy,1225,0.9371383063916204,0.6964865107981609,1.2515302950668727
out_cape,2022,shiptype_group,Bulk Carrier-Mini Capesize,54,0.8440578339143607,0.5697999083519354,1.2495588249929168
out_cape,2022,shiptype_group,Bulk Carrier-Newcastlemax,53,0.9289252308170446,0.7138709727082921,1.194108010860589
out_cape,2022,shiptype_group,Bulk Carrier-Pmax/Kamsarmax,857,0.9086427585849428,0.6431568253599576,1.2202766299325871
out_cape,2022,shiptype_group,Bulk Carrier-Post Panamax,90,1.011562000685775,0.7232632169608999,1.2603289622484126
out_cape,2022,shiptype_group,Bulk Carrier-Small Handy,142,1.0105032573991906,0.8284158903819814,1.3617706724895102
out_cape,2022,shiptype_group,Bulk Carrier-Supra/Ultramax,1283,0.850941090031754,0.5640207892133255,1.1977144643298867
out_cape,2022,shiptype_group,Bulk Carrier-VLOC,3,1.3860853108189652,1.2613829081045527,1.475034038834007
out_cape,2022,shiptype_group,Containership-Feedermax,194,1.0018841254300699,0.8138873818243479,1.1855196508499253
out_cape,2022,shiptype_group,Containership-Mega Container,85,0.6563985767999024,0.5120660987250827,0.8757009091751893
out_cape,2022,shiptype_group,Containership-New Panamax,131,0.6900997854635221,0.5224349864860398,0.9032639963532401
out_cape,2022,shiptype_group,Containership-Panamax,177,0.9806611118463711,0.8251780150646516,1.1244734822499733
out_cape,2022,shiptype_group,Containership-Post-Panamax,372,0.9381314863322944,0.7303333743915092,1.1099069426853418
out_cape,2022,shiptype_group,Containership-Regional Feeder,321,1.0402620838835923,0.8520306996194189,1.293956446422454
out_cape,2022,shiptype_group,Containership-Small Feeder,206,1.043550591288374,0.8513902620811099,1.2542791924286316
out_cape,2022,shiptype_group,Containership-Sub New Panamax,44,0.9567282728477063,0.8572089340714649,1.1084780667325986
out_cape,2022,shiptype_group,Containership-Sub-Panamax,69,0.9592727276273404,0.765858442602015,1.14646525498555
out_cape,2022,shiptype_group,Containership-ULCS,83,0.8608813764210381,0.7021821078747899,1.0220389683245745
out_cape,2022,shiptype_group,"General Cargo 10,000-14,999dwt",288,0.9676490015497219,0.7259549867167777,1.1752939721511795
out_cape,2022,shiptype_group,"General Cargo 15,000-19,999dwt",117,0.9507083299279906,0.6706439060050443,1.1403040740132258
out_cape,2022,shiptype_group,"General Cargo 20,000-29,999dwt",77,0.9755782770596201,0.6395180851236922,1.1872978377913463
out_cape,2022,shiptype_group,"General Cargo 5,000-9,999 dwt",421,1.0170986278195553,0.8220428309267209,1.2271406032638643
out_cape,2022,shiptype_group,"General Cargo <=4,999 dwt",7,1.5386465747741256,1.2572742968030597,1.614851331729863
out_cape,2022,shiptype_group,"General Cargo =>30,000dwt",73,0.8594165329727664,0.6023713339666261,1.2806426592928641
out_cape,2022,shiptype_group,LNG-Conventional Gas Carrier,57,0.7325190218773713,0.5369659442048096,1.101865229548334
out_cape,2022,shiptype_group,LNG-New Panamax,236,0.9325563656425648,0.6011977751317533,1.3238064249372585
out_cape,2022,shiptype_group,LNG-Q Flex,28,0.7099226545874359,0.6099176533764302,0.9283993957048156
out_cape,2022,shiptype_group,LNG-Q Max,8,0.5261366144918157,0.4430071042741576,0.6592979550764414
out_cape,2022,shiptype_group,LNG-Small Gas Carrier,4,0.7892802421490797,0.7602756264297672,0.8204705774289416
out_cape,2022,shiptype_group,LPG-Large Gas Carrier,16,0.9474787818327776,0.8763256633443993,1.1510315918535294
out_cape,2022,shiptype_group,LPG-Medium Gas Carrier,104,0.9662310086030379,0.743532005859278,1.2053984509363374
out_cape,2022,shiptype_group,LPG-Small Gas Carrier,133,0.9863786490226093,0.8066457648957693,1.2633719126814211
out_cape,2022,shiptype_group,LPG-Very Large Gas Carrier,71,0.8793826265654338,0.6748671220253907,1.0773124163473415
out_cape,2022,shiptype_group,"PCC/PCTC 1,000-1,499 cars",5,1.1372687055710213,0.9608509587296974,1.2823448862683635
out_cape,2022,shiptype_group,"PCC/PCTC 1,500-1,999 cars",5,1.0293009303590848,0.8008281439610503,1.0653140875165987
out_cape,2022,shiptype_group,"PCC/PCTC 2,000-2,999 cars",15,1.0136404314052727,0.9191196163992785,1.2415767250456187
out_cape,2022,shiptype_group,"PCC/PCTC 3,000-3,999 cars",24,0.9891486414782169,0.7089973953501818,1.1382388946819197
out_cape,2022,shiptype_group,PCC/PCTC 500-999 cars,10,1.0979693639943813,0.972568995698479,1.1599205677392805
out_cape,2022,shiptype_group,"PCC/PCTC => 4,000 cars",413,0.872063226077714,0.6137996145274812,1.1307780236756673
out_cape,2022,shiptype_group,"Reefer-5,000-7,999dwt",33,1.0186366330808239,0.7357202835738694,1.335324825890237
out_cape,2022,shiptype_group,"Reefer-=>8,000dwt",106,0.9890791534037298,0.8352924687380645,1.4024588110621279
out_cape,2022,shiptype_group,"Tanker-5,000-7,499dwt",12,0.8959533273588094,0.6403374829994147,1.0612368917684951
out_cape,2022,shiptype_group,"Tanker-7,500-9,999dwt",114,1.0278910622238273,0.8426668127715586,1.2063729379816353
out_cape,2022,shiptype_group,Tanker-Aframax,311,0.9503483428539189,0.7549923328929906,1.2759532804845604
out_cape,2022,shiptype_group,Tanker-Handy,549,0.9241122430810319,0.7155895284788352,1.156811840591288
out_cape,2022,shiptype_group,Tanker-LR1,155,0.9570854156965781,0.6543458572464986,1.2895591213023732
out_cape,2022,shiptype_group,Tanker-LR2,248,0.8123231427131619,0.6078050391848808,1.1570458393308367
out_cape,2022,shiptype_group,Tanker-MR1,370,0.9432667904511169,0.7503934812456257,1.2066398349124252
out_cape,2022,shiptype_group,Tanker-MR2,849,0.875479507285697,0.6421423133644634,1.137107953059661
out_cape,2022,shiptype_group,Tanker-Panamax,7,0.8434846640202746,0.6385770323079282,0.985320069457517
out_cape,2022,shiptype_group,Tanker-Suezmax,363,0.8797212529044329,0.6244848329562387,1.2548295624927164
out_cape,2022,shiptype_group,Tanker-VLCC,136,1.0405931322370696,0.7940813278019508,1.3847725387071494
out_cape,2023,shiptype_group,"Bulk Carrier-5,000-7,499dwt",8,0.8548274214288689,0.827548188399818,0.8875028425544065
out_cape,2023,shiptype_group,"Bulk Carrier-7,500-9,999dwt",24,0.9869124292100737,0.8460815289508885,1.2718561453595898
out_cape,2023,shiptype_group,Bulk Carrier-Capesize,203,0.9128106243658319,0.6456755490321375,1.2279943440096874
out_cape,2023,shiptype_group,Bulk Carrier-Handymax,111,0.9465979071336467,0.6812562669457447,1.1485859618753165
out_cape,2023,shiptype_group,Bulk Carrier-Large Handy,1208,0.9527635339297925,0.699316688197269,1.3207202929090998
out_cape,2023,shiptype_group,Bulk Carrier-Mini Capesize,33,1.1298562525714737,0.6608871425540325,1.3576522981221386
out_cape,2023,shiptype_group,Bulk Carrier-Newcastlemax,28,0.9785537988665967,0.6511808385881137,1.0981753425539014
out_cape,2023,shiptype_group,Bulk Carrier-Pmax/Kamsarmax,672,0.851366987913599,0.5588210072116115,1.2368395662141844
out_cape,2023,shiptype_group,Bulk Carrier-Post Panamax,76,0.890125786367562,0.5405086801148004,1.2354448585505664
out_cape,2023,shiptype_group,Bulk Carrier-Small Handy,140,1.009313996864627,0.7504969184763496,1.3453026172767446
out_cape,2023,shiptype_group,Bulk Carrier-Supra/Ultramax,1167,0.8224512923627709,0.5340587928485765,1.2034679329114653
out_cape,2023,shiptype_group,Bulk Carrier-VLOC,3,1.0885829531171136,1.0526464292108346,1.1370315680363712
out_cape,2023,shiptype_group,Containership-Feedermax,212,0.9978330734252452,0.8231577794060512,1.1823981564298296
out_cape,2023,shiptype_group,Containership-Mega Container,87,0.7172819726240095,0.5036982504050804,0.9761198214934963
out_cape,2023,shiptype_group,Containership-New Panamax,113,0.8787592536896214,0.6396042645901979,1.1010876952883952
out_cape,2023,shiptype_group,Containership-Panamax,198,0.9987134242286186,0.81776391892513,1.2131118801562872
out_cape,2023,shiptype_group,Containership-Post-Panamax,390,0.9806930690828345,0.8176608799393189,1.1663736441978925
out_cape,2023,shiptype_group,Containership-Regional Feeder,289,1.007336701298958,0.8336351818888668,1.2044203284382287
out_cape,2023,shiptype_group,Containership-Small Feeder,205,0.997256003720673,0.8564492948625816,1.1999884647846752
out_cape,2023,shiptype_group,Containership-Sub New Panamax,46,0.9972945934729517,0.8330231126298909,1.1756399894026537
out_cape,2023,shiptype_group,Containership-Sub-Panamax,72,1.0198387674138052,0.9120651959528434,1.2707632575106844
out_cape,2023,shiptype_group,Containership-ULCS,82,0.8639280066939422,0.6372527137795946,1.1842038908465584
out_cape,2023,shiptype_group,"General Cargo 10,000-14,999dwt",301,0.9714113145850372,0.7460513024316817,1.1883947059988464
out_cape,2023,shiptype_group,"General Cargo 15,000-19,999dwt",112,0.9538292432301654,0.7092013415975468,1.1947855473217304
out_cape,2023,shiptype_group,"General Cargo 20,000-29,999dwt",81,0.9905519957177885,0.6060924732503641,1.1926785054922906
out_cape,2023,shiptype_group,"General Cargo 5,000-9,999 dwt",401,1.0078223629768996,0.7696064552899644,1.2140198669654763
out_cape,2023,shiptype_group,"General Cargo <=4,999 dwt",7,1.5638199622349311,0.9321730819426675,1.7197334052871152
out_cape,2023,shiptype_group,"General Cargo =>30,000dwt",70,0.8233729011412936,0.6164132794171824,1.1750196404650977
out_cape,2023,shiptype_group,LNG-Conventional Gas Carrier,49,0.7979157659658721,0.7137827402934988,1.0459079265823776
out_cape,2023,shiptype_group,LNG-New Panamax,221,0.9939539024824097,0.7151257345276403,1.3404610635076541
out_cape,2023,shiptype_group,LNG-Q Flex,30,0.5888864310415823,0.4464646691829809,0.8413264110293085
out_cape,2023,shiptype_group,LNG-Q Max,4,0.34357509813881315,0.3063006861086288,0.3766053502895034
out_cape,2023,shiptype_group,LNG-Small Gas Carrier,3,0.8378664176598076,0.6952828104561231,0.9426602484809017
out_cape,2023,shiptype_group,LPG-Large Gas Carrier,13,0.9516061165291063,0.7925715298259133,1.121870599903635
out_cape,2023,shiptype_group,LPG-Medium Gas Carrier,93,1.0222262614083704,0.830173106448671,1.3586783119313
out_cape,2023,shiptype_group,LPG-Small Gas Carrier,123,0.965657832957505,0.6956947229288765,1.1678815125196333
out_cape,2023,shiptype_group,LPG-Very Large Gas Carrier,58,0.9431465733602364,0.7686934890343872,1.1174838018569773
out_cape,2023,shiptype_group,"PCC/PCTC 1,000-1,499 cars",5,1.2644763667417664,1.0516964392051433,1.3287483058112466
out_cape,2023,shiptype_group,"PCC/PCTC 1,500-1,999 cars",5,1.015182731316756,0.8455938886715969,1.0996757559182597
out_cape,2023,shiptype_group,"PCC/PCTC 2,000-2,999 cars",15,1.3961050977179523,0.9972630693170673,1.5534563877881915
out_cape,2023,shiptype_group,"PCC/PCTC 3,000-3,999 cars",23,1.0046659357946994,0.8899800808219616,1.1953267374258791
out_cape,2023,shiptype_group,PCC/PCTC 500-999 cars,7,1.0645220547191867,1.0481078107855524,1.1166659573461712
out_cape,2023,shiptype_group,"PCC/PCTC => 4,000 cars",397,0.85641045956788,0.6330748970426661,1.1305892907343593
out_cape,2023,shiptype_group,"Reefer-5,000-7,999dwt",29,1.0439328324227233,0.782598966867445,1.7866507574615376
out_cape,2023,shiptype_group,"Reefer-=>8,000dwt",106,1.0089461846906813,0.8120093175430608,1.446432373691015
out_cape,2023,shiptype_group,"Tanker-5,000-7,499dwt",13,0.8038655514457975,0.6672219721126437,1.2086972861984304
out_cape,2023,shiptype_group,"Tanker-7,500-9,999dwt",118,0.9836300919043872,0.7723273213626194,1.2052118255681052
out_cape,2023,shiptype_group,Tanker-Aframax,259,0.9767920747678428,0.7559570637664524,1.2453046054183352
out_cape,2023,shiptype_group,Tanker-Handy,535,0.942910858045005,0.7524188191791898,1.1790491395218226
out_cape,2023,shiptype_group,Tanker-LR1,132,0.8972898240578725,0.5878210729867636,1.2493942852521094
out_cape,2023,shiptype_group,Tanker-LR2,231,0.8107185418139907,0.5384446137735908,1.1130522871917568
out_cape,2023,shiptype_group,Tanker-MR1,321,0.9413539338625694,0.7210923507016403,1.205537653298354
out_cape,2023,shiptype_group,Tanker-MR2,745,0.9716430023573649,0.7020345319870215,1.3341683881759807
out_cape,2023,shiptype_group,Tanker-Panamax,6,1.0185434482193791,0.7683122381212939,1.2582480044863495
out_cape,2023,shiptype_group,Tanker-Suezmax,351,0.8644929759200003,0.6192390808418728,1.1638138436273753
out_cape,2023,shiptype_group,Tanker-VLCC,121,1.007927496088592,0.8318860953621721,1.3246152261000985
out_cape,2024,shiptype_group,"Bulk Carrier-5,000-7,499dwt",8,0.9292771844424649,0.8168253150780468,1.0277761723275254
out_cape,2024,shiptype_group,"Bulk Carrier-7,500-9,999dwt",26,0.8633860073039692,0.6850526008126467,1.0942007272614114
out_cape,2024,shiptype_group,Bulk Carrier-Capesize,154,0.9513926574838982,0.6959532695469325,1.1559141523763712
out_cape,2024,shiptype_group,Bulk Carrier-Handymax,104,0.8895478304515182,0.6853707848973121,1.1704074061593464
out_cape,2024,shiptype_group,Bulk Carrier-Large Handy,1168,0.9485575000912421,0.6955795619108976,1.3093450779416842
out_cape,2024,shiptype_group,Bulk Carrier-Mini Capesize,38,0.9478630518858542,0.7839349399217321,1.2029645971398666
out_cape,2024,shiptype_group,Bulk Carrier-Newcastlemax,16,0.8959215412357467,0.7462085141947669,1.166003484523792
out_cape,2024,shiptype_group,Bulk Carrier-Pmax/Kamsarmax,685,0.9118772453805658,0.6464960972127489,1.158757787312371
out_cape,2024,shiptype_group,Bulk Carrier-Post Panamax,69,0.9554419047583939,0.7111279332376736,1.3667089324936759
out_cape,2024,shiptype_group,Bulk Carrier-Small Handy,143,0.9652599553599028,0.7655637785870335,1.1531264645950619
out_cape,2024,shiptype_group,Bulk Carrier-Supra/Ultramax,1050,0.923747743143096,0.6352059554521537,1.3415108853668187
out_cape,2024,shiptype_group,Bulk Carrier-VLOC,8,1.1737427957977675,1.0699878966511323,1.2833933265939839
out_cape,2024,shiptype_group,Containership-Feedermax,202,0.9243007006936248,0.7196707556090451,1.1009812155046315
out_cape,2024,shiptype_group,Containership-Mega Container,76,0.738724305100088,0.5880452495061204,0.9634393130919363
out_cape,2024,shiptype_group,Containership-New Panamax,121,0.9597477774472379,0.6993425813812407,1.1644158625928733
out_cape,2024,shiptype_group,Containership-Panamax,193,0.9076574185132528,0.6992436752511387,1.0946672605862524
out_cape,2024,shiptype_group,Containership-Post-Panamax,389,0.9256162809298875,0.6344931493087086,1.1374894634631003
out_cape,2024,shiptype_group,Containership-Regional Feeder,317,0.9521325946060257,0.7563792101570215,1.1565570776577971
out_cape,2024,shiptype_group,Containership-Small Feeder,214,0.935090368938043,0.795240222116631,1.1185209848066886
out_cape,2024,shiptype_group,Containership-Sub New Panamax,45,0.6889927803702035,0.304451347330326,1.031844119521732
out_cape,2024,shiptype_group,Containership-Sub-Panamax,66,0.8285192305165059,0.6469605010725353,0.9989208853702218
out_cape,2024,shiptype_group,Containership-ULCS,79,0.49590632967552284,0.16866413244792033,0.8265504776804647
out_cape,2024,shiptype_group,"General Cargo 10,000-14,999dwt",298,0.9615914677905422,0.7706455831053429,1.193899344760736
out_cape,2024,shiptype_group,"General Cargo 15,000-19,999dwt",108,0.9323963543273481,0.6467003292657737,1.1495672496679852
out_cape,2024,shiptype_group,"General Cargo 20,000-29,999dwt",78,0.9875961821805119,0.672973187960822,1.1489557859064177
out_cape,2024,shiptype_group,"General Cargo 5,000-9,999 dwt",419,0.9756221518116085,0.7586460084726339,1.1984117367053106
out_cape,2024,shiptype_group,"General Cargo <=4,999 dwt",7,1.4884468413282141,1.1799986392982742,1.5700121651896422
out_cape,2024,shiptype_group,"General Cargo =>30,000dwt",66,0.9274595343977747,0.7115593163460526,1.2212439966970436
out_cape,2024,shiptype_group,LNG-Conventional Gas Carrier,33,0.880027809037774,0.789340908836258,1.3835654894240055
out_cape,2024,shiptype_group,LNG-New Panamax,186,1.0479140416154047,0.7273255791767952,1.5423527837119604
out_cape,2024,shiptype_group,LNG-Q Flex,21,1.293465034957861,1.1421662339472913,1.5672485452381455
out_cape,2024,shiptype_group,LNG-Q Max,1,0.7775498235916986,0.7775498235916986,0.7775498235916986
out_cape,2024,shiptype_group,LNG-Small Gas Carrier,3,0.780897813139339,0.7537333872486542,0.7864875287989199
out_cape,2024,shiptype_group,LPG-Large Gas Carrier,15,1.1623252586643087,0.824483621146721,1.561816796222116
out_cape,2024,shiptype_group,LPG-Medium Gas Carrier,87,0.9253603776178793,0.7669925806313258,1.205479006371772
out_cape,2024,shiptype_group,LPG-Small Gas Carrier,113,0.9263713027691681,0.7231131425893857,1.159669461463902
out_cape,2024,shiptype_group,LPG-Very Large Gas Carrier,45,0.8446696950539974,0.6638171207928182,1.2915493800528828
out_cape,2024,shiptype_group,"PCC/PCTC 1,000-1,499 cars",7,1.1693509279481122,0.6365127091826763,1.3710713293227172
out_cape,2024,shiptype_group,"PCC/PCTC 1,500-1,999 cars",5,0.929965746246317,0.8280514319527873,1.0766606718836604
out_cape,2024,shiptype_group,"PCC/PCTC 2,000-2,999 cars",14,1.121744356090344,0.9383931790753524,1.3063189928557803
out_cape,2024,shiptype_group,"PCC/PCTC 3,000-3,999 cars",20,0.9671789076484852,0.7957014449648533,1.225095555056523
out_cape,2024,shiptype_group,PCC/PCTC 500-999 cars,11,1.1595413538580077,0.9410544996997862,1.2426900674783308
out_cape,2024,shiptype_group,"PCC/PCTC => 4,000 cars",367,1.0931960212125327,0.819726115983074,1.32357096404961
out_cape,2024,shiptype_group,"Reefer-5,000-7,999dwt",21,0.7921775040749436,0.5530532744048375,1.6890479752567846
out_cape,2024,shiptype_group,"Reefer-=>8,000dwt",91,1.0114606872769314,0.7655479509362575,1.4467128347861635
out_cape,2024,shiptype_group,"Tanker-5,000-7,499dwt",14,0.9044099820215421,0.6872088369670475,1.0737436753213707
out_cape,2024,shiptype_group,"Tanker-7,500-9,999dwt",119,0.9682830787871416,0.8074960413612747,1.185703359070302
out_cape,2024,shiptype_group,Tanker-Aframax,226,0.9181083395027434,0.7076503018419233,1.1725796235457375
out_cape,2024,shiptype_group,Tanker-Handy,539,0.9466743791518396,0.7338067385749705,1.1963853813769374
out_cape,2024,shiptype_group,Tanker-LR1,106,0.9730104684267409,0.6683627087581667,1.3052337476193232
out_cape,2024,shiptype_group,Tanker-LR2,208,0.9995752687863619,0.6996001070734207,1.3425471015367938
out_cape,2024,shiptype_group,Tanker-MR1,289,0.964570866892364,0.7714498408201154,1.207792677994341
out_cape,2024,shiptype_group,Tanker-MR2,711,0.9548146285355469,0.7360785447645883,1.2599703907771231
out_cape,2024,shiptype_group,Tanker-Panamax,3,0.6690637320123455,0.6053883650325602,0.972188022874374
out_cape,2024,shiptype_group,Tanker-Suezmax,339,0.9489117673417334,0.6795695852582837,1.324033792872818
out_cape,2024,shiptype_group,Tanker-VLCC,121,0.9699989934585798,0.7088135384506747,1.3770644437945911
out_cape,2022,group,bulk,3844,0.9079234555064604,0.6413292875726972,1.2276096256942173
out_cape,2022,group,container,1682,0.9566277410491337,0.7516510976328398,1.1528336060943363
out_cape,2022,group,gas,657,0.9154610171606578,0.6815551271368823,1.212994188881507
out_cape,2022,group,general,1381,0.9755782770596201,0.7455982871310675,1.188764597238434
out_cape,2022,group,roro,477,0.9045144629323277,0.6303075595104133,1.1355686628009198
out_cape,2022,group,tanker,3114,0.9111044932375842,0.6845174383345415,1.1924441222781166
out_cape,2023,group,bulk,3405,0.8913234893876084,0.6156133718093163,1.268908703416463
out_cape,2023,group,container,1694,0.980471229490693,0.7847515818026777,1.169375602499199
out_cape,2023,group,gas,594,0.9604274031001878,0.7071030130552751,1.2428951904309478
out_cape,2023,group,general,1369,0.9675174212308834,0.7320381894861502,1.2140198669654763
out_cape,2023,group,roro,458,0.8827574463908098,0.6424598628116962,1.1482723672036528
out_cape,2023,group,tanker,2832,0.9381591290162813,0.7034053660375204,1.2338673564647717
out_cape,2024,group,bulk,3204,0.9307105431827783,0.6589885984802596,1.2657003698436
out_cape,2024,group,container,1702,0.9028323924597357,0.6764778042301782,1.1095103192419864
out_cape,2024,group,gas,504,0.9676970750301009,0.743088389263502,1.3648812502537293
out_cape,2024,group,general,1350,0.9730828826353328,0.7490744172206468,1.202926179454414
out_cape,2024,group,roro,427,1.0910899945931138,0.8274485765632699,1.3186253417266955
out_cape,2024,group,tanker,2675,0.9547563740533004,0.726403687348915,1.2437263280587159
out_allid,2022,shiptype_group,"Bulk Carrier-5,000-7,499dwt",8,0.9683964623071584,0.7724928894891662,1.1770812067388883
out_allid,2022,shiptype_group,"Bulk Carrier-7,500-9,999dwt",24,0.9876657033736227,0.7443497202243956,1.0976873028929344
out_allid,2022,shiptype_group,Bulk Carrier-Capesize,265,0.8796905208480292,0.595704572259182,1.1442563641607866
out_allid,2022,shiptype_group,Bulk Carrier-Handymax,104,0.9527565365549926,0.6887665086919326,1.1714153598676775
out_allid,2022,shiptype_group,Bulk Carrier-Large Handy,1225,0.9356293820288203,0.6946174606801349,1.246223791865236
out_allid,2022,shiptype_group,Bulk Carrier-Mini Capesize,54,0.8440578339143607,0.5697999083519354,1.2259833383441987
out_allid,2022,shiptype_group,Bulk Carrier-Newcastlemax,53,0.914712566143273,0.7138709727082921,1.194108010860589
out_allid,2022,shiptype_group,Bulk Carrier-Pmax/Kamsarmax,857,0.8960282567051684,0.629722805077042,1.2068906384025662
out_allid,2022,shiptype_group,Bulk Carrier-Post Panamax,90,1.011562000685775,0.7232632169608999,1.2603289622484126
out_allid,2022,shiptype_group,Bulk Carrier-Small Handy,142,1.0105032573991906,0.8284158903819814,1.3617706724895102
out_allid,2022,shiptype_group,Bulk Carrier-Supra/Ultramax,1283,0.847163832170181,0.5587538286903839,1.193616531435107
out_allid,2022,shiptype_group,Bulk Carrier-VLOC,3,1.3860853108189652,1.2613829081045527,1.475034038834007
out_allid,2022,shiptype_group,Containership-Feedermax,194,1.0018841254300699,0.8048234657114353,1.1855196508499253
out_allid,2022,shiptype_group,Containership-Mega Container,85,0.653887772962079,0.4933859891940081,0.8757009091751893
out_allid,2022,shiptype_group,Containership-New Panamax,131,0.6900997854635221,0.5224349864860398,0.8896891637917848
out_allid,2022,shiptype_group,Containership-Panamax,177,0.9806611118463711,0.8251780150646516,1.1244734822499733
out_allid,2022,shiptype_group,Containership-Post-Panamax,372,0.9325291200836341,0.7301438317124656,1.1099069426853418
out_allid,2022,shiptype_group,Containership-Regional Feeder,321,1.0402620838835923,0.8520306996194189,1.293956446422454
out_allid,2022,shiptype_group,Containership-Small Feeder,206,1.043550591288374,0.8513902620811099,1.2542791924286316
out_allid,2022,shiptype_group,Containership-Sub New Panamax,44,0.9567282728477063,0.8572089340714649,1.1084780667325986
out_allid,2022,shiptype_group,Containership-Sub-Panamax,69,0.9592727276273404,0.765858442602015,1.14646525498555
out_allid,2022,shiptype_group,Containership-ULCS,83,0.8533872848856976,0.6886344457614701,1.0170857474085842
out_allid,2022,shiptype_group,"General Cargo 10,000-14,999dwt",288,0.9676490015497219,0.7259549867167777,1.1737611805282633
out_allid,2022,shiptype_group,"General Cargo 15,000-19,999dwt",117,0.9507083299279906,0.6706439060050443,1.1403040740132258
out_allid,2022,shiptype_group,"General Cargo 20,000-29,999dwt",77,0.9755782770596201,0.6395180851236922,1.1872978377913463
out_allid,2022,shiptype_group,"General Cargo 5,000-9,999 dwt",421,1.015542553694324,0.8182989394258587,1.2271406032638643
out_allid,2022,shiptype_group,"General Cargo <=4,999 dwt",7,1.5386465747741256,1.2572742968030597,1.614851331729863
out_allid,2022,shiptype_group,"General Cargo =>30,000dwt",73,0.8594165329727664,0.6023713339666261,1.2806426592928641
out_allid,2022,shiptype_group,LNG-Conventional Gas Carrier,57,0.7325190218773713,0.5369659442048096,1.101865229548334
out_allid,2022,shiptype_group,LNG-New Panamax,236,0.9325563656425648,0.6011977751317533,1.3238064249372585
out_allid,2022,shiptype_group,LNG-Q Flex,28,0.7099226545874359,0.6099176533764302,0.9283993957048156
out_allid,2022,shiptype_group,LNG-Q Max,8,0.5261366144918157,0.4430071042741576,0.6592979550764414
out_allid,2022,shiptype_group,LNG-Small Gas Carrier,4,0.7892802421490797,0.7602756264297672,0.8204705774289416
out_allid,2022,shiptype_group,LPG-Large Gas Carrier,16,0.9474787818327776,0.8763256633443993,1.1510315918535294
out_allid,2022,shiptype_group,LPG-Medium Gas Carrier,104,0.9662310086030379,0.743532005859278,1.2053984509363374
out_allid,2022,shiptype_group,LPG-Small Gas Carrier,133,0.9863786490226093,0.8066457648957693,1.2633719126814211
out_allid,2022,shiptype_group,LPG-Very Large Gas Carrier,71,0.8793826265654338,0.6748671220253907,1.0773124163473415
out_allid,2022,shiptype_group,"PCC/PCTC 1,000-1,499 cars",5,1.1372687055710213,0.9608509587296974,1.2823448862683635
out_allid,2022,shiptype_group,"PCC/PCTC 1,500-1,999 cars",5,1.0293009303590848,0.8008281439610503,1.0653140875165987
out_allid,2022,shiptype_group,"PCC/PCTC 2,000-2,999 cars",15,1.0136404314052727,0.9191196163992785,1.2415767250456187
out_allid,2022,shiptype_group,"PCC/PCTC 3,000-3,999 cars",24,0.9891486414782169,0.7079359931251794,1.1382388946819197
out_allid,2022,shiptype_group,PCC/PCTC 500-999 cars,10,1.0979693639943813,0.972568995698479,1.1599205677392805
out_allid,2022,shiptype_group,"PCC/PCTC => 4,000 cars",413,0.8640212081437884,0.6123923478913311,1.1160586036475424
out_allid,2022,shiptype_group,"Reefer-5,000-7,999dwt",33,1.0186366330808239,0.7357202835738694,1.335324825890237
out_allid,2022,shiptype_group,"Reefer-=>8,000dwt",106,0.9890791534037298,0.8352924687380645,1.4024588110621279
out_allid,2022,shiptype_group,"Tanker-5,000-7,499dwt",12,0.8959533273588094,0.6403374829994147,1.0612368917684951
out_allid,2022,shiptype_group,"Tanker-7,500-9,999dwt",114,1.0278910622238273,0.8426668127715586,1.2063729379816353
out_allid,2022,shiptype_group,Tanker-Aframax,311,0.9503483428539189,0.7549923328929906,1.2691897758898318
out_allid,2022,shiptype_group,Tanker-Handy,549,0.9241122430810319,0.7155895284788352,1.1561081046761097
out_allid,2022,shiptype_group,Tanker-LR1,155,0.9537343066011851,0.6543458572464986,1.2895591213023732
out_allid,2022,shiptype_group,Tanker-LR2,248,0.8111188439970642,0.6078050391848808,1.1570458393308367
out_allid,2022,shiptype_group,Tanker-MR1,370,0.9432667904511169,0.7503934812456257,1.2066398349124252
out_allid,2022,shiptype_group,Tanker-MR2,849,0.8742775802305272,0.6421423133644634,1.1359233761612766
out_allid,2022,shiptype_group,Tanker-Panamax,7,0.8434846640202746,0.6385770323079282,0.985320069457517
out_allid,2022,shiptype_group,Tanker-Suezmax,363,0.8574342787595804,0.6176798382337693,1.2311176895750289
out_allid,2022,shiptype_group,Tanker-VLCC,136,0.9365381259980304,0.6558557641508593,1.328062813738328
out_allid,2023,shiptype_group,"Bulk Carrier-5,000-7,499dwt",8,0.8548274214288689,0.827548188399818,0.8875028425544065
out_allid,2023,shiptype_group,"Bulk Carrier-7,500-9,999dwt",24,0.9869124292100737,0.8460815289508885,1.2718561453595898
out_allid,2023,shiptype_group,Bulk Carrier-Capesize,203,0.8944281740489826,0.6422850690622346,1.2105776011262266
out_allid,2023,shiptype_group,Bulk Carrier-Handymax,111,0.9465979071336467,0.6812562669457447,1.1485859618753165
out_allid,2023,shiptype_group,Bulk Carrier-Large Handy,1208,0.951374382524337,0.6988134435602656,1.3165790791188694
out_allid,2023,shiptype_group,Bulk Carrier-Mini Capesize,33,1.1298562525714737,0.6608871425540325,1.3576522981221386
out_allid,2023,shiptype_group,Bulk Carrier-Newcastlemax,28,0.9785537988665967,0.6511808385881137,1.0981753425539014
out_allid,2023,shiptype_group,Bulk Carrier-Pmax/Kamsarmax,672,0.8457915393772781,0.5523311909615647,1.2157009435559776
out_allid,2023,shiptype_group,Bulk Carrier-Post Panamax,76,0.890125786367562,0.5405086801148004,1.2354448585505664
out_allid,2023,shiptype_group,Bulk Carrier-Small Handy,140,1.009313996864627,0.7504969184763496,1.3453026172767446
out_allid,2023,shiptype_group,Bulk Carrier-Supra/Ultramax,1167,0.8120773237488252,0.529936256658807,1.2013204179522678
out_allid,2023,shiptype_group,Bulk Carrier-VLOC,3,1.0885829531171136,1.0526464292108346,1.1370315680363712
out_allid,2023,shiptype_group,Containership-Feedermax,212,0.99743594200707,0.8132791699973039,1.165158708274985
out_allid,2023,shiptype_group,Containership-Mega Container,87,0.6862358649300457,0.4530042047078523,0.8408961294617869
out_allid,2023,shiptype_group,Containership-New Panamax,113,0.7778971004198032,0.5955608292284087,1.0186402466974704
out_allid,2023,shiptype_group,Containership-Panamax,198,0.9987134242286186,0.81776391892513,1.2063172548928203
out_allid,2023,shiptype_group,Containership-Post-Panamax,390,0.9575413623310256,0.8085904368139308,1.1456827546741701
out_allid,2023,shiptype_group,Containership-Regional Feeder,289,1.007336701298958,0.8336351818888668,1.2044203284382287
out_allid,2023,shiptype_group,Containership-Small Feeder,205,0.997256003720673,0.8564492948625816,1.1999884647846752
out_allid,2023,shiptype_group,Containership-Sub New Panamax,46,0.9972945934729517,0.8330231126298909,1.1595425846209566
out_allid,2023,shiptype_group,Containership-Sub-Panamax,72,1.0198387674138052,0.9120651959528434,1.2707632575106844
out_allid,2023,shiptype_group,Containership-ULCS,82,0.8161392746482712,0.6372527137795946,1.1842038908465584
out_allid,2023,shiptype_group,"General Cargo 10,000-14,999dwt",301,0.9623482060060407,0.7460513024316817,1.1883947059988464
out_allid,2023,shiptype_group,"General Cargo 15,000-19,999dwt",112,0.9538292432301654,0.69828084363565,1.1897029570516549
out_allid,2023,shiptype_group,"General Cargo 20,000-29,999dwt",81,0.9905519957177885,0.6060924732503641,1.1926785054922906
out_allid,2023,shiptype_group,"General Cargo 5,000-9,999 dwt",401,1.0074769130872658,0.7696064552899644,1.2140198669654763
out_allid,2023,shiptype_group,"General Cargo <=4,999 dwt",7,1.5638199622349311,0.9321730819426675,1.7197334052871152
out_allid,2023,shiptype_group,"General Cargo =>30,000dwt",70,0.8233729011412936,0.6164132794171824,1.1750196404650977
out_allid,2023,shiptype_group,LNG-Conventional Gas Carrier,49,0.7979157659658721,0.6989388257302763,1.0459079265823776
out_allid,2023,shiptype_group,LNG-New Panamax,221,0.9863960221901826,0.7151257345276403,1.3404610635076541
out_allid,2023,shiptype_group,LNG-Q Flex,30,0.5888864310415823,0.4464646691829809,0.8413264110293085
out_allid,2023,shiptype_group,LNG-Q Max,4,0.34357509813881315,0.3063006861086288,0.3766053502895034
out_allid,2023,shiptype_group,LNG-Small Gas Carrier,3,0.8378664176598076,0.6952828104561231,0.9426602484809017
out_allid,2023,shiptype_group,LPG-Large Gas Carrier,13,0.9516061165291063,0.7925715298259133,1.121870599903635
out_allid,2023,shiptype_group,LPG-Medium Gas Carrier,93,1.0222262614083704,0.830173106448671,1.3586783119313
out_allid,2023,shiptype_group,LPG-Small Gas Carrier,123,0.965657832957505,0.6922415544007505,1.1678815125196333
out_allid,2023,shiptype_group,LPG-Very Large Gas Carrier,58,0.9431465733602364,0.7686934890343872,1.1174838018569773
out_allid,2023,shiptype_group,"PCC/PCTC 1,000-1,499 cars",5,1.2644763667417664,1.0516964392051433,1.3287483058112466
out_allid,2023,shiptype_group,"PCC/PCTC 1,500-1,999 cars",5,1.015182731316756,0.8455938886715969,1.0996757559182597
out_allid,2023,shiptype_group,"PCC/PCTC 2,000-2,999 cars",15,1.3961050977179523,0.9972630693170673,1.5534563877881915
out_allid,2023,shiptype_group,"PCC/PCTC 3,000-3,999 cars",23,1.0046659357946994,0.8899800808219616,1.1953267374258791
out_allid,2023,shiptype_group,PCC/PCTC 500-999 cars,7,1.0645220547191867,1.0481078107855524,1.1166659573461712
out_allid,2023,shiptype_group,"PCC/PCTC => 4,000 cars",397,0.8436562414541835,0.623384950395677,1.1051242394850986
out_allid,2023,shiptype_group,"Reefer-5,000-7,999dwt",29,1.0439328324227233,0.782598966867445,1.7866507574615376
out_allid,2023,shiptype_group,"Reefer-=>8,000dwt",106,1.0089461846906813,0.8120093175430608,1.446432373691015
out_allid,2023,shiptype_group,"Tanker-5,000-7,499dwt",13,0.8038655514457975,0.46116060221794153,1.2086972861984304
out_allid,2023,shiptype_group,"Tanker-7,500-9,999dwt",118,0.9836300919043872,0.7723273213626194,1.2052118255681052
out_allid,2023,shiptype_group,Tanker-Aframax,259,0.9767920747678428,0.7559570637664524,1.2425758458964051
out_allid,2023,shiptype_group,Tanker-Handy,535,0.9267138965472623,0.7414125758365284,1.1643883034209797
out_allid,2023,shiptype_group,Tanker-LR1,132,0.8972898240578725,0.5878210729867636,1.2493942852521094
out_allid,2023,shiptype_group,Tanker-LR2,231,0.8107185418139907,0.5384446137735908,1.0902400066876026
out_allid,2023,shiptype_group,Tanker-MR1,321,0.9411917219988712,0.7210923507016403,1.205537653298354
out_allid,2023,shiptype_group,Tanker-MR2,745,0.9716430023573649,0.7020345319870215,1.3341683881759807
out_allid,2023,shiptype_group,Tanker-Panamax,6,1.0185434482193791,0.7683122381212939,1.2582480044863495
out_allid,2023,shiptype_group,Tanker-Suezmax,351,0.8540527146233539,0.6192390808418728,1.1523113578783448
out_allid,2023,shiptype_group,Tanker-VLCC,121,0.9808338987498701,0.8029020120697432,1.3246152261000985
out_allid,2024,shiptype_group,"Bulk Carrier-5,000-7,499dwt",8,0.9292771844424649,0.8168253150780468,1.0277761723275254
out_allid,2024,shiptype_group,"Bulk Carrier-7,500-9,999dwt",26,0.8633860073039692,0.6850526008126467,1.0942007272614114
out_allid,2024,shiptype_group,Bulk Carrier-Capesize,154,0.7962873391749719,0.6145726226076915,1.077255611680977
out_allid,2024,shiptype_group,Bulk Carrier-Handymax,104,0.8650050999975827,0.6186439201678315,1.082745616395727
out_allid,2024,shiptype_group,Bulk Carrier-Large Handy,1168,0.8807168651521347,0.6178624306740383,1.2266695111407646
out_allid,2024,shiptype_group,Bulk Carrier-Mini Capesize,38,0.7802035121987922,0.6854231281223185,1.1179289625784419
out_allid,2024,shiptype_group,Bulk Carrier-Newcastlemax,16,0.822036006110304,0.7025483407660414,1.166003484523792
out_allid,2024,shiptype_group,Bulk Carrier-Pmax/Kamsarmax,685,0.7972559866956621,0.5517241682281131,1.0818442182685948
out_allid,2024,shiptype_group,Bulk Carrier-Post Panamax,69,0.9392155695311182,0.5303647459973909,1.177161177168147
out_allid,2024,shiptype_group,Bulk Carrier-Small Handy,143,0.9652599553599028,0.7655637785870335,1.1531264645950619
out_allid,2024,shiptype_group,Bulk Carrier-Supra/Ultramax,1050,0.8018642519594497,0.5200122317967684,1.232908156500174
out_allid,2024,shiptype_group,Bulk Carrier-VLOC,8,1.1737427957977675,1.0699878966511323,1.2833933265939839
out_allid,2024,shiptype_group,Containership-Feedermax,202,0.8989129912577538,0.7009765597939244,1.0970832181329506
out_allid,2024,shiptype_group,Containership-Mega Container,76,0.3811905204487044,0.29880435120541005,0.4894906380080166
out_allid,2024,shiptype_group,Containership-New Panamax,121,0.48336683146555887,0.37584775358120887,0.6269980218430684
out_allid,2024,shiptype_group,Containership-Panamax,193,0.8985330327119498,0.6344153641486376,1.0520844343312834
out_allid,2024,shiptype_group,Containership-Post-Panamax,389,0.6687134962738406,0.4528287548696603,0.9841863603869914
out_allid,2024,shiptype_group,Containership-Regional Feeder,317,0.9424488900065157,0.7510407124726597,1.1447405264480055
out_allid,2024,shiptype_group,Containership-Small Feeder,214,0.9328944249173494,0.793681373026055,1.1112330573568854
out_allid,2024,shiptype_group,Containership-Sub New Panamax,45,0.4286480003614168,0.1891850179137122,0.9866576139056664
out_allid,2024,shiptype_group,Containership-Sub-Panamax,66,0.8285192305165059,0.6469605010725353,0.9855863163601226
out_allid,2024,shiptype_group,Containership-ULCS,79,0.2628573139858957,0.15827547225975627,0.5036336561028256
out_allid,2024,shiptype_group,"General Cargo 10,000-14,999dwt",298,0.9239530420052977,0.7099970452309465,1.1259025020365583
out_allid,2024,shiptype_group,"General Cargo 15,000-19,999dwt",108,0.8710819756481508,0.6068588925310304,1.0767600119976444
out_allid,2024,shiptype_group,"General Cargo 20,000-29,999dwt",78,0.9498220953267351,0.5570891723205522,1.135552200750651
out_allid,2024,shiptype_group,"General Cargo 5,000-9,999 dwt",419,0.951227663643743,0.7322906241861451,1.1860746252911678
out_allid,2024,shiptype_group,"General Cargo <=4,999 dwt",7,1.4884468413282141,1.1250260569995707,1.5700121651896422
out_allid,2024,shiptype_group,"General Cargo =>30,000dwt",66,0.7668276406706527,0.5424406503793204,1.0281161614086498
out_allid,2024,shiptype_group,LNG-Conventional Gas Carrier,33,0.7931354604407471,0.5933568371514729,1.0123400059901488
out_allid,2024,shiptype_group,LNG-New Panamax,186,0.9742225684320022,0.6720071991327912,1.4457785545549484
out_allid,2024,shiptype_group,LNG-Q Flex,21,0.42850811888553086,0.3796136455074351,0.5296868063312473
out_allid,2024,shiptype_group,LNG-Q Max,1,0.33048789396292555,0.33048789396292555,0.33048789396292555
out_allid,2024,shiptype_group,LNG-Small Gas Carrier,3,0.780897813139339,0.7537333872486542,0.7864875287989199
out_allid,2024,shiptype_group,LPG-Large Gas Carrier,15,1.1623252586643087,0.824483621146721,1.561816796222116
out_allid,2024,shiptype_group,LPG-Medium Gas Carrier,87,0.9089930676058373,0.7416682580298553,1.1734079316573909
out_allid,2024,shiptype_group,LPG-Small Gas Carrier,113,0.8849535159287671,0.6290402003771269,1.0754071372847414
out_allid,2024,shiptype_group,LPG-Very Large Gas Carrier,45,0.8335725389999706,0.623048770499434,1.2441942668706558
out_allid,2024,shiptype_group,"PCC/PCTC 1,000-1,499 cars",7,1.1693509279481122,0.6365127091826763,1.3710713293227172
out_allid,2024,shiptype_group,"PCC/PCTC 1,500-1,999 cars",5,0.929965746246317,0.8280514319527873,1.0766606718836604
out_allid,2024,shiptype_group,"PCC/PCTC 2,000-2,999 cars",14,1.121744356090344,0.9383931790753524,1.3063189928557803
out_allid,2024,shiptype_group,"PCC/PCTC 3,000-3,999 cars",20,0.9297585391559389,0.7778726649298251,1.1303833778218928
out_allid,2024,shiptype_group,PCC/PCTC 500-999 cars,11,1.1595413538580077,0.9410544996997862,1.2426900674783308
out_allid,2024,shiptype_group,"PCC/PCTC => 4,000 cars",367,0.7568800361071032,0.5353467870916366,1.0541592905025872
out_allid,2024,shiptype_group,"Reefer-5,000-7,999dwt",21,0.7921775040749436,0.5530532744048375,1.6855048477017984
out_allid,2024,shiptype_group,"Reefer-=>8,000dwt",91,1.0114606872769314,0.7655479509362575,1.438963611825992
out_allid,2024,shiptype_group,"Tanker-5,000-7,499dwt",14,0.9044099820215421,0.6872088369670475,1.0737436753213707
out_allid,2024,shiptype_group,"Tanker-7,500-9,999dwt",119,0.9660382159670178,0.8074960413612747,1.1806131027349867
out_allid,2024,shiptype_group,Tanker-Aframax,226,0.8887637464955205,0.6812717567921295,1.1364631696189536
out_allid,2024,shiptype_group,Tanker-Handy,539,0.8961296038389375,0.6997877878277511,1.1133570397037627
out_allid,2024,shiptype_group,Tanker-LR1,106,0.7864053175321843,0.529627051138764,1.1088771065639937
out_allid,2024,shiptype_group,Tanker-LR2,208,0.6542947856106911,0.4323928012548711,0.9011111664153784
out_allid,2024,shiptype_group,Tanker-MR1,289,0.8703102307277876,0.6510305293248112,1.1079245567493217
out_allid,2024,shiptype_group,Tanker-MR2,711,0.8737999897267824,0.6478348264234077,1.1721523482668106
out_allid,2024,shiptype_group,Tanker-Panamax,3,0.6690637320123455,0.6053883650325602,0.972188022874374
out_allid,2024,shiptype_group,Tanker-Suezmax,339,0.8169608414432734,0.5703623421796532,1.1316778202277045
out_allid,2024,shiptype_group,Tanker-VLCC,121,0.7192602085163526,0.4701965534718558,0.9925302960107621
out_allid,2022,group,bulk,3844,0.9014829266424189,0.633361609327312,1.2218178783051403
out_allid,2022,group,container,1682,0.9528801840931769,0.7475854921254274,1.149501005742584
out_allid,2022,group,gas,657,0.9154610171606578,0.6795908128354567,1.212994188881507
out_allid,2022,group,general,1381,0.9755782770596201,0.7455982871310675,1.188533560376545
out_allid,2022,group,roro,477,0.8956931623102842,0.6302483316146907,1.1307780236756673
out_allid,2022,group,tanker,3114,0.9054101786418283,0.6807449629314961,1.1846121362249522
out_allid,2023,group,bulk,3405,0.8854151290752811,0.6099730949457027,1.2637695966668325
out_allid,2023,group,container,1694,0.9685708912643791,0.7756673688824206,1.1586633604143763
out_allid,2023,group,gas,594,0.9582414042223729,0.7031897159857856,1.237447847220325
out_allid,2023,group,general,1369,0.9648908600004136,0.7298686679789794,1.2132569287620596
out_allid,2023,group,roro,458,0.865445137770732,0.6364566907955079,1.1373504127809002
out_allid,2023,group,tanker,2832,0.9310996928742818,0.6985847152840455,1.2266004493965816
out_allid,2024,group,bulk,3204,0.8412024064092661,0.574725429059893,1.181317495950407
out_allid,2024,group,container,1702,0.8018486539882257,0.5167164187422625,1.0254176505900805
out_allid,2024,group,gas,504,0.8720346542273778,0.6264397735457583,1.205456046643351
out_allid,2024,group,general,1350,0.9150369860949917,0.6867747130898927,1.156560368068051
out_allid,2024,group,roro,427,0.822206525540978,0.5652777380691171,1.0880823131758528
out_allid,2024,group,tanker,2675,0.8572868638851927,0.6284714744364527,1.1295090252148157
