set_key,label,n_ports,period,n_ship_years,n_ships,n_full,touch_share,median_req_lb,median_lo,median_hi,range_nm,feasible_share,feasible_lo,feasible_hi
external:methanol6|-1|0|all,methanol ports named by DNV (6),8,pool,48,19,47,0.8936170212765957,24138.742133498657,20629.867459186175,32795.28069628589,5000,0.0425531914893617,0.0,0.23249874073415633
external:methanol6|-1|0|all,methanol ports named by DNV (6),8,pool,48,19,47,0.8936170212765957,24138.742133498657,20629.867459186175,32795.28069628589,7000,0.0425531914893617,0.0,0.23249874073415633
external:methanol6|-1|0|all,methanol ports named by DNV (6),8,pool,48,19,47,0.8936170212765957,24138.742133498657,20629.867459186175,32795.28069628589,10000,0.0425531914893617,0.0,0.23249874073415633
external:methanol6|-1|0|all,methanol ports named by DNV (6),8,pool,48,19,47,0.8936170212765957,24138.742133498657,20629.867459186175,32795.28069628589,15000,0.1702127659574468,0.061224489795918366,0.3894789100098589
external:methanol6|-1|0|all,methanol ports named by DNV (6),8,pool,48,19,47,0.8936170212765957,24138.742133498657,20629.867459186175,32795.28069628589,20000,0.23404255319148937,0.0994665312581885,0.4580783439377958
external:methanol6|-1|0|all,methanol ports named by DNV (6),8,2023,2,2,2,1.0,6358.504732228493,,,5000,0.5,,
external:methanol6|-1|0|all,methanol ports named by DNV (6),8,2023,2,2,2,1.0,6358.504732228493,,,7000,0.5,,
external:methanol6|-1|0|all,methanol ports named by DNV (6),8,2023,2,2,2,1.0,6358.504732228493,,,10000,0.5,,
external:methanol6|-1|0|all,methanol ports named by DNV (6),8,2023,2,2,2,1.0,6358.504732228493,,,15000,1.0,,
external:methanol6|-1|0|all,methanol ports named by DNV (6),8,2023,2,2,2,1.0,6358.504732228493,,,20000,1.0,,
external:methanol6|-1|0|all,methanol ports named by DNV (6),8,2024,10,10,10,1.0,16163.26030678791,,,5000,0.1,,
external:methanol6|-1|0|all,methanol ports named by DNV (6),8,2024,10,10,10,1.0,16163.26030678791,,,7000,0.1,,
external:methanol6|-1|0|all,methanol ports named by DNV (6),8,2024,10,10,10,1.0,16163.26030678791,,,10000,0.1,,
external:methanol6|-1|0|all,methanol ports named by DNV (6),8,2024,10,10,10,1.0,16163.26030678791,,,15000,0.4,,
external:methanol6|-1|0|all,methanol ports named by DNV (6),8,2024,10,10,10,1.0,16163.26030678791,,,20000,0.7,,
external:methanol6|-1|0|all,methanol ports named by DNV (6),8,2025,19,19,19,0.8947368421052632,24138.742133498657,,,5000,0.05263157894736842,,
external:methanol6|-1|0|all,methanol ports named by DNV (6),8,2025,19,19,19,0.8947368421052632,24138.742133498657,,,7000,0.05263157894736842,,
external:methanol6|-1|0|all,methanol ports named by DNV (6),8,2025,19,19,19,0.8947368421052632,24138.742133498657,,,10000,0.05263157894736842,,
external:methanol6|-1|0|all,methanol ports named by DNV (6),8,2025,19,19,19,0.8947368421052632,24138.742133498657,,,15000,0.15789473684210525,,
external:methanol6|-1|0|all,methanol ports named by DNV (6),8,2025,19,19,19,0.8947368421052632,24138.742133498657,,,20000,0.15789473684210525,,
external:methanol6|-1|0|all,methanol ports named by DNV (6),8,2026,19,18,18,0.8333333333333334,30262.85483315104,,,5000,0.0,,
external:methanol6|-1|0|all,methanol ports named by DNV (6),8,2026,19,18,18,0.8333333333333334,30262.85483315104,,,7000,0.0,,
external:methanol6|-1|0|all,methanol ports named by DNV (6),8,2026,19,18,18,0.8333333333333334,30262.85483315104,,,10000,0.0,,
external:methanol6|-1|0|all,methanol ports named by DNV (6),8,2026,19,18,18,0.8333333333333334,30262.85483315104,,,15000,0.05555555555555555,,
external:methanol6|-1|0|all,methanol ports named by DNV (6),8,2026,19,18,18,0.8333333333333334,30262.85483315104,,,20000,0.05555555555555555,,
external:yap4|-1|0|all,Yap hubs (4),5,pool,48,19,47,0.7872340425531915,29808.631275911,26575.987005543477,44465.96137068897,5000,0.02127659574468085,0.0,0.20171398584160533
external:yap4|-1|0|all,Yap hubs (4),5,pool,48,19,47,0.7872340425531915,29808.631275911,26575.987005543477,44465.96137068897,7000,0.02127659574468085,0.0,0.20171398584160533
external:yap4|-1|0|all,Yap hubs (4),5,pool,48,19,47,0.7872340425531915,29808.631275911,26575.987005543477,44465.96137068897,10000,0.02127659574468085,0.0,0.20171398584160533
external:yap4|-1|0|all,Yap hubs (4),5,pool,48,19,47,0.7872340425531915,29808.631275911,26575.987005543477,44465.96137068897,15000,0.0425531914893617,0.0,0.23249874073415633
external:yap4|-1|0|all,Yap hubs (4),5,pool,48,19,47,0.7872340425531915,29808.631275911,26575.987005543477,44465.96137068897,20000,0.0851063829787234,0.020853501883892733,0.28891650342184283
external:yap4|-1|0|all,Yap hubs (4),5,2023,2,2,2,0.5,22855.995511544108,,,5000,0.5,,
external:yap4|-1|0|all,Yap hubs (4),5,2023,2,2,2,0.5,22855.995511544108,,,7000,0.5,,
external:yap4|-1|0|all,Yap hubs (4),5,2023,2,2,2,0.5,22855.995511544108,,,10000,0.5,,
external:yap4|-1|0|all,Yap hubs (4),5,2023,2,2,2,0.5,22855.995511544108,,,15000,0.5,,
external:yap4|-1|0|all,Yap hubs (4),5,2023,2,2,2,0.5,22855.995511544108,,,20000,0.5,,
external:yap4|-1|0|all,Yap hubs (4),5,2024,10,10,10,0.8,25821.442428826584,,,5000,0.1,,
external:yap4|-1|0|all,Yap hubs (4),5,2024,10,10,10,0.8,25821.442428826584,,,7000,0.1,,
external:yap4|-1|0|all,Yap hubs (4),5,2024,10,10,10,0.8,25821.442428826584,,,10000,0.1,,
external:yap4|-1|0|all,Yap hubs (4),5,2024,10,10,10,0.8,25821.442428826584,,,15000,0.2,,
external:yap4|-1|0|all,Yap hubs (4),5,2024,10,10,10,0.8,25821.442428826584,,,20000,0.4,,
external:yap4|-1|0|all,Yap hubs (4),5,2025,19,19,19,0.7368421052631579,32484.277713024057,,,5000,0.0,,
external:yap4|-1|0|all,Yap hubs (4),5,2025,19,19,19,0.7368421052631579,32484.277713024057,,,7000,0.0,,
external:yap4|-1|0|all,Yap hubs (4),5,2025,19,19,19,0.7368421052631579,32484.277713024057,,,10000,0.0,,
external:yap4|-1|0|all,Yap hubs (4),5,2025,19,19,19,0.7368421052631579,32484.277713024057,,,15000,0.0,,
external:yap4|-1|0|all,Yap hubs (4),5,2025,19,19,19,0.7368421052631579,32484.277713024057,,,20000,0.0,,
external:yap4|-1|0|all,Yap hubs (4),5,2026,19,18,18,0.8333333333333334,30589.6000090742,,,5000,0.0,,
external:yap4|-1|0|all,Yap hubs (4),5,2026,19,18,18,0.8333333333333334,30589.6000090742,,,7000,0.0,,
external:yap4|-1|0|all,Yap hubs (4),5,2026,19,18,18,0.8333333333333334,30589.6000090742,,,10000,0.0,,
external:yap4|-1|0|all,Yap hubs (4),5,2026,19,18,18,0.8333333333333334,30589.6000090742,,,15000,0.0,,
external:yap4|-1|0|all,Yap hubs (4),5,2026,19,18,18,0.8333333333333334,30589.6000090742,,,20000,0.0,,
external:yap8|-1|0|all,Yap hubs (8),10,pool,48,19,47,0.9148936170212766,19129.28308522608,14390.632031125017,25822.65247030253,5000,0.06382978723404255,0.0,0.261409176784509
external:yap8|-1|0|all,Yap hubs (8),10,pool,48,19,47,0.9148936170212766,19129.28308522608,14390.632031125017,25822.65247030253,7000,0.06382978723404255,0.0,0.261409176784509
external:yap8|-1|0|all,Yap hubs (8),10,pool,48,19,47,0.9148936170212766,19129.28308522608,14390.632031125017,25822.65247030253,10000,0.0851063829787234,0.02040816326530612,0.28891650342184283
external:yap8|-1|0|all,Yap hubs (8),10,pool,48,19,47,0.9148936170212766,19129.28308522608,14390.632031125017,25822.65247030253,15000,0.3829787234042553,0.20233432305818946,0.6029854220280436
external:yap8|-1|0|all,Yap hubs (8),10,pool,48,19,47,0.9148936170212766,19129.28308522608,14390.632031125017,25822.65247030253,20000,0.5106382978723404,0.3038362771196112,0.7138619278725493
external:yap8|-1|0|all,Yap hubs (8),10,2023,2,2,2,0.5,22801.38818686832,,,5000,0.5,,
external:yap8|-1|0|all,Yap hubs (8),10,2023,2,2,2,0.5,22801.38818686832,,,7000,0.5,,
external:yap8|-1|0|all,Yap hubs (8),10,2023,2,2,2,0.5,22801.38818686832,,,10000,0.5,,
external:yap8|-1|0|all,Yap hubs (8),10,2023,2,2,2,0.5,22801.38818686832,,,15000,0.5,,
external:yap8|-1|0|all,Yap hubs (8),10,2023,2,2,2,0.5,22801.38818686832,,,20000,0.5,,
external:yap8|-1|0|all,Yap hubs (8),10,2024,10,10,10,0.8,17161.502266320196,,,5000,0.2,,
external:yap8|-1|0|all,Yap hubs (8),10,2024,10,10,10,0.8,17161.502266320196,,,7000,0.2,,
external:yap8|-1|0|all,Yap hubs (8),10,2024,10,10,10,0.8,17161.502266320196,,,10000,0.2,,
external:yap8|-1|0|all,Yap hubs (8),10,2024,10,10,10,0.8,17161.502266320196,,,15000,0.4,,
external:yap8|-1|0|all,Yap hubs (8),10,2024,10,10,10,0.8,17161.502266320196,,,20000,0.6,,
external:yap8|-1|0|all,Yap hubs (8),10,2025,19,19,19,0.8947368421052632,22432.983010364696,,,5000,0.05263157894736842,,
external:yap8|-1|0|all,Yap hubs (8),10,2025,19,19,19,0.8947368421052632,22432.983010364696,,,7000,0.05263157894736842,,
external:yap8|-1|0|all,Yap hubs (8),10,2025,19,19,19,0.8947368421052632,22432.983010364696,,,10000,0.10526315789473684,,
external:yap8|-1|0|all,Yap hubs (8),10,2025,19,19,19,0.8947368421052632,22432.983010364696,,,15000,0.42105263157894735,,
external:yap8|-1|0|all,Yap hubs (8),10,2025,19,19,19,0.8947368421052632,22432.983010364696,,,20000,0.47368421052631576,,
external:yap8|-1|0|all,Yap hubs (8),10,2026,19,18,18,1.0,19879.57527220613,,,5000,0.0,,
external:yap8|-1|0|all,Yap hubs (8),10,2026,19,18,18,1.0,19879.57527220613,,,7000,0.0,,
external:yap8|-1|0|all,Yap hubs (8),10,2026,19,18,18,1.0,19879.57527220613,,,10000,0.0,,
external:yap8|-1|0|all,Yap hubs (8),10,2026,19,18,18,1.0,19879.57527220613,,,15000,0.3333333333333333,,
external:yap8|-1|0|all,Yap hubs (8),10,2026,19,18,18,1.0,19879.57527220613,,,20000,0.5,,
external:bunker10|-1|0|all,top-10 bunker ports,15,pool,48,19,47,0.851063829787234,24138.742133498657,20629.867459186175,32484.277713024057,5000,0.02127659574468085,0.0,0.20171398584160533
external:bunker10|-1|0|all,top-10 bunker ports,15,pool,48,19,47,0.851063829787234,24138.742133498657,20629.867459186175,32484.277713024057,7000,0.02127659574468085,0.0,0.20171398584160533
external:bunker10|-1|0|all,top-10 bunker ports,15,pool,48,19,47,0.851063829787234,24138.742133498657,20629.867459186175,32484.277713024057,10000,0.02127659574468085,0.0,0.20171398584160533
external:bunker10|-1|0|all,top-10 bunker ports,15,pool,48,19,47,0.851063829787234,24138.742133498657,20629.867459186175,32484.277713024057,15000,0.1276595744680851,0.03977910672025228,0.3407837185541258
external:bunker10|-1|0|all,top-10 bunker ports,15,pool,48,19,47,0.851063829787234,24138.742133498657,20629.867459186175,32484.277713024057,20000,0.23404255319148937,0.0994665312581885,0.4580783439377958
external:bunker10|-1|0|all,top-10 bunker ports,15,2023,2,2,2,0.5,6680.783198630231,,,5000,0.5,,
external:bunker10|-1|0|all,top-10 bunker ports,15,2023,2,2,2,0.5,6680.783198630231,,,7000,0.5,,
external:bunker10|-1|0|all,top-10 bunker ports,15,2023,2,2,2,0.5,6680.783198630231,,,10000,0.5,,
external:bunker10|-1|0|all,top-10 bunker ports,15,2023,2,2,2,0.5,6680.783198630231,,,15000,1.0,,
external:bunker10|-1|0|all,top-10 bunker ports,15,2023,2,2,2,0.5,6680.783198630231,,,20000,1.0,,
external:bunker10|-1|0|all,top-10 bunker ports,15,2024,10,10,10,0.8,16452.594632026157,,,5000,0.1,,
external:bunker10|-1|0|all,top-10 bunker ports,15,2024,10,10,10,0.8,16452.594632026157,,,7000,0.1,,
external:bunker10|-1|0|all,top-10 bunker ports,15,2024,10,10,10,0.8,16452.594632026157,,,10000,0.1,,
external:bunker10|-1|0|all,top-10 bunker ports,15,2024,10,10,10,0.8,16452.594632026157,,,15000,0.4,,
external:bunker10|-1|0|all,top-10 bunker ports,15,2024,10,10,10,0.8,16452.594632026157,,,20000,0.7,,
external:bunker10|-1|0|all,top-10 bunker ports,15,2025,19,19,19,0.8421052631578947,24138.742133498657,,,5000,0.0,,
external:bunker10|-1|0|all,top-10 bunker ports,15,2025,19,19,19,0.8421052631578947,24138.742133498657,,,7000,0.0,,
external:bunker10|-1|0|all,top-10 bunker ports,15,2025,19,19,19,0.8421052631578947,24138.742133498657,,,10000,0.0,,
external:bunker10|-1|0|all,top-10 bunker ports,15,2025,19,19,19,0.8421052631578947,24138.742133498657,,,15000,0.05263157894736842,,
external:bunker10|-1|0|all,top-10 bunker ports,15,2025,19,19,19,0.8421052631578947,24138.742133498657,,,20000,0.15789473684210525,,
external:bunker10|-1|0|all,top-10 bunker ports,15,2026,19,18,18,0.8888888888888888,30262.85483315104,,,5000,0.0,,
external:bunker10|-1|0|all,top-10 bunker ports,15,2026,19,18,18,0.8888888888888888,30262.85483315104,,,7000,0.0,,
external:bunker10|-1|0|all,top-10 bunker ports,15,2026,19,18,18,0.8888888888888888,30262.85483315104,,,10000,0.0,,
external:bunker10|-1|0|all,top-10 bunker ports,15,2026,19,18,18,0.8888888888888888,30262.85483315104,,,15000,0.05555555555555555,,
external:bunker10|-1|0|all,top-10 bunker ports,15,2026,19,18,18,0.8888888888888888,30262.85483315104,,,20000,0.05555555555555555,,
volume|2024|0|all,"top 20 by calls, 2024",20,pool,48,19,47,0.9361702127659575,19704.97187663964,16065.610003942886,24403.899252184085,5000,0.0851063829787234,0.02040816326530612,0.28891650342184283
volume|2024|0|all,"top 20 by calls, 2024",20,pool,48,19,47,0.9361702127659575,19704.97187663964,16065.610003942886,24403.899252184085,7000,0.0851063829787234,0.02040816326530612,0.28891650342184283
volume|2024|0|all,"top 20 by calls, 2024",20,pool,48,19,47,0.9361702127659575,19704.97187663964,16065.610003942886,24403.899252184085,10000,0.10638297872340426,0.023242600422832983,0.3153103064575161
volume|2024|0|all,"top 20 by calls, 2024",20,pool,48,19,47,0.9361702127659575,19704.97187663964,16065.610003942886,24403.899252184085,15000,0.2765957446808511,0.12691544085756098,0.5014222543070658
volume|2024|0|all,"top 20 by calls, 2024",20,pool,48,19,47,0.9361702127659575,19704.97187663964,16065.610003942886,24403.899252184085,20000,0.574468085106383,0.358792824164458,0.7650946107806664
volume|2024|0|all,"top 20 by calls, 2024",20,2023,2,2,2,0.5,4473.1249698871425,,,5000,0.5,,
volume|2024|0|all,"top 20 by calls, 2024",20,2023,2,2,2,0.5,4473.1249698871425,,,7000,0.5,,
volume|2024|0|all,"top 20 by calls, 2024",20,2023,2,2,2,0.5,4473.1249698871425,,,10000,1.0,,
volume|2024|0|all,"top 20 by calls, 2024",20,2023,2,2,2,0.5,4473.1249698871425,,,15000,1.0,,
volume|2024|0|all,"top 20 by calls, 2024",20,2023,2,2,2,0.5,4473.1249698871425,,,20000,1.0,,
volume|2024|0|all,"top 20 by calls, 2024",20,2024,10,10,10,0.8,12198.303660335427,,,5000,0.3,,
volume|2024|0|all,"top 20 by calls, 2024",20,2024,10,10,10,0.8,12198.303660335427,,,7000,0.3,,
volume|2024|0|all,"top 20 by calls, 2024",20,2024,10,10,10,0.8,12198.303660335427,,,10000,0.4,,
volume|2024|0|all,"top 20 by calls, 2024",20,2024,10,10,10,0.8,12198.303660335427,,,15000,0.8,,
volume|2024|0|all,"top 20 by calls, 2024",20,2024,10,10,10,0.8,12198.303660335427,,,20000,0.9,,
volume|2024|0|all,"top 20 by calls, 2024",20,2025,19,19,19,0.9473684210526315,19706.81455442391,,,5000,0.05263157894736842,,
volume|2024|0|all,"top 20 by calls, 2024",20,2025,19,19,19,0.9473684210526315,19706.81455442391,,,7000,0.05263157894736842,,
volume|2024|0|all,"top 20 by calls, 2024",20,2025,19,19,19,0.9473684210526315,19706.81455442391,,,10000,0.05263157894736842,,
volume|2024|0|all,"top 20 by calls, 2024",20,2025,19,19,19,0.9473684210526315,19706.81455442391,,,15000,0.15789473684210525,,
volume|2024|0|all,"top 20 by calls, 2024",20,2025,19,19,19,0.9473684210526315,19706.81455442391,,,20000,0.5789473684210527,,
volume|2024|0|all,"top 20 by calls, 2024",20,2026,19,18,18,1.0,23571.53901193448,,,5000,0.0,,
volume|2024|0|all,"top 20 by calls, 2024",20,2026,19,18,18,1.0,23571.53901193448,,,7000,0.0,,
volume|2024|0|all,"top 20 by calls, 2024",20,2026,19,18,18,1.0,23571.53901193448,,,10000,0.0,,
volume|2024|0|all,"top 20 by calls, 2024",20,2026,19,18,18,1.0,23571.53901193448,,,15000,0.1111111111111111,,
volume|2024|0|all,"top 20 by calls, 2024",20,2026,19,18,18,1.0,23571.53901193448,,,20000,0.3888888888888889,,
greedy|2024|7000|all,"20 chosen for continuity, 2024",20,pool,48,19,47,0.9361702127659575,15992.564919714585,13072.120494713075,18945.11671504099,5000,0.06382978723404255,0.0,0.261409176784509
greedy|2024|7000|all,"20 chosen for continuity, 2024",20,pool,48,19,47,0.9361702127659575,15992.564919714585,13072.120494713075,18945.11671504099,7000,0.06382978723404255,0.0,0.261409176784509
greedy|2024|7000|all,"20 chosen for continuity, 2024",20,pool,48,19,47,0.9361702127659575,15992.564919714585,13072.120494713075,18945.11671504099,10000,0.0851063829787234,0.020833333333333332,0.28891650342184283
greedy|2024|7000|all,"20 chosen for continuity, 2024",20,pool,48,19,47,0.9361702127659575,15992.564919714585,13072.120494713075,18945.11671504099,15000,0.425531914893617,0.23490538921933363,0.641207175835542
greedy|2024|7000|all,"20 chosen for continuity, 2024",20,pool,48,19,47,0.9361702127659575,15992.564919714585,13072.120494713075,18945.11671504099,20000,0.8085106382978723,0.5871225593479414,0.9261253854247167
greedy|2024|7000|all,"20 chosen for continuity, 2024",20,2023,2,2,2,0.5,7843.620919171951,,,5000,0.5,,
greedy|2024|7000|all,"20 chosen for continuity, 2024",20,2023,2,2,2,0.5,7843.620919171951,,,7000,0.5,,
greedy|2024|7000|all,"20 chosen for continuity, 2024",20,2023,2,2,2,0.5,7843.620919171951,,,10000,0.5,,
greedy|2024|7000|all,"20 chosen for continuity, 2024",20,2023,2,2,2,0.5,7843.620919171951,,,15000,1.0,,
greedy|2024|7000|all,"20 chosen for continuity, 2024",20,2023,2,2,2,0.5,7843.620919171951,,,20000,1.0,,
greedy|2024|7000|all,"20 chosen for continuity, 2024",20,2024,10,10,10,0.8,12574.153388758568,,,5000,0.2,,
greedy|2024|7000|all,"20 chosen for continuity, 2024",20,2024,10,10,10,0.8,12574.153388758568,,,7000,0.2,,
greedy|2024|7000|all,"20 chosen for continuity, 2024",20,2024,10,10,10,0.8,12574.153388758568,,,10000,0.3,,
greedy|2024|7000|all,"20 chosen for continuity, 2024",20,2024,10,10,10,0.8,12574.153388758568,,,15000,0.8,,
greedy|2024|7000|all,"20 chosen for continuity, 2024",20,2024,10,10,10,0.8,12574.153388758568,,,20000,0.9,,
greedy|2024|7000|all,"20 chosen for continuity, 2024",20,2025,19,19,19,0.9473684210526315,18945.11671504099,,,5000,0.05263157894736842,,
greedy|2024|7000|all,"20 chosen for continuity, 2024",20,2025,19,19,19,0.9473684210526315,18945.11671504099,,,7000,0.05263157894736842,,
greedy|2024|7000|all,"20 chosen for continuity, 2024",20,2025,19,19,19,0.9473684210526315,18945.11671504099,,,10000,0.05263157894736842,,
greedy|2024|7000|all,"20 chosen for continuity, 2024",20,2025,19,19,19,0.9473684210526315,18945.11671504099,,,15000,0.3157894736842105,,
greedy|2024|7000|all,"20 chosen for continuity, 2024",20,2025,19,19,19,0.9473684210526315,18945.11671504099,,,20000,0.7894736842105263,,
greedy|2024|7000|all,"20 chosen for continuity, 2024",20,2026,19,18,18,1.0,16497.33441366328,,,5000,0.0,,
greedy|2024|7000|all,"20 chosen for continuity, 2024",20,2026,19,18,18,1.0,16497.33441366328,,,7000,0.0,,
greedy|2024|7000|all,"20 chosen for continuity, 2024",20,2026,19,18,18,1.0,16497.33441366328,,,10000,0.0,,
greedy|2024|7000|all,"20 chosen for continuity, 2024",20,2026,19,18,18,1.0,16497.33441366328,,,15000,0.3333333333333333,,
greedy|2024|7000|all,"20 chosen for continuity, 2024",20,2026,19,18,18,1.0,16497.33441366328,,,20000,0.7777777777777778,,
greedy|2024|7000|container,"20 chosen for container continuity, 2024",20,pool,48,19,47,0.9361702127659575,12233.734633911869,11552.331421580398,12617.56074279733,5000,0.06382978723404255,0.0,0.261409176784509
greedy|2024|7000|container,"20 chosen for container continuity, 2024",20,pool,48,19,47,0.9361702127659575,12233.734633911869,11552.331421580398,12617.56074279733,7000,0.10638297872340426,0.029856108832540695,0.3153103064575161
greedy|2024|7000|container,"20 chosen for container continuity, 2024",20,pool,48,19,47,0.9361702127659575,12233.734633911869,11552.331421580398,12617.56074279733,10000,0.19148936170212766,0.0738746145752833,0.41287744065205856
greedy|2024|7000|container,"20 chosen for container continuity, 2024",20,pool,48,19,47,0.9361702127659575,12233.734633911869,11552.331421580398,12617.56074279733,15000,0.7659574468085106,0.5419216560622042,0.9130434782608695
greedy|2024|7000|container,"20 chosen for container continuity, 2024",20,pool,48,19,47,0.9361702127659575,12233.734633911869,11552.331421580398,12617.56074279733,20000,0.851063829787234,0.6345268864698974,0.9555797101449276
greedy|2024|7000|container,"20 chosen for container continuity, 2024",20,2023,2,2,2,0.5,7109.018485712161,,,5000,0.5,,
greedy|2024|7000|container,"20 chosen for container continuity, 2024",20,2023,2,2,2,0.5,7109.018485712161,,,7000,0.5,,
greedy|2024|7000|container,"20 chosen for container continuity, 2024",20,2023,2,2,2,0.5,7109.018485712161,,,10000,0.5,,
greedy|2024|7000|container,"20 chosen for container continuity, 2024",20,2023,2,2,2,0.5,7109.018485712161,,,15000,1.0,,
greedy|2024|7000|container,"20 chosen for container continuity, 2024",20,2023,2,2,2,0.5,7109.018485712161,,,20000,1.0,,
greedy|2024|7000|container,"20 chosen for container continuity, 2024",20,2024,10,10,10,0.8,10993.16921565184,,,5000,0.2,,
greedy|2024|7000|container,"20 chosen for container continuity, 2024",20,2024,10,10,10,0.8,10993.16921565184,,,7000,0.4,,
greedy|2024|7000|container,"20 chosen for container continuity, 2024",20,2024,10,10,10,0.8,10993.16921565184,,,10000,0.4,,
greedy|2024|7000|container,"20 chosen for container continuity, 2024",20,2024,10,10,10,0.8,10993.16921565184,,,15000,0.9,,
greedy|2024|7000|container,"20 chosen for container continuity, 2024",20,2024,10,10,10,0.8,10993.16921565184,,,20000,1.0,,
greedy|2024|7000|container,"20 chosen for container continuity, 2024",20,2025,19,19,19,0.9473684210526315,12240.88793342968,,,5000,0.05263157894736842,,
greedy|2024|7000|container,"20 chosen for container continuity, 2024",20,2025,19,19,19,0.9473684210526315,12240.88793342968,,,7000,0.05263157894736842,,
greedy|2024|7000|container,"20 chosen for container continuity, 2024",20,2025,19,19,19,0.9473684210526315,12240.88793342968,,,10000,0.15789473684210525,,
greedy|2024|7000|container,"20 chosen for container continuity, 2024",20,2025,19,19,19,0.9473684210526315,12240.88793342968,,,15000,0.7894736842105263,,
greedy|2024|7000|container,"20 chosen for container continuity, 2024",20,2025,19,19,19,0.9473684210526315,12240.88793342968,,,20000,0.8947368421052632,,
greedy|2024|7000|container,"20 chosen for container continuity, 2024",20,2026,19,18,18,1.0,12243.472811432555,,,5000,0.0,,
greedy|2024|7000|container,"20 chosen for container continuity, 2024",20,2026,19,18,18,1.0,12243.472811432555,,,7000,0.0,,
greedy|2024|7000|container,"20 chosen for container continuity, 2024",20,2026,19,18,18,1.0,12243.472811432555,,,10000,0.1111111111111111,,
greedy|2024|7000|container,"20 chosen for container continuity, 2024",20,2026,19,18,18,1.0,12243.472811432555,,,15000,0.6666666666666666,,
greedy|2024|7000|container,"20 chosen for container continuity, 2024",20,2026,19,18,18,1.0,12243.472811432555,,,20000,0.7222222222222222,,
greedy|2019|7000|all,"20 chosen for continuity, 2019",20,pool,48,19,47,0.9148936170212766,17968.139716873062,15992.564919714585,19706.81455442391,5000,0.06382978723404255,0.0,0.261409176784509
greedy|2019|7000|all,"20 chosen for continuity, 2019",20,pool,48,19,47,0.9148936170212766,17968.139716873062,15992.564919714585,19706.81455442391,7000,0.06382978723404255,0.0,0.261409176784509
greedy|2019|7000|all,"20 chosen for continuity, 2019",20,pool,48,19,47,0.9148936170212766,17968.139716873062,15992.564919714585,19706.81455442391,10000,0.0851063829787234,0.020833333333333332,0.28891650342184283
greedy|2019|7000|all,"20 chosen for continuity, 2019",20,pool,48,19,47,0.9148936170212766,17968.139716873062,15992.564919714585,19706.81455442391,15000,0.2765957446808511,0.12691544085756098,0.5014222543070658
greedy|2019|7000|all,"20 chosen for continuity, 2019",20,pool,48,19,47,0.9148936170212766,17968.139716873062,15992.564919714585,19706.81455442391,20000,0.6808510638297872,0.4568619657650759,0.8440075191016547
greedy|2019|7000|all,"20 chosen for continuity, 2019",20,2023,2,2,2,0.5,7109.018485712161,,,5000,0.5,,
greedy|2019|7000|all,"20 chosen for continuity, 2019",20,2023,2,2,2,0.5,7109.018485712161,,,7000,0.5,,
greedy|2019|7000|all,"20 chosen for continuity, 2019",20,2023,2,2,2,0.5,7109.018485712161,,,10000,0.5,,
greedy|2019|7000|all,"20 chosen for continuity, 2019",20,2023,2,2,2,0.5,7109.018485712161,,,15000,1.0,,
greedy|2019|7000|all,"20 chosen for continuity, 2019",20,2023,2,2,2,0.5,7109.018485712161,,,20000,1.0,,
greedy|2019|7000|all,"20 chosen for continuity, 2019",20,2024,10,10,10,0.8,12704.256924412464,,,5000,0.2,,
greedy|2019|7000|all,"20 chosen for continuity, 2019",20,2024,10,10,10,0.8,12704.256924412464,,,7000,0.2,,
greedy|2019|7000|all,"20 chosen for continuity, 2019",20,2024,10,10,10,0.8,12704.256924412464,,,10000,0.3,,
greedy|2019|7000|all,"20 chosen for continuity, 2019",20,2024,10,10,10,0.8,12704.256924412464,,,15000,0.7,,
greedy|2019|7000|all,"20 chosen for continuity, 2019",20,2024,10,10,10,0.8,12704.256924412464,,,20000,0.9,,
greedy|2019|7000|all,"20 chosen for continuity, 2019",20,2025,19,19,19,0.9473684210526315,19704.97187663964,,,5000,0.05263157894736842,,
greedy|2019|7000|all,"20 chosen for continuity, 2019",20,2025,19,19,19,0.9473684210526315,19704.97187663964,,,7000,0.05263157894736842,,
greedy|2019|7000|all,"20 chosen for continuity, 2019",20,2025,19,19,19,0.9473684210526315,19704.97187663964,,,10000,0.05263157894736842,,
greedy|2019|7000|all,"20 chosen for continuity, 2019",20,2025,19,19,19,0.9473684210526315,19704.97187663964,,,15000,0.15789473684210525,,
greedy|2019|7000|all,"20 chosen for continuity, 2019",20,2025,19,19,19,0.9473684210526315,19704.97187663964,,,20000,0.631578947368421,,
greedy|2019|7000|all,"20 chosen for continuity, 2019",20,2026,19,18,18,0.9444444444444444,18533.61197058251,,,5000,0.0,,
greedy|2019|7000|all,"20 chosen for continuity, 2019",20,2026,19,18,18,0.9444444444444444,18533.61197058251,,,7000,0.0,,
greedy|2019|7000|all,"20 chosen for continuity, 2019",20,2026,19,18,18,0.9444444444444444,18533.61197058251,,,10000,0.0,,
greedy|2019|7000|all,"20 chosen for continuity, 2019",20,2026,19,18,18,0.9444444444444444,18533.61197058251,,,15000,0.16666666666666666,,
greedy|2019|7000|all,"20 chosen for continuity, 2019",20,2026,19,18,18,0.9444444444444444,18533.61197058251,,,20000,0.6111111111111112,,
all|-1|0|all,all nodes,2633,pool,48,19,47,1.0,10996.28586629522,9821.101079774555,11624.086065786423,5000,0.10638297872340426,0.020833333333333332,0.3153103064575161
all|-1|0|all,all nodes,2633,pool,48,19,47,1.0,10996.28586629522,9821.101079774555,11624.086065786423,7000,0.14893617021276595,0.05048612172859673,0.36547311353010253
all|-1|0|all,all nodes,2633,pool,48,19,47,1.0,10996.28586629522,9821.101079774555,11624.086065786423,10000,0.3617021276595745,0.18654202976407738,0.5833813053378345
all|-1|0|all,all nodes,2633,pool,48,19,47,1.0,10996.28586629522,9821.101079774555,11624.086065786423,15000,1.0,0.8318156346315496,1.0
all|-1|0|all,all nodes,2633,pool,48,19,47,1.0,10996.28586629522,9821.101079774555,11624.086065786423,20000,1.0,0.8318156346315496,1.0
all|-1|0|all,all nodes,2633,2023,2,2,2,1.0,2507.5121402971226,,,5000,0.5,,
all|-1|0|all,all nodes,2633,2023,2,2,2,1.0,2507.5121402971226,,,7000,1.0,,
all|-1|0|all,all nodes,2633,2023,2,2,2,1.0,2507.5121402971226,,,10000,1.0,,
all|-1|0|all,all nodes,2633,2023,2,2,2,1.0,2507.5121402971226,,,15000,1.0,,
all|-1|0|all,all nodes,2633,2023,2,2,2,1.0,2507.5121402971226,,,20000,1.0,,
all|-1|0|all,all nodes,2633,2024,10,10,10,1.0,7371.715195368277,,,5000,0.3,,
all|-1|0|all,all nodes,2633,2024,10,10,10,1.0,7371.715195368277,,,7000,0.5,,
all|-1|0|all,all nodes,2633,2024,10,10,10,1.0,7371.715195368277,,,10000,0.6,,
all|-1|0|all,all nodes,2633,2024,10,10,10,1.0,7371.715195368277,,,15000,1.0,,
all|-1|0|all,all nodes,2633,2024,10,10,10,1.0,7371.715195368277,,,20000,1.0,,
all|-1|0|all,all nodes,2633,2025,19,19,19,1.0,10630.101594962644,,,5000,0.10526315789473684,,
all|-1|0|all,all nodes,2633,2025,19,19,19,1.0,10630.101594962644,,,7000,0.10526315789473684,,
all|-1|0|all,all nodes,2633,2025,19,19,19,1.0,10630.101594962644,,,10000,0.42105263157894735,,
all|-1|0|all,all nodes,2633,2025,19,19,19,1.0,10630.101594962644,,,15000,1.0,,
all|-1|0|all,all nodes,2633,2025,19,19,19,1.0,10630.101594962644,,,20000,1.0,,
all|-1|0|all,all nodes,2633,2026,19,18,18,1.0,10996.28586629522,,,5000,0.0,,
all|-1|0|all,all nodes,2633,2026,19,18,18,1.0,10996.28586629522,,,7000,0.0,,
all|-1|0|all,all nodes,2633,2026,19,18,18,1.0,10996.28586629522,,,10000,0.16666666666666666,,
all|-1|0|all,all nodes,2633,2026,19,18,18,1.0,10996.28586629522,,,15000,1.0,,
all|-1|0|all,all nodes,2633,2026,19,18,18,1.0,10996.28586629522,,,20000,1.0,,
