imo,name,class,n_stops,first_visit,last_visit,stops_without_node,methanol6_stop_share,top_nodes,listed,gfw_vessel_id,gfw_name,in_gfw,gfw_identities
9944546,Laura Maersk,"Laura Maersk (2,100 TEU)",687,2023-06-15 09:45:08+00:00,2026-08-30 15:27:43+00:00,0,0.1076923076923077,BREMERHAVEN (136); DEU-611 (105); KIEL (94),True,e2602a554-40cb-43d8-e886-716e8e3f40b4,LAURA MAERSK,True,1
9948748,Ane Maersk,"A-class (16,000 TEU)",134,2023-12-09 05:22:54+00:00,2026-08-26 00:10:42+00:00,0,0.13636363636363635,TANGER MED (15); YANGSHAN (10); YANTIAN (8),True,f162f4155-598a-100d-dcc5-3b1d2e029410,ANE MAERSK,True,1
9948750,Astrid Maersk,"A-class (16,000 TEU)",113,2024-02-24 01:19:11+00:00,2026-08-21 10:36:29+00:00,0,0.061946902654867256,PORT SAID (17); TANGER MED (12); SALALAH (9),True,c4803cf1f-fc62-ff21-9398-94e22b79cc2c;0262f080e-e964-2817-794d-72d9571d31df,ASTRID MAERSK-S/T;ASTRID MAERSK,True,2
9948762,Antonia Maersk,"A-class (16,000 TEU)",115,2024-04-27 00:27:55+00:00,2026-08-19 13:43:31+00:00,0,0.23478260869565218,YANGSHAN (14); TANGER MED (11); TANJUNG PELEPAS (10),True,eee5e72e9-912f-6adb-7387-f980a93f2cc9,ANTONIA MAERSK,True,1
9948774,Alette Maersk,"A-class (16,000 TEU)",87,2024-05-30 07:26:32+00:00,2026-08-08 19:56:08+00:00,1,0.14942528735632185,TANGER MED (11); YANGSHAN (9); YANTIAN (6),True,dcb1c5ad5-5d40-4c2b-11af-fa5c7a2b7987,ALETTE MAERSK,True,1
9948786,Alexandra Maersk,"A-class (16,000 TEU)",99,2024-06-23 20:17:28+00:00,2026-08-26 21:49:50+00:00,0,0.1111111111111111,TANGER MED (14); SALALAH (10); JEBEL ALI (9),True,e0b590d44-49c2-23c7-e30e-bcafd13b118f,ALEXANDRA MAERSK,True,1
9948798,Angelica Maersk,"A-class (16,000 TEU)",67,2024-08-31 23:16:49+00:00,2026-01-21 20:24:14+00:00,0,0.08955223880597014,TANGER MED (10); SALALAH (9); JEBEL ALI (8),True,adb9a7192-2037-aab9-8266-5739dedfc1ce,ANGELICA MAERSK,True,1
9948803,A. P. Møller,"A-class (16,000 TEU)",81,2024-09-24 12:28:28+00:00,2026-08-17 15:55:51+00:00,0,0.07407407407407407,TANGER MED (14); SALALAH (11); VALENCIA (9),True,b25ff824b-bce7-bfcb-ebe5-08fd17932e4c,A.P. MOLLER,True,1
9948815,Adrian Maersk,"A-class (16,000 TEU)",69,2024-11-11 06:57:01+00:00,2026-08-30 01:50:49+00:00,0,0.15942028985507245,YANGSHAN (8); TANJUNG PELEPAS (7); PORT SAID (6),True,b40f88f42-20db-4666-93e4-b8e571920d30,ADRIAN MAERSK,True,1
9961805,Albert Maersk,"A-class (16,000 TEU)",76,2024-12-06 09:26:06+00:00,2026-08-23 16:10:36+00:00,0,0.02631578947368421,SALALAH (10); TANGER MED (10); VALENCIA (9),True,de0383519-9793-a740-68b6-3fc06a1066b5,ALBERT MAERSK,True,1
9961817,Alva Maersk,"A-class (16,000 TEU)",57,2025-01-22 00:49:38+00:00,2026-08-25 23:53:03+00:00,0,0.22807017543859648,PORT SAID (10); YANGSHAN (9); ULSAN (4),True,0ddc5e092-2711-6947-5404-eef30b6fbcab;3d738769d-de06-b41b-f2ba-5ae050663f6d,ALVA MAERSK;AAA,True,2
9961829,Arthur Maersk,"A-class (16,000 TEU)",62,2025-03-04 02:48:13+00:00,2026-08-31 10:31:38+00:00,0,0.14516129032258066,TANGER MED (9); YANGSHAN (7); YANTIAN (5),True,0f88eba68-8b3d-dde7-0fc2-2a41e5d682f4,ARTHUR MAERSK,True,1
9961831,Axel Maersk,"A-class (16,000 TEU)",53,2025-04-24 00:15:09+00:00,2026-08-06 15:47:53+00:00,0,0.11320754716981132,TANGER MED (7); BARCELONA (6); YANTIAN (5),True,da783801c-c59f-34db-41af-cec44a0105e3,AXEL MAERSK,True,1
9984560,Berlin Mærsk,B-class,39,2025-05-19 08:29:45+00:00,2026-08-29 21:30:36+00:00,0,0.23076923076923078,ALGECIRAS (7); NINGBO (4); TELOK RAMUNIA (4),True,52a78bae2-21a7-05db-763f-9b20cc97c112,BERLIN MAERSK,True,1
9984572,Beijing Mærsk,B-class,47,2025-06-17 04:14:55+00:00,2026-08-18 19:23:58+00:00,0,0.14893617021276595,TANGER MED (6); YANTIAN (4); TELOK RAMUNIA (4),True,12ee6ec3d-d34f-def7-c96b-4b440f198638,BEIJING MAERSK,True,1
9984584,Bangkok Mærsk,B-class,47,2025-07-29 00:30:26+00:00,2026-08-21 18:00:01+00:00,0,0.1702127659574468,TELOK RAMUNIA (5); GENOA (5); ULSAN (4),True,33caa3d9e-e62c-d0ec-c8af-5ec242e4b388,BANGKOK MAERSK,True,1
9984596,Brisbane Mærsk,B-class,41,2025-09-01 23:43:04+00:00,2026-08-21 04:52:19+00:00,0,0.24390243902439024,YANGSHAN (6); ULSAN (4); TANGER MED (4),True,ae75a9e4f-f84b-78fb-f2ab-cf06e0195c47;b8371d3cb-bc49-d5ac-fb3a-646fe4fdfa19,BRISBANE MAERSK;ABCDE,True,2
9984601,Brussels Mærsk,B-class,30,2025-09-26 05:37:35+00:00,2026-08-06 15:21:53+00:00,0,0.23333333333333334,PORT SAID (4); YANGSHAN (4); ALGECIRAS (4),True,b4562670a-a83c-a0f5-7ad5-e03e310ced30,BRUSSELS MAERSK,True,1
9984613,Barcelona Mærsk,B-class,28,2025-11-21 05:51:18+00:00,2026-08-23 19:39:55+00:00,0,0.25,ULSAN (4); QINGDAO (2); NINGBO (2),True,76837cc57-792b-db0f-7d8f-bfe62b9b6e25,BARCELONA MAERSK,True,1
