set_key,label,range_nm,variant,registered,pilot_share,pilot_lo,pilot_hi,pilot_ship_years,pilot_ships,fleet_share,fleet_ship_years,reading
external:methanol6|-1|0|all,methanol ports named by DNV (6),5000,all,False,0.0425531914893617,0.0,0.23249874073415633,47,19,0.030950819672131147,7625,consistent
external:methanol6|-1|0|all,methanol ports named by DNV (6),7000,all,False,0.0425531914893617,0.0,0.23249874073415633,47,19,0.04262295081967213,7625,consistent
external:methanol6|-1|0|all,methanol ports named by DNV (6),10000,all,False,0.0425531914893617,0.0,0.23249874073415633,47,19,0.06491803278688525,7625,consistent
external:methanol6|-1|0|all,methanol ports named by DNV (6),15000,all,False,0.23404255319148937,0.0994665312581885,0.4580783439377958,47,19,0.13495081967213116,7625,consistent
external:methanol6|-1|0|all,methanol ports named by DNV (6),20000,all,False,0.2978723404255319,0.1412615432321975,0.5224725619167505,47,19,0.17875409836065573,7625,consistent
external:methanol6|-1|0|all,methanol ports named by DNV (6),5000,min_stops,False,0.0,0.0,0.16818436536845052,42,19,0.030422757803239827,7593,consistent
external:methanol6|-1|0|all,methanol ports named by DNV (6),7000,min_stops,False,0.0,0.0,0.16818436536845052,42,19,0.04188067957329119,7593,consistent
external:methanol6|-1|0|all,methanol ports named by DNV (6),10000,min_stops,False,0.0,0.0,0.16818436536845052,42,19,0.06387462136178058,7593,consistent
external:methanol6|-1|0|all,methanol ports named by DNV (6),15000,min_stops,False,0.19047619047619047,0.07317073170731707,0.41177606433317543,42,19,0.13420255498485448,7593,consistent
external:methanol6|-1|0|all,methanol ports named by DNV (6),20000,min_stops,False,0.23809523809523808,0.10200500268790563,0.4622820458384255,42,19,0.1780587383116028,7593,consistent
external:methanol6|-1|0|all,methanol ports named by DNV (6),5000,distance,False,6.373984933559443e-06,0.0,0.16819496912816984,47,19,0.025044925939615662,7625,consistent
external:methanol6|-1|0|all,methanol ports named by DNV (6),7000,distance,False,6.373984933559443e-06,0.0,0.16819496912816984,47,19,0.03615350830912892,7625,consistent
external:methanol6|-1|0|all,methanol ports named by DNV (6),10000,distance,False,6.373984933559443e-06,0.0,0.16819496912816984,47,19,0.058165392388086934,7625,consistent
external:methanol6|-1|0|all,methanol ports named by DNV (6),15000,distance,False,0.15243991478696403,0.049949261250858475,0.3694710226761137,47,19,0.13669070005058534,7625,consistent
external:methanol6|-1|0|all,methanol ports named by DNV (6),20000,distance,False,0.18539824795964746,0.07038152639440345,0.4062371615463102,47,19,0.1812148354647188,7625,consistent
external:yap4|-1|0|all,Yap hubs (4),5000,all,False,0.02127659574468085,0.0,0.20171398584160533,47,19,0.021245901639344263,7625,consistent
external:yap4|-1|0|all,Yap hubs (4),7000,all,True,0.02127659574468085,0.0,0.20171398584160533,47,19,0.03160655737704918,7625,consistent
external:yap4|-1|0|all,Yap hubs (4),10000,all,False,0.02127659574468085,0.0,0.20171398584160533,47,19,0.04918032786885246,7625,consistent
external:yap4|-1|0|all,Yap hubs (4),15000,all,False,0.0851063829787234,0.020853501883892733,0.28891650342184283,47,19,0.1160655737704918,7625,consistent
external:yap4|-1|0|all,Yap hubs (4),20000,all,False,0.1276595744680851,0.03977910672025228,0.3407837185541258,47,19,0.16144262295081968,7625,consistent
external:yap4|-1|0|all,Yap hubs (4),5000,min_stops,False,0.0,0.0,0.16818436536845052,42,19,0.020676939286184644,7593,consistent
external:yap4|-1|0|all,Yap hubs (4),7000,min_stops,True,0.0,0.0,0.16818436536845052,42,19,0.03081785855393125,7593,consistent
external:yap4|-1|0|all,Yap hubs (4),10000,min_stops,False,0.0,0.0,0.16818436536845052,42,19,0.04793889108389306,7593,consistent
external:yap4|-1|0|all,Yap hubs (4),15000,min_stops,False,0.07142857142857142,0.0,0.27137654025767083,42,19,0.11510601870143554,7593,consistent
external:yap4|-1|0|all,Yap hubs (4),20000,min_stops,False,0.09523809523809523,0.024390243902439025,0.30161033779779356,42,19,0.16054260503094955,7593,consistent
external:yap4|-1|0|all,Yap hubs (4),5000,distance,False,0.0,0.0,0.16818436536845052,47,19,0.01822496563476527,7625,consistent
external:yap4|-1|0|all,Yap hubs (4),7000,distance,True,0.0,0.0,0.16818436536845052,47,19,0.028262168344049536,7625,consistent
external:yap4|-1|0|all,Yap hubs (4),10000,distance,False,0.0,0.0,0.16818436536845052,47,19,0.04593448119371043,7625,consistent
external:yap4|-1|0|all,Yap hubs (4),15000,distance,False,0.053257983899334664,0.0,0.24724329676096152,47,19,0.12462448388754557,7625,consistent
external:yap4|-1|0|all,Yap hubs (4),20000,distance,False,0.059960039357219004,0.008478668511587939,0.2562660586190168,47,19,0.17104513833520285,7625,consistent
external:yap8|-1|0|all,Yap hubs (8),5000,all,False,0.06382978723404255,0.0,0.261409176784509,47,19,0.04485245901639344,7625,consistent
external:yap8|-1|0|all,Yap hubs (8),7000,all,False,0.0851063829787234,0.020853501883892733,0.28891650342184283,47,19,0.07698360655737704,7625,consistent
external:yap8|-1|0|all,Yap hubs (8),10000,all,False,0.14893617021276595,0.045454545454545456,0.36547311353010253,47,19,0.10885245901639344,7625,consistent
external:yap8|-1|0|all,Yap hubs (8),15000,all,False,0.5106382978723404,0.3038362771196112,0.7138619278725493,47,19,0.23081967213114754,7625,pilot higher
external:yap8|-1|0|all,Yap hubs (8),20000,all,False,0.6170212765957447,0.3970145779719564,0.7976656769418106,47,19,0.3080655737704918,7625,pilot higher
external:yap8|-1|0|all,Yap hubs (8),5000,min_stops,False,0.0,0.0,0.16818436536845052,42,19,0.04359278282628737,7593,consistent
external:yap8|-1|0|all,Yap hubs (8),7000,min_stops,False,0.0,0.0,0.16818436536845052,42,19,0.07546424338206242,7593,consistent
external:yap8|-1|0|all,Yap hubs (8),10000,min_stops,False,0.07142857142857142,0.0,0.27137654025767083,42,19,0.10680890293691558,7593,consistent
external:yap8|-1|0|all,Yap hubs (8),15000,min_stops,False,0.47619047619047616,0.27533690561638857,0.6850528260678234,42,19,0.22929013565125775,7593,pilot higher
external:yap8|-1|0|all,Yap hubs (8),20000,min_stops,False,0.5714285714285714,0.3561118755154083,0.7627189294319558,42,19,0.3065981825365468,7593,pilot higher
external:yap8|-1|0|all,Yap hubs (8),5000,distance,False,6.373984933559443e-06,0.0,0.16819496912816984,47,19,0.03666835482252827,7625,consistent
external:yap8|-1|0|all,Yap hubs (8),7000,distance,False,0.0037400733713247457,0.0,0.1743397276471817,47,19,0.06873552264288374,7625,consistent
external:yap8|-1|0|all,Yap hubs (8),10000,distance,False,0.0519011847565015,6.2518705791698635e-06,0.2453979604880442,47,19,0.10009841805030806,7625,consistent
external:yap8|-1|0|all,Yap hubs (8),15000,distance,False,0.47201308728212066,0.27193598285874054,0.6815041140136583,47,19,0.2360544958727477,7625,pilot higher
external:yap8|-1|0|all,Yap hubs (8),20000,distance,False,0.5597881387116241,0.34590433082484795,0.7535610862668496,47,19,0.3157923065938083,7625,pilot higher
external:bunker10|-1|0|all,top-10 bunker ports,5000,all,False,0.02127659574468085,0.0,0.20171398584160533,47,19,0.05901639344262295,7625,consistent
external:bunker10|-1|0|all,top-10 bunker ports,7000,all,False,0.02127659574468085,0.0,0.20171398584160533,47,19,0.09718032786885246,7625,consistent
external:bunker10|-1|0|all,top-10 bunker ports,10000,all,False,0.02127659574468085,0.0,0.20171398584160533,47,19,0.1458360655737705,7625,consistent
external:bunker10|-1|0|all,top-10 bunker ports,15000,all,False,0.19148936170212766,0.0738746145752833,0.41287744065205856,47,19,0.26924590163934425,7625,consistent
external:bunker10|-1|0|all,top-10 bunker ports,20000,all,False,0.3617021276595745,0.18654202976407738,0.5833813053378345,47,19,0.35160655737704916,7625,consistent
external:bunker10|-1|0|all,top-10 bunker ports,5000,min_stops,False,0.0,0.0,0.16818436536845052,42,19,0.05781640985117872,7593,consistent
external:bunker10|-1|0|all,top-10 bunker ports,7000,min_stops,False,0.0,0.0,0.16818436536845052,42,19,0.09587778216778611,7593,consistent
external:bunker10|-1|0|all,top-10 bunker ports,10000,min_stops,False,0.0,0.0,0.16818436536845052,42,19,0.14408007375214013,7593,consistent
external:bunker10|-1|0|all,top-10 bunker ports,15000,min_stops,False,0.16666666666666666,0.05993430622822013,0.3855219373507469,42,19,0.2680100092190175,7593,consistent
external:bunker10|-1|0|all,top-10 bunker ports,20000,min_stops,False,0.3333333333333333,0.16601814948927324,0.5567099723002102,42,19,0.3505860661135256,7593,consistent
external:bunker10|-1|0|all,top-10 bunker ports,5000,distance,False,0.0,0.0,0.16818436536845052,47,19,0.04898155097863319,7625,consistent
external:bunker10|-1|0|all,top-10 bunker ports,7000,distance,False,0.0,0.0,0.16818436536845052,47,19,0.0885117352168326,7625,consistent
external:bunker10|-1|0|all,top-10 bunker ports,10000,distance,False,0.0,0.0,0.16818436536845052,47,19,0.13721442968377173,7625,consistent
external:bunker10|-1|0|all,top-10 bunker ports,15000,distance,False,0.1336286991750503,0.04270869170781558,0.3477845560792008,47,19,0.2770143235605,7625,consistent
external:bunker10|-1|0|all,top-10 bunker ports,20000,distance,False,0.30257185624654565,0.14448282215666863,0.5270695444625145,47,19,0.36739050622772784,7625,consistent
volume|2024|0|all,"top 20 by calls, 2024",5000,all,False,0.0851063829787234,0.02040816326530612,0.28891650342184283,47,19,0.17036065573770492,7625,consistent
volume|2024|0|all,"top 20 by calls, 2024",7000,all,False,0.10638297872340426,0.021739130434782608,0.3153103064575161,47,19,0.23318032786885245,7625,consistent
volume|2024|0|all,"top 20 by calls, 2024",10000,all,False,0.23404255319148937,0.0994665312581885,0.4580783439377958,47,19,0.3080655737704918,7625,consistent
volume|2024|0|all,"top 20 by calls, 2024",15000,all,False,0.44680851063829785,0.2516705047812128,0.659838470257984,47,19,0.4403934426229508,7625,consistent
volume|2024|0|all,"top 20 by calls, 2024",20000,all,False,0.9574468085106383,0.7675012592658437,1.0,47,19,0.5311475409836065,7625,pilot higher
volume|2024|0|all,"top 20 by calls, 2024",5000,min_stops,False,0.023809523809523808,0.0,0.20549998232737385,42,19,0.16870802054523903,7593,consistent
volume|2024|0|all,"top 20 by calls, 2024",7000,min_stops,False,0.023809523809523808,0.0,0.20549998232737385,42,19,0.23152903990517582,7593,pilot lower
volume|2024|0|all,"top 20 by calls, 2024",10000,min_stops,False,0.16666666666666666,0.05993430622822013,0.3855219373507469,42,19,0.3065981825365468,7593,consistent
volume|2024|0|all,"top 20 by calls, 2024",15000,min_stops,False,0.38095238095238093,0.20081588076196347,0.6011327776590961,42,19,0.43922033451863557,7593,consistent
volume|2024|0|all,"top 20 by calls, 2024",20000,min_stops,False,0.9523809523809523,0.7604696890945307,1.0,42,19,0.5302252074278941,7593,pilot higher
volume|2024|0|all,"top 20 by calls, 2024",5000,distance,False,0.020242945317726902,0.0,0.20015821545255885,47,19,0.1516324567164174,7625,consistent
volume|2024|0|all,"top 20 by calls, 2024",7000,distance,False,0.021516472889106172,0.0,0.20207412492075882,47,19,0.21497127121596146,7625,pilot lower
volume|2024|0|all,"top 20 by calls, 2024",10000,distance,False,0.12839723647270254,0.037088257086948094,0.3416521582856329,47,19,0.2917170509576335,7625,consistent
volume|2024|0|all,"top 20 by calls, 2024",15000,distance,False,0.3339520613496511,0.16645911702160707,0.5572983400429918,47,19,0.4401537333000387,7625,consistent
volume|2024|0|all,"top 20 by calls, 2024",20000,distance,False,0.9482110565379915,0.7547549875946203,1.0000000000000002,47,19,0.5395131748088684,7625,pilot higher
greedy|2024|7000|all,"20 chosen for continuity, 2024",5000,all,False,0.06382978723404255,0.0,0.261409176784509,47,19,0.13481967213114754,7625,consistent
greedy|2024|7000|all,"20 chosen for continuity, 2024",7000,all,True,0.0851063829787234,0.02040816326530612,0.28891650342184283,47,19,0.20839344262295081,7625,consistent
greedy|2024|7000|all,"20 chosen for continuity, 2024",10000,all,False,0.3191489361702128,0.15209296947271048,0.5431380342349241,47,19,0.3160655737704918,7625,consistent
greedy|2024|7000|all,"20 chosen for continuity, 2024",15000,all,False,0.574468085106383,0.358792824164458,0.7650946107806664,47,19,0.4780327868852459,7625,consistent
greedy|2024|7000|all,"20 chosen for continuity, 2024",20000,all,False,0.9148936170212766,0.7110834965781572,1.0,47,19,0.5825573770491803,7625,pilot higher
greedy|2024|7000|all,"20 chosen for continuity, 2024",5000,min_stops,False,0.0,0.0,0.16818436536845052,42,19,0.13314895298301066,7593,consistent
greedy|2024|7000|all,"20 chosen for continuity, 2024",7000,min_stops,True,0.0,0.0,0.16818436536845052,42,19,0.20663769261161596,7593,pilot lower
greedy|2024|7000|all,"20 chosen for continuity, 2024",10000,min_stops,False,0.23809523809523808,0.07317073170731707,0.4622820458384255,42,19,0.3143684973001449,7593,consistent
greedy|2024|7000|all,"20 chosen for continuity, 2024",15000,min_stops,False,0.5238095238095238,0.31494717393217664,0.7246630943836115,42,19,0.4768866060845516,7593,consistent
greedy|2024|7000|all,"20 chosen for continuity, 2024",20000,min_stops,False,0.9047619047619048,0.6983896622022064,1.0,42,19,0.5818517055182405,7593,pilot higher
greedy|2024|7000|all,"20 chosen for continuity, 2024",5000,distance,False,6.373984933559443e-06,0.0,0.16819496912816984,47,19,0.11997453693909162,7625,consistent
greedy|2024|7000|all,"20 chosen for continuity, 2024",7000,distance,True,0.0012799015563128306,0.0,0.17030564849216553,47,19,0.19648259137295504,7625,pilot lower
greedy|2024|7000|all,"20 chosen for continuity, 2024",10000,distance,False,0.2140226055779497,0.06760974525798791,0.43706172817478794,47,19,0.3093573490234584,7625,consistent
greedy|2024|7000|all,"20 chosen for continuity, 2024",15000,distance,False,0.48856531978422013,0.2854816266237137,0.6954952818152909,47,19,0.4859936512060391,7625,consistent
greedy|2024|7000|all,"20 chosen for continuity, 2024",20000,distance,False,0.9119682553322244,0.7073936495571811,1.0,47,19,0.6012673654823477,7625,pilot higher
greedy|2024|7000|container,"20 chosen for container continuity, 2024",5000,all,False,0.0851063829787234,0.020853501883892733,0.28891650342184283,47,19,0.14937704918032788,7625,consistent
greedy|2024|7000|container,"20 chosen for container continuity, 2024",7000,all,False,0.2127659574468085,0.06818181818181818,0.4357281750985632,47,19,0.2444590163934426,7625,consistent
greedy|2024|7000|container,"20 chosen for container continuity, 2024",10000,all,False,0.6595744680851063,0.43656386514367507,0.8289092097387342,47,19,0.37744262295081965,7625,pilot higher
greedy|2024|7000|container,"20 chosen for container continuity, 2024",15000,all,False,0.9361702127659575,0.7385908232154911,1.0,47,19,0.5767868852459016,7625,pilot higher
greedy|2024|7000|container,"20 chosen for container continuity, 2024",20000,all,False,0.9787234042553191,0.7982860141583946,1.0,47,19,0.6864262295081968,7625,pilot higher
greedy|2024|7000|container,"20 chosen for container continuity, 2024",5000,min_stops,False,0.0,0.0,0.16818436536845052,42,19,0.14724087975767153,7593,consistent
greedy|2024|7000|container,"20 chosen for container continuity, 2024",7000,min_stops,False,0.11904761904761904,0.0,0.33057421287787314,42,19,0.2424601606743053,7593,consistent
greedy|2024|7000|container,"20 chosen for container continuity, 2024",10000,min_stops,False,0.6190476190476191,0.3988672223409039,0.7991841192380366,42,19,0.37547741340708546,7593,pilot higher
greedy|2024|7000|container,"20 chosen for container continuity, 2024",15000,min_stops,False,0.9285714285714286,0.7286234597423293,1.0,42,19,0.5756617937574081,7593,pilot higher
greedy|2024|7000|container,"20 chosen for container continuity, 2024",20000,min_stops,False,0.9761904761904762,0.7945000176726261,1.0,42,19,0.6854998024496246,7593,pilot higher
greedy|2024|7000|container,"20 chosen for container continuity, 2024",5000,distance,False,0.0037400733713247457,0.0,0.1743397276471817,47,19,0.13355490940651502,7625,consistent
greedy|2024|7000|container,"20 chosen for container continuity, 2024",7000,distance,False,0.11230721848878658,0.0013958537234531304,0.3224889009190832,47,19,0.23302472120453602,7625,consistent
greedy|2024|7000|container,"20 chosen for container continuity, 2024",10000,distance,False,0.6561994802917739,0.4333768569125197,0.8264814827435204,47,19,0.3720689511804868,7625,pilot higher
greedy|2024|7000|container,"20 chosen for container continuity, 2024",15000,distance,False,0.93109489931328,0.7319147938428094,1.0,47,19,0.5944774807703433,7625,pilot higher
greedy|2024|7000|container,"20 chosen for container continuity, 2024",20000,distance,False,0.9811951583730197,0.8020170377380202,1.0000000000000004,47,19,0.7162529641837445,7625,pilot higher
greedy|2019|7000|all,"20 chosen for continuity, 2019",5000,all,False,0.06382978723404255,0.0,0.261409176784509,47,19,0.12170491803278688,7625,consistent
greedy|2019|7000|all,"20 chosen for continuity, 2019",7000,all,False,0.0851063829787234,0.02040816326530612,0.28891650342184283,47,19,0.19567213114754098,7625,consistent
greedy|2019|7000|all,"20 chosen for continuity, 2019",10000,all,False,0.19148936170212766,0.0738746145752833,0.41287744065205856,47,19,0.30085245901639346,7625,consistent
greedy|2019|7000|all,"20 chosen for continuity, 2019",15000,all,False,0.46808510638297873,0.26874901305610716,0.6781563719674111,47,19,0.48550819672131146,7625,consistent
greedy|2019|7000|all,"20 chosen for continuity, 2019",20000,all,False,0.9574468085106383,0.7675012592658437,1.0,47,19,0.5958032786885246,7625,pilot higher
greedy|2019|7000|all,"20 chosen for continuity, 2019",5000,min_stops,False,0.0,0.0,0.16818436536845052,42,19,0.12050572896088503,7593,consistent
greedy|2019|7000|all,"20 chosen for continuity, 2019",7000,min_stops,False,0.0,0.0,0.16818436536845052,42,19,0.1941261688397208,7593,pilot lower
greedy|2019|7000|all,"20 chosen for continuity, 2019",10000,min_stops,False,0.09523809523809523,0.0,0.30161033779779356,42,19,0.2990912682734097,7593,consistent
greedy|2019|7000|all,"20 chosen for continuity, 2019",15000,min_stops,False,0.40476190476190477,0.21884588083749248,0.6227130458993553,42,19,0.4843935203476887,7593,consistent
greedy|2019|7000|all,"20 chosen for continuity, 2019",20000,min_stops,False,0.9523809523809523,0.7604696890945307,1.0,42,19,0.595021730541288,7593,pilot higher
greedy|2019|7000|all,"20 chosen for continuity, 2019",5000,distance,False,6.373984933559443e-06,0.0,0.16819496912816984,47,19,0.10682743787452341,7625,consistent
greedy|2019|7000|all,"20 chosen for continuity, 2019",7000,distance,False,0.0012799015563128306,0.0,0.17030564849216553,47,19,0.18281529300152632,7625,pilot lower
greedy|2019|7000|all,"20 chosen for continuity, 2019",10000,distance,False,0.07020475372388364,0.0052463813289431,0.26978259747365696,47,19,0.2936967364837082,7625,pilot lower
greedy|2019|7000|all,"20 chosen for continuity, 2019",15000,distance,False,0.3573478475630122,0.18335180547926155,0.5793276130988794,47,19,0.49918601641745375,7625,consistent
greedy|2019|7000|all,"20 chosen for continuity, 2019",20000,distance,False,0.9597891542266654,0.7707874105174288,1.0000000000000004,47,19,0.6205392003874428,7625,pilot higher
all|-1|0|all,all nodes,5000,all,False,0.19148936170212766,0.0666304347826087,0.41287744065205856,47,19,0.5830819672131148,7625,pilot lower
all|-1|0|all,all nodes,7000,all,False,0.3191489361702128,0.1559924808983453,0.5431380342349241,47,19,0.7306229508196721,7625,pilot lower
all|-1|0|all,all nodes,10000,all,False,1.0,0.8318156346315496,1.0,47,19,0.9198688524590164,7625,consistent
all|-1|0|all,all nodes,15000,all,False,1.0,0.8318156346315496,1.0,47,19,1.0,7625,consistent
all|-1|0|all,all nodes,20000,all,False,1.0,0.8318156346315496,1.0,47,19,1.0,7625,consistent
all|-1|0|all,all nodes,5000,min_stops,False,0.11904761904761904,0.023795681063122923,0.33057421287787314,42,19,0.5818517055182405,7593,pilot lower
all|-1|0|all,all nodes,7000,min_stops,False,0.23809523809523808,0.0975609756097561,0.4622820458384255,42,19,0.729619386276834,7593,pilot lower
all|-1|0|all,all nodes,10000,min_stops,False,1.0,0.8318156346315496,1.0,42,19,0.9195311471091795,7593,consistent
all|-1|0|all,all nodes,15000,min_stops,False,1.0,0.8318156346315496,1.0,42,19,1.0,7593,consistent
all|-1|0|all,all nodes,20000,min_stops,False,1.0,0.8318156346315496,1.0,42,19,1.0,7593,consistent
all|-1|0|all,all nodes,5000,distance,False,0.13892907966472598,0.032459463900617866,0.3539514797033628,47,19,0.5153895975277762,7625,pilot lower
all|-1|0|all,all nodes,7000,distance,False,0.23191349490440952,0.09813965757305362,0.45586324968246095,47,19,0.6794144377012388,7625,pilot lower
all|-1|0|all,all nodes,10000,distance,False,1.0,0.8318156346315496,1.0000000000000004,47,19,0.8970474818997423,7625,consistent
all|-1|0|all,all nodes,15000,distance,False,1.0,0.8318156346315496,1.0000000000000004,47,19,1.0,7625,consistent
all|-1|0|all,all nodes,20000,distance,False,1.0,0.8318156346315496,1.0000000000000004,47,19,1.0,7625,consistent
