event_id,port,iso3,anchorage_ids,node_id,date,date_precision,first_at_node,event_type,mode,fuel,receiving_ship,receiving_type,quantity_t,supplier_or_bunker_vessel,confidence,source_title,source_url,notes
gothenburg-2015,Gothenburg,SWE,swe-goteborg,swe-goteborg,2015,year,True,commercial,truck-to-ship,methanol,Stena Germanica,ro-pax ferry,,,B,"Methanex, Stena Line and Port of Gothenburg achieve new methanol marine fuel milestone",https://www.methanex.com/news/release/methanex-stena-line-and-port-of-gothenburg-achieve-new-methanol-marine-fuel-milestone/,"Truck bunkering since the 2015 conversion, per trade press; month not verified"
gothenburg-2023-01,Gothenburg,SWE,swe-goteborg,swe-goteborg,2023-01-23,day,False,commercial,ship-to-ship,methanol,Stena Germanica,ro-pax ferry,,Stolt Sandpiper (Methanex fuel),A,Stolt Tankers performs groundbreaking ship-to-ship methanol bunkering,https://www.stolt-nielsen.com/news-insights/news/stolt-tankers-performs-groundbreaking-ship-to-ship-methanol-bunkering/,First STS methanol bunkering of a non-tanker
rotterdam-2021-05,Rotterdam,NLD,nld-rotterdambotlek;nld-rotterdam;nld-rotterdammaasvlakte,nld-rotterdammaasvlakte,2021-05-11,day,True,demonstration,barge-to-ship,methanol,Takaroa Sun,methanol tanker,,"MTS Evidence (TankMatch), Vopak Terminal Botlek",A,Waterfront Shipping takes leadership role in demonstrating simplicity of methanol bunkering,https://www.portofrotterdam.com/en/news-and-press-releases/waterfront-shipping-takes-leadership-role-demonstrating-simplicity-methanol,Botlek anchorage merges into the Maasvlakte node; nld-rotterdam is its own node
houston-2023-04,Houston,USA,usa-houston,usa-houston,2023-04,month,True,commercial,barge-to-ship,methanol,Stena Pro Marine; Stena Prosperous,methanol tanker,,,A,Proman Stena Bulk successfully completes US Gulf Coast's first barge-to-ship methanol bunkering,https://proman.org/news/proman-stena-bulk-successfully-completes-us-gulf-coasts-first-barge-to-ship-methanol-bunkering/,First week of April 2023
antwerp-2023-06,Antwerp-Bruges,BEL,bel-antwerp,bel-antwerp,2023-06-01,day,True,commercial,barge-to-ship,methanol,Stena Pro Marine,methanol tanker,475,"barge Tamariva, Sea-Invest terminal",A,A first for Port of Antwerp-Bruges: the first methanol bunkering operation,https://www.portofantwerpbruges.com/en/news/first-port-antwerp-bruges-first-methanol-bunkering-operation,
ulsan-2023-07,Ulsan,KOR,kor-ulsan,kor-ulsan,2023-07,month,True,commercial,port-to-ship or ship-to-ship,green methanol,Laura Maersk,container ship (feeder),,,B,Maersk Ship Completes First Green Methanol Bunkering in Ulsan Ahead of MV,https://maritime-executive.com/article/maersk-ship-completes-first-green-methanol-bunkering-in-ulsan-ahead-of-mv,"Before the 17 July 2023 departure; Ulsan Port Authority calls it port-to-ship, the trade press STS at anchor"
singapore-2023-07,Singapore,SGP,sgp-singapore;sgp-singaporeanchorage,sgp-singapore,2023-07-27,day,True,commercial,ship-to-ship,bio-methanol,Laura Maersk,container ship (feeder),300,MT Agility (Hong Lam Marine),A,Successful First Methanol Bunkering Operation in the Port of Singapore,https://www.mpa.gov.sg/media-centre/details/successful-first-methanol-bunkering-operation-in-the-port-of-singapore,Raffles Reserved Anchorage
portsaid-2023-08,East Port Said,EGY,egy-portsaid,egy-portsaid,2023-08-15,day,True,commercial,unknown,green methanol,Laura Maersk,container ship (feeder),500,,B,Maersk's First Methanol Boxship Arrives in Europe,https://maritime-executive.com/article/maersk-s-first-methanol-boxship-arrives-in-europe,
ulsan-2024-02,Ulsan,KOR,kor-ulsan,kor-ulsan,2024-02,month,False,commercial,ship-to-ship,green methanol,Ane Maersk,container ship,,,B,First ship-to-ship methanol bunkering of large container ship in Ulsan,https://www.seatrade-maritime.com/bunkering/ulsan-port-completes-first-ship-to-ship-methanol-bunkering-for-a-large-container-ship,Early February 2024; first STS for a large container ship
savannah-2024-02,Savannah,USA,usa-savannah,usa-savannah,2024-02-29,day,True,commercial,terminal-to-ship,methanol,Stena Provident,methanol tanker,1000,"Colonial Terminals, Lathrop 2",A,Stena Provident successfully completes first ever methanol bunkering at the Port of Savannah,https://proman.org/news/stena-provident-successfully-completes-first-ever-methanol-bunkering-at-the-port-of-savannah/,"About 1,000 t"
antwerp-2024-04,Antwerp-Bruges,BEL,bel-antwerp,bel-antwerp,2024-04-01,day,False,commercial,unknown,green methanol,Ane Maersk,container ship,4300,,A,First methanol bunkering with deepsea vessel Ane Maersk at Port of Antwerp-Bruges,https://newsroom.portofantwerpbruges.com/en/press-releases/first-methanol-bunkering-with-deepsea-vessel-ane-maersk-at-port-of-antwerp-bruges,First deep-sea vessel; MPET terminal
shanghai-2024-04,Shanghai (Yangshan),CHN,chn-yangshan,chn-yangshan,2024-04,month,True,commercial,"ship-to-ship, simultaneous with cargo",green methanol,Astrid Maersk,container ship,,SIPG,A,Astrid Maersk arrives in Shanghai for first green methanol bunkering in China,https://www.maersk.com/news/articles/2024/04/10/astrid-maersk-arrives-in-shanghai-for-first-green-methanol-bunkering-in-china,Release dated 10 April 2024; chn-shanghai (Waigaoqiao/Yangtze) is a separate node with no documented delivery
busan-2024-10,Busan New Port,KOR,kor-busannewport,kor-busan,2024-10-04,day,True,commercial,"ship-to-ship, simultaneous with cargo",methanol,Antonia Maersk,container ship,3000,,B,Busan New Port achieves first simultaneous methanol bunkering in South Korea,https://www.porttechnology.org/news/south-korea-achieves-first-simultaneous-methanol-bunkering-in-busan/,PNC terminal; Busan New Port merges into the Busan node
tanjungpelepas-2024-11,Tanjung Pelepas,MYS,mys-tanjungpelepas,mys-tanjungpelepas,2024-11,month,True,commercial,ship-to-ship,methanol,Antonia Maersk,container ship,,,A,Port of Tanjung Pelepas completes first methanol bunkering operation,https://www.mmcports.com.my/port-of-tanjung-pelepas-completes-first-methanol-bunkering-operation/,Announced 25 November 2024
bremerhaven-pilot,Bremerhaven,DEU,deu-bremerhaven,deu-bremerhaven,2025-03,before,True,pilot,unknown,methanol,,,,Ambrian Energy; UTG/D+S,C,Bremen & Bremerhaven ports can now bunker methanol,https://www.argusmedia.com/en/news-and-insights/latest-market-news/2665372-bremen-bremerhaven-ports-can-now-bunker-methanol,A pilot preceded the March 2025 readiness announcement; ship and date not found
yangpu-2025-07,Yangpu (Hainan),CHN,chn-yangpu,chn-yangpu,2025-07-02,day,True,commercial,unknown,green methanol,COSCO SHIPPING YANGPU,container ship,200,SINOBUNKER,A,M.V. COSCO SHIPPING YANGPU Completes Maiden Call and First Green Methanol Bunkering at Yangpu Port,https://en.coscoshipping.com/col/col6923/art/2025/art_4043cbc3a97f4d35bcf94baf38cc255f.html,
dalian-2025-07,Dalian,CHN,chn-dalian,chn-dalian,2025-07,month,True,commercial,unknown,green methanol,COSCO SHIPPING YANGPU,container ship,500,China Marine Bunker (Chimbusco),A,China's Dalian Kicks Off Methanol Bunkering with First Supply for COSCO,https://shipandbunker.com/news/apac/857972-chinas-dalian-kicks-off-methanol-bunkering-with-first-supply-for-cosco,Early July 2025; first bonded bunkering for an international ship
qingdao-2025-08,Qingdao,CHN,chn-qingdao,chn-qingdao,2025-08-14,day,True,commercial,at berth,methanol,COSCO SHIPPING CARNATION,container ship,210,Shandong Port Group,B,SPG reports first methanol bunkering operation,http://regional.chinadaily.com.cn/ensd-port/2025-08/15/c_1117431.htm,Qianwan berth 79
tianjin-2025-09,Tianjin,CHN,chn-tianjin,chn-caofeidian,2025-09-22,day,True,commercial,unknown,green methanol,CM HONG KONG,ro-ro,300,,B,China's first green methanol bunkering for ro-ro ship completed in Tianjin,https://english.news.cn/20250923/b9802ab26093476a840b5dac26290225/c.html,The Tianjin anchorage merges into the Caofeidian node
ulsan-2025-09,Ulsan,KOR,kor-ulsan,kor-ulsan,2025-09-28,day,False,commercial,ship-to-ship,green methanol,,bulk carrier,,,B,Ulsan Port Secures Korea's 1st Green Methanol Bunkering for Bulk Carriers,https://maritime-executive.com/corporate/ulsan-port-secures-korea-s-1st-green-methanol-bunkering-for-bulk-carriers,
dalian-2025-12,Dalian,CHN,chn-dalian,chn-dalian,2025-12-17,day,False,commercial,at shipyard terminal,methanol,(AMCL methanol dual-fuel VLCC),tanker (newbuild),620,China Changjiang Bunker (Sinopec),B,China: CCBC completes first methanol bunkering operation of coastal vessel in Dalian,https://www.manifoldtimes.com/news/china-ccbc-completes-first-methanol-bunkering-operation-of-coastal-vessel-in-dalian/,
shenzhen-2026-01,Shenzhen (Yantian),CHN,chn-yantian;chn-yantiananchorage,chn-yantian,2026-01-21,day,True,commercial,ship-to-ship,green methanol,COSCO SHIPPING CARNATION,container ship,200,Daqing 268,B,Shenzhen logs milestone in green shipping progress,https://global.chinadaily.com.cn/a/202601/23/WS6972cc22a310d6866eb354ec.html,"Yantian is its own node, separate from chn-shenzhen"
yokohama-2026-02,Yokohama,JPN,jpn-yokohama,jpn-yokohama,2026-02,month,True,commercial,ship-to-ship,bio-methanol,Kohzan Maru VII,methanol tanker,,Eika Maru (Kokuka Sangyo),A,MOL Joins 5-way Public-private Partnership in 1st Ship-to-ship Methanol Bunkering at Anchorage in Yokohama,https://www.mol.co.jp/en/pr/2026/26015.html,Early February 2026
immingham-2026-02,Immingham,GBR,gbr-immingham,gbr-immingham,2026-02,month,True,commercial,unknown,bio-methanol,(Orsted offshore wind service vessels),small craft,,,A,U.K.'s First Commercial Biomethanol Bunkering Service Launches at Port of Immingham,https://www.methanex.com/news/release/u-k-s-first-commercial-biomethanol-bunkering-service-launches-at-port-of-immingham/,Service launch for offshore wind vessels; no ocean-going ship
hongkong-2026-03,Hong Kong,CHN,chn-hongkong;hkg-hongkong,chn-hongkong,2026-03-05,day,True,commercial,at anchor,green methanol,CM HONG KONG,ro-ro,,Sinopec; CMES; CIMC Enric,B,Hong Kong achieves first green methanol bunkering operation milestone,https://www.manifoldtimes.com/news/hong-kong-achieves-first-green-methanol-bunkering-operation-milestone/,
kandla-2026-04,Kandla (Deendayal),IND,ind-kandla,ind-kandla,2026-04-02,day,True,trial,shore-to-ship,green methanol,,tanker,,Stolt Tankers; J M Baxi; Aegis Vopak; Indian Oil,A,Stolt Tankers supports India's first green methanol bunkering at Deendayal (Kandla) Port,https://www.stolt-nielsen.com/news-insights/news/stolt-tankers-supports-indias-first-green-methanol-bunkering-at-deendayal-kandla-port/,
ningbo-2026-04,Ningbo (Meishan),CHN,chn-ningbo,chn-ningbo,2026-04-22,day,True,commercial,ship-to-ship,green methanol,COSCO SHIPPING LIBRA,container ship,503,China Marine Bunker (Chimbusco),B,China: Chimbusco completes its first STS green methanol bunkering op at Ningbo Port,https://www.manifoldtimes.com/news/china-chimbusco-completes-its-first-sts-green-methanol-bunkering-op-at-ningbo-port/,Skid-mounted deliveries at Ningbo preceded this but are undated; the true first is earlier
zhoushan-2026-06,Zhoushan (Tsuneishi shipyard),CHN,chn-zhoushan,chn-zhoushan,2026-06-27,day,True,commercial,ship-to-ship,methanol,Maersk Flinders,container ship (newbuild),795,Jia Chen 17,A,TSUNEISHI GROUP (ZHOUSHAN) SHIPBUILDING Completes Ship to Ship Methanol Bunkering,https://www.tsuneishi-g.jp/english/news/topics/2026/07/30885/,Delivery to a newbuild at the yard
kiel-2026,Kiel,DEU,deu-kiel,deu-kiel,2026-09,before,True,pilot,truck-to-ship,bio-methanol,Mein Schiff 7,cruise ship,20,MB Energy; Johannes Martens Spedition,B,MB Energy completes methanol bunkering pilot in Germany,https://www.engine.online/news/mb-energy-completes-methanol-bunkering-pilot-in-germany-80b4,"25 m3 (about 20 t); article of 1 September 2026, pilot date not given"
guangzhou-2026-09,Guangzhou,CHN,chn-guangzhou,chn-guangzhou,2026-09,month,True,commercial,ship-to-ship,green methanol,Green Future,bulk carrier,1021,Daqing 268,C,Guangzhou Port Sees First STS Green Methanol Bunkering for Bulk Carrier,https://shipandbunker.com/news/apac/603402-guangzhou-port-sees-first-sts-green-methanol-bunkering-for-bulk-carrier,"Article of 9 September 2026; locates the anchorage at Lantau Island, which is Hong Kong waters; earlier Guangzhou deliveries not ruled out"
barcelona-2026-07-ethanol,Barcelona,ESP,esp-barcelona,esp-barcelona,2026-07-09,day,True,commercial,unknown,ethanol,Antonia Maersk,container ship,,Repsol,A,Repsol and Maersk complete the first bioethanol bunkering operation in the Port of Barcelona,https://www.portdebarcelona.cat/en/communication/news/repsol-and-maersk-complete-first-bioethanol-bunkering-operation-port-barcelona,"Ethanol, not methanol: kept for the methanol dual-fuel fleet's alternative, in no methanol set"
