imo,name,owner,class,imo_source,methanol_source,set
9948748,Ane Maersk,Maersk,"A-class (16,000 TEU)",https://en.wikipedia.org/wiki/A-class_container_ship,https://en.wikipedia.org/wiki/A-class_container_ship,registered19
9948750,Astrid Maersk,Maersk,"A-class (16,000 TEU)",https://en.wikipedia.org/wiki/A-class_container_ship,https://en.wikipedia.org/wiki/A-class_container_ship,registered19
9948762,Antonia Maersk,Maersk,"A-class (16,000 TEU)",https://en.wikipedia.org/wiki/A-class_container_ship,https://en.wikipedia.org/wiki/A-class_container_ship,registered19
9948774,Alette Maersk,Maersk,"A-class (16,000 TEU)",https://en.wikipedia.org/wiki/A-class_container_ship,https://en.wikipedia.org/wiki/A-class_container_ship,registered19
9948786,Alexandra Maersk,Maersk,"A-class (16,000 TEU)",https://en.wikipedia.org/wiki/A-class_container_ship,https://en.wikipedia.org/wiki/A-class_container_ship,registered19
9948798,Angelica Maersk,Maersk,"A-class (16,000 TEU)",https://en.wikipedia.org/wiki/A-class_container_ship,https://en.wikipedia.org/wiki/A-class_container_ship,registered19
9948803,A. P. Møller,Maersk,"A-class (16,000 TEU)",https://en.wikipedia.org/wiki/A-class_container_ship,https://en.wikipedia.org/wiki/A-class_container_ship,registered19
9948815,Adrian Maersk,Maersk,"A-class (16,000 TEU)",https://en.wikipedia.org/wiki/A-class_container_ship,https://en.wikipedia.org/wiki/A-class_container_ship,registered19
9961805,Albert Maersk,Maersk,"A-class (16,000 TEU)",https://en.wikipedia.org/wiki/A-class_container_ship,https://en.wikipedia.org/wiki/A-class_container_ship,registered19
9961817,Alva Maersk,Maersk,"A-class (16,000 TEU)",https://en.wikipedia.org/wiki/A-class_container_ship,https://en.wikipedia.org/wiki/A-class_container_ship,registered19
9961829,Arthur Maersk,Maersk,"A-class (16,000 TEU)",https://en.wikipedia.org/wiki/A-class_container_ship,https://en.wikipedia.org/wiki/A-class_container_ship,registered19
9961831,Axel Maersk,Maersk,"A-class (16,000 TEU)",https://en.wikipedia.org/wiki/A-class_container_ship,https://en.wikipedia.org/wiki/A-class_container_ship,registered19
9984560,Berlin Mærsk,Maersk,B-class,https://en.wikipedia.org/wiki/B-class_container_ship,https://en.wikipedia.org/wiki/B-class_container_ship,registered19
9984572,Beijing Mærsk,Maersk,B-class,https://en.wikipedia.org/wiki/B-class_container_ship,https://en.wikipedia.org/wiki/B-class_container_ship,registered19
9984584,Bangkok Mærsk,Maersk,B-class,https://en.wikipedia.org/wiki/B-class_container_ship,https://en.wikipedia.org/wiki/B-class_container_ship,registered19
9984596,Brisbane Mærsk,Maersk,B-class,https://en.wikipedia.org/wiki/B-class_container_ship,https://en.wikipedia.org/wiki/B-class_container_ship,registered19
9984601,Brussels Mærsk,Maersk,B-class,https://en.wikipedia.org/wiki/B-class_container_ship,https://en.wikipedia.org/wiki/B-class_container_ship,registered19
9984613,Barcelona Mærsk,Maersk,B-class,https://en.wikipedia.org/wiki/B-class_container_ship,https://en.wikipedia.org/wiki/B-class_container_ship,registered19
9944546,Laura Maersk,Maersk,"Laura Maersk (2,100 TEU)",https://en.wikipedia.org/wiki/Laura_Maersk_(2023),https://en.wikipedia.org/wiki/Laura_Maersk_(2023),registered19
9945899,COSCO SHIPPING YANGPU,COSCO Shipping,"16,136 TEU methanol dual-fuel (Yangzhou)",https://www.vesselfinder.com/vessels/details/9945899,https://en.coscoshipping.com/col/col6923/art/2025/art_20080a73e0ce425383f26d9c172c6407.html,extension
9945904,COSCO SHIPPING CARNATION,COSCO Shipping,"16,136 TEU methanol dual-fuel (Yangzhou)",https://www.vesselfinder.com/vessels/details/9945904,https://shipandbunker.com/news/apac/338017-cosco-adds-second-dual-fuel-methanol-boxship-to-fleet,extension
9945916,COSCO SHIPPING PANAMA,COSCO Shipping,"16,136 TEU methanol dual-fuel (Yangzhou)",https://www.vesselfinder.com/vessels/details/9945916,https://www.manifoldtimes.com/news/china-cosco-shipping-lines-names-another-methanol-dual-fuel-boxship-in-yangzhou/,extension
9945928,COSCO SHIPPING LILY,COSCO Shipping,"16,136 TEU methanol dual-fuel (Yangzhou)",https://www.vesselfinder.com/vessels/details/9945928,https://logistics-manager.com/cosco-shipping-completes-16000-teu-methanol-series-with-naming-of-cosco-shipping-lily/,extension
9986324,OOCL WISDOM,OOCL,"24,168 TEU methanol dual-fuel (NACKS)",https://www.vesselfinder.com/vessels/details/9986324,https://www.oocl.com/eng/pressandmedia/pressreleases/2026/Pages/08May2026.aspx,extension
9998468,HMM GREEN,HMM,"9,000 TEU methanol dual-fuel",https://www.vesselfinder.com/vessels/details/9998468,https://www.marineinsight.com/hmm-welcomes-its-first-methanol-powered-containership-hmm-green/,extension
9998494,HMM CLOVER,HMM,"9,000 TEU methanol dual-fuel",https://www.vesselfinder.com/vessels/details/9998494,https://bunkerindex.com/articles/article.php?a=22045&h=hmm-names-second-methanol-powered-containership-in-9000-teu-series,extension
9985942,ECO MAESTRO,X-Press Feeders,"1,260 TEU methanol dual-fuel (Yangzijiang)",https://www.vesselfinder.com/vessels/details/9985942,https://www.bairdmaritime.com/shipping/boxships/vessel-review-eco-maestro-x-press-feeders-deploys-methanol-fuelled-boxship-quartet-on-european-routes,extension
9985954,ECO LEVANT,X-Press Feeders,"1,260 TEU methanol dual-fuel (Yangzijiang)",https://www.vesselfinder.com/vessels/details/9985954,https://www.bairdmaritime.com/shipping/boxships/vessel-review-eco-maestro-x-press-feeders-deploys-methanol-fuelled-boxship-quartet-on-european-routes,extension
9985966,ECO PONENTE,X-Press Feeders,"1,260 TEU methanol dual-fuel (Yangzijiang)",https://www.vesselfinder.com/vessels/details/9985966,https://www.bairdmaritime.com/shipping/boxships/vessel-review-eco-maestro-x-press-feeders-deploys-methanol-fuelled-boxship-quartet-on-european-routes,extension
9985978,ECO ZEPHYR,X-Press Feeders,"1,260 TEU methanol dual-fuel (Yangzijiang)",https://www.vesselfinder.com/vessels/details/9985978,https://www.bairdmaritime.com/shipping/boxships/vessel-review-eco-maestro-x-press-feeders-deploys-methanol-fuelled-boxship-quartet-on-european-routes,extension
9959577,ECO TRAMONTANE,X-Press Feeders,methanol dual-fuel feeder (Yangzijiang),https://www.vesselfinder.com/vessels/details/9959577,https://www.bairdmaritime.com/shipping/boxships/x-press-feeders-takes-delivery-of-dual-fuel-boxship,extension
1020617,ECO SIROCCO,X-Press Feeders,"1,250 TEU methanol dual-fuel open-top (Huangpu Wenchong)",https://www.vesselfinder.com/vessels/details/1020617,https://www.imarinenews.com/32106.html,extension
9996678,CMA CGM IRON,CMA CGM,"13,000 TEU methanol dual-fuel (HD Hyundai Samho)",https://www.vesselfinder.com/vessels/details/9996678,https://maritime-executive.com/article/cma-cgm-joins-ranks-of-methanol-pioneers-putting-first-vessel-in-service,extension
9996680,CMA CGM COBALT,CMA CGM,"13,000 TEU methanol dual-fuel (HD Hyundai Samho)",https://www.vesselfinder.com/vessels/details/9996680,https://maritime-executive.com/article/cma-cgm-joins-ranks-of-methanol-pioneers-putting-first-vessel-in-service,extension
9996692,CMA CGM ARGON,CMA CGM,"13,000 TEU methanol dual-fuel (HD Hyundai Samho)",https://www.vesselfinder.com/vessels/details/9996692,https://maritime-executive.com/article/cma-cgm-joins-ranks-of-methanol-pioneers-putting-first-vessel-in-service,extension
9996707,CMA CGM PLATINUM,CMA CGM,"13,000 TEU methanol dual-fuel (HD Hyundai Samho)",https://www.vesselfinder.com/vessels/details/9996707,https://maritime-executive.com/article/cma-cgm-joins-ranks-of-methanol-pioneers-putting-first-vessel-in-service,extension
9996745,CMA CGM THORIUM,CMA CGM,"13,000 TEU methanol dual-fuel (HD Hyundai Samho)",https://www.vesselfinder.com/vessels/details/9996745,https://maritime-executive.com/article/cma-cgm-joins-ranks-of-methanol-pioneers-putting-first-vessel-in-service,extension
9996757,CMA CGM OSMIUM,CMA CGM,"13,000 TEU methanol dual-fuel (HD Hyundai Samho)",https://www.vesselfinder.com/vessels/details/9996757,https://www.imarinenews.com/32953.html,extension
9996771,CMA CGM COPPER,CMA CGM,"13,000 TEU methanol dual-fuel (HD Hyundai Samho)",https://www.vesselfinder.com/vessels/details/9996771,https://maritime-executive.com/article/cma-cgm-joins-ranks-of-methanol-pioneers-putting-first-vessel-in-service,extension
9996989,CMA CGM ANTIGONE,CMA CGM,"15,000 TEU methanol dual-fuel (Jiangnan)",https://www.vesselfinder.com/vessels/details/9996989,https://marine-offshore.bureauveritas.com/newsroom/bureau-veritas-classes-its-first-methanol-dual-fueled-container-ship-cma-cgm-antigone,extension
1041532,MAERSK FLINDERS,Maersk (chartered),"5,900 TEU methanol dual-fuel (Tsuneishi Zhoushan)",https://www.vesselfinder.com/vessels/details/1041532,https://www.tsuneishi-g.jp/english/news/topics/2026/07/30885/,extension
