year,vessel_group,legs_red_sea,legs_cape,cape_share,ships,ships_cape,added_nm
2018,all,6523,1738,0.26644182124789206,4219,1425,4585200.725272352
2018,bulk,2131,823,0.38620366025340214,1721,727,1917293.9283060606
2018,container,1560,89,0.05705128205128205,599,69,358464.52263051155
2018,gas,510,107,0.20980392156862746,261,83,278021.3421290908
2018,general,314,71,0.22611464968152867,255,65,180505.14675122598
2018,roro,271,56,0.2066420664206642,194,52,149154.8298070238
2018,tanker,1737,592,0.3408175014392631,1189,429,1701760.95564844
2019,all,6907,1794,0.2597364992037064,4439,1462,4365298.803360777
2019,bulk,2364,853,0.36082910321489003,1873,742,1910505.7730736744
2019,container,1546,105,0.06791720569210867,591,76,358207.63612781744
2019,gas,621,125,0.20128824476650564,314,105,293039.39544098533
2019,general,304,52,0.17105263157894737,242,45,88488.79774027212
2019,roro,288,94,0.3263888888888889,191,78,255688.29580950597
2019,tanker,1784,565,0.31670403587443946,1228,416,1459368.9051685215
2020,all,7296,1948,0.2669956140350877,4817,1616,4920320.790418385
2020,bulk,2867,843,0.2940355772584583,2169,729,1866003.677988218
2020,container,1282,121,0.09438377535101404,550,102,364679.3954987461
2020,gas,757,208,0.2747688243064729,369,156,567431.682585782
2020,general,337,79,0.2344213649851632,266,72,133137.7939043773
2020,roro,253,91,0.35968379446640314,177,82,232678.35493460906
2020,tanker,1800,606,0.33666666666666667,1286,475,1756389.8855066516
2021,all,7087,1533,0.2163115563708198,4545,1243,3831367.9670305215
2021,bulk,2599,631,0.2427856868026164,1968,543,1513900.3824009267
2021,container,1387,57,0.0410958904109589,573,51,172751.10164009358
2021,gas,851,196,0.23031727379553465,411,145,486732.1346193169
2021,general,316,66,0.2088607594936709,261,63,155135.7533431612
2021,roro,287,43,0.14982578397212543,201,39,123315.12589520903
2021,tanker,1647,540,0.32786885245901637,1131,402,1379533.4691318143
2022,all,6408,1056,0.1647940074906367,4157,891,2984938.0399376475
2022,bulk,2128,416,0.19548872180451127,1727,371,1203303.4786318538
2022,container,1487,74,0.04976462676529926,591,71,232817.29896395665
2022,gas,709,112,0.15796897038081806,360,86,278658.8465696208
2022,general,190,34,0.17894736842105263,168,33,75388.07439183394
2022,roro,282,19,0.0673758865248227,199,19,47918.0514030839
2022,tanker,1612,401,0.2487593052109181,1112,311,1146852.2899772986
2023,all,7219,1218,0.16872142956088101,4614,1055,3048925.6713098544
2023,bulk,2779,474,0.1705649514213746,2108,430,1134864.0596475285
2023,container,1269,186,0.14657210401891252,578,157,526393.7620589656
2023,gas,667,125,0.1874062968515742,351,92,292176.29724513245
2023,general,237,64,0.270042194092827,198,56,116590.55003183256
2023,roro,204,22,0.10784313725490197,166,22,60526.82251836377
2023,tanker,2063,347,0.16820164808531265,1213,298,918374.1798080317
2024,all,12967,8379,0.6461787614714275,6692,4839,29097004.43141321
2024,bulk,4310,2637,0.6118329466357308,2942,2045,6867258.325424323
2024,container,3365,2329,0.6921248142644874,932,742,10519309.184208572
2024,gas,1028,667,0.6488326848249028,461,333,1891899.746430552
2024,general,587,426,0.7257240204429302,425,321,1218955.5673295897
2024,roro,707,630,0.8910891089108911,328,310,2631403.815684506
2024,tanker,2970,1690,0.569023569023569,1604,1088,5968177.792335672
2025,all,11844,7767,0.6557750759878419,6147,4608,27818720.451305803
2025,bulk,3899,2652,0.6801744036932547,2731,2066,7522217.544085943
2025,container,3452,2108,0.6106604866743917,916,711,9397353.759421982
2025,gas,773,568,0.7347994825355757,361,275,1740330.947737777
2025,general,628,439,0.6990445859872612,406,293,1423565.9413006643
2025,roro,618,561,0.9077669902912622,285,271,2386701.9472825266
2025,tanker,2474,1439,0.5816491511721907,1448,992,5348550.3114769105
2026,all,6403,3948,0.6165859753240669,4236,2858,13563022.048688
2026,bulk,2093,1347,0.6435738174868609,1757,1200,3688881.691905371
2026,container,1894,1143,0.6034846884899683,713,503,4936308.704944115
2026,gas,408,266,0.6519607843137255,264,186,600433.7362996292
2026,general,300,214,0.7133333333333334,240,173,659709.4375193757
2026,roro,317,269,0.8485804416403786,216,194,1130834.822747264
2026,tanker,1391,709,0.509705248023005,1046,602,2546853.6552722445
