set_key,label,budget,vessel_group,green_p_ub_x1_w,green_p_ub_x2_w,feasible_w,segments_with_detour_pct,extra_distance_pct
external:yap4|-1|0|all,Yap hubs (4),0.0,all,0.2575348067731516,0.39423841162657186,0.008532660719252719,0.0,0.0
external:yap4|-1|0|all,Yap hubs (4),0.0,container,0.46446818775278154,0.6144156040131432,0.01865862067584942,0.0,0.0
external:yap4|-1|0|all,Yap hubs (4),0.01,all,0.37177619498230857,0.512953229445274,0.01802093946286263,33.42549927162649,0.17527544734506553
external:yap4|-1|0|all,Yap hubs (4),0.01,container,0.5803316118207212,0.6769118118000494,0.03764652202771715,33.42549927162649,0.17527544734506553
external:yap4|-1|0|all,Yap hubs (4),0.03,all,0.37857020201012226,0.517912907073195,0.02174040400813006,33.8918391172733,0.577587546544787
external:yap4|-1|0|all,Yap hubs (4),0.03,container,0.5921362736485558,0.681715096210964,0.047536157154762115,33.8918391172733,0.577587546544787
external:yap8|-1|0|all,Yap hubs (8),0.0,all,0.3456158483185955,0.5042958499635598,0.019264784092507075,0.0,0.0
external:yap8|-1|0|all,Yap hubs (8),0.0,container,0.5965780045997515,0.7405286011372169,0.04699095184623957,0.0,0.0
external:yap8|-1|0|all,Yap hubs (8),0.01,all,0.4845273344179675,0.6358293277637279,0.04368194326253755,26.30327540043791,0.15869658360133138
external:yap8|-1|0|all,Yap hubs (8),0.01,container,0.7135037346900861,0.7863108384291556,0.1070150233247633,26.30327540043791,0.15869658360133138
external:yap8|-1|0|all,Yap hubs (8),0.03,all,0.4901395812263333,0.6394945655542316,0.047436936551323645,26.54164408248673,0.5143250459245067
external:yap8|-1|0|all,Yap hubs (8),0.03,container,0.7213252721663758,0.789944996398665,0.11423470543268792,26.54164408248673,0.5143250459245067
external:bunker10|-1|0|all,top-10 bunker ports,0.0,all,0.43704257698911136,0.6095104199788475,0.027745688403961254,0.0,0.0
external:bunker10|-1|0|all,top-10 bunker ports,0.0,container,0.6270481022512502,0.7456421545730184,0.06496317712377313,0.0,0.0
external:bunker10|-1|0|all,top-10 bunker ports,0.01,all,0.5881545316260274,0.7363662495201809,0.0608667558223346,26.244084468496112,0.1358706671241144
external:bunker10|-1|0|all,top-10 bunker ports,0.01,container,0.7292671191855563,0.8037910661715951,0.12789679415753713,26.244084468496112,0.1358706671241144
external:bunker10|-1|0|all,top-10 bunker ports,0.03,all,0.5950298315507514,0.7400489031026184,0.06656172841808941,26.41981079621539,0.4291869024210624
external:bunker10|-1|0|all,top-10 bunker ports,0.03,container,0.7356419849331705,0.8058548399288599,0.13903866144529306,26.41981079621539,0.4291869024210624
greedy|2024|7000|all,20 chosen for continuity,0.0,all,0.6463473220492795,0.8138281588667022,0.06907650380631905,0.0,0.0
greedy|2024|7000|all,20 chosen for continuity,0.0,container,0.7854124357832716,0.880855371250943,0.15239008948292157,0.0,0.0
greedy|2024|7000|all,20 chosen for continuity,0.01,all,0.7909331782452124,0.8846931681215929,0.14641688005005496,17.784789133943423,0.1054533977901084
greedy|2024|7000|all,20 chosen for continuity,0.01,container,0.8674638237887343,0.9074165857355279,0.2655851866810561,17.784789133943423,0.1054533977901084
greedy|2024|7000|all,20 chosen for continuity,0.03,all,0.7978697064851396,0.8876321045454357,0.15492584159618533,17.863430267824295,0.3185275003491804
greedy|2024|7000|all,20 chosen for continuity,0.03,container,0.8729811349128763,0.9092454764749545,0.2747118596865846,17.863430267824295,0.3185275003491804
methanol_dated|lower|2025,methanol network 2025 (lower),0.0,all,0.32786348104740076,0.49210708992848057,0.015128965954828379,0.0,0.0
methanol_dated|lower|2025,methanol network 2025 (lower),0.0,container,0.5232406800025816,0.6706575522550553,0.03517989962632603,0.0,0.0
methanol_dated|lower|2025,methanol network 2025 (lower),0.01,all,0.4701260663051941,0.6292805389889367,0.030373596165430075,32.025073860188016,0.16654860668255322
methanol_dated|lower|2025,methanol network 2025 (lower),0.01,container,0.6455764973064452,0.7330330495665817,0.06784239997724445,32.025073860188016,0.16654860668255322
methanol_dated|lower|2025,methanol network 2025 (lower),0.03,all,0.4758388793798462,0.6335202563262777,0.03519792117811006,32.34699970778437,0.5093018658649142
methanol_dated|lower|2025,methanol network 2025 (lower),0.03,container,0.6513867982659022,0.7349601550857568,0.07883901525419319,32.34699970778437,0.5093018658649142
