version,train_year,eval_year,gap,vessel_group,n,lost,lost_share,lo,hi,indep_share
r_registered,2018,2019,1,all,9970,2220,0.2226680040120361,0.2146091090011013,0.23094053758642819,0.35741506215539653
r_registered,2018,2019,1,container,1780,173,0.09719101123595505,0.08428474045039076,0.11183222419490059,0.22565415631971755
r_registered,2018,2019,1,bulk,3130,1206,0.3853035143769968,0.36840432640568976,0.40248390227823594,0.5132153004829024
r_registered,2018,2019,1,tanker,3041,461,0.15159487010851694,0.1392883818833364,0.16478050629790755,0.2771984697798908
r_registered,2018,2020,2,all,9688,2294,0.23678777869529313,0.22842786461807021,0.245356354059214,0.34250106556596777
r_registered,2018,2020,2,container,1714,236,0.13768961493582263,0.12218499582904511,0.15481469960271066,0.2246999451448332
r_registered,2018,2020,2,bulk,3101,1181,0.38084488874556593,0.36391080617564964,0.39807383097943105,0.4866992246584513
r_registered,2018,2020,2,tanker,2984,468,0.15683646112600536,0.14423084576269216,0.17032451754706293,0.25397662484409717
r_registered,2018,2021,3,all,10035,2604,0.25949177877428997,0.25100818508122097,0.26815944477758663,0.3521321365084745
r_registered,2018,2021,3,container,1846,316,0.17118093174431204,0.15468511790403405,0.18904247477200908,0.22727218185761294
r_registered,2018,2021,3,bulk,3168,1318,0.41603535353535354,0.3989830104936092,0.43329108541332395,0.5094225256315195
r_registered,2018,2021,3,tanker,3006,498,0.1656686626746507,0.15280621923799495,0.17938455119989113,0.25740494459628294
r_registered,2018,2022,4,all,10810,2696,0.24939870490286772,0.24133236006104308,0.2576431011663528,0.32533472757555165
r_registered,2018,2022,4,container,2108,349,0.16555977229601518,0.15030387772298917,0.1820324111350388,0.2050269386142134
r_registered,2018,2022,4,bulk,3396,1313,0.38663133097762076,0.37038940518071933,0.4031294552273657,0.4761645544621535
r_registered,2018,2022,4,tanker,3096,487,0.1572997416020672,0.14490039685198508,0.17054849576239883,0.22528099498709026
r_registered,2018,2023,5,all,10781,2628,0.24376217419534366,0.23574964004647497,0.2519572540445796,0.3147768462718387
r_registered,2018,2023,5,container,2106,355,0.16856600189933524,0.15318348093358022,0.18515547304286997,0.201018931231117
r_registered,2018,2023,5,bulk,3363,1207,0.35890573892358013,0.342862912596954,0.37527054518139835,0.43908114467530696
r_registered,2018,2023,5,tanker,3127,531,0.16981132075471697,0.15705806463732555,0.1833748719890436,0.23615218520891104
r_registered,2018,2024,6,all,9982,3204,0.3209777599679423,0.3118895826984944,0.3302036786246173,0.38117891637511914
r_registered,2018,2024,6,container,1882,462,0.2454835281615303,0.22657061672642004,0.2654333776705644,0.27772738269912883
r_registered,2018,2024,6,bulk,3116,1366,0.43838254172015406,0.4210467272094709,0.45587010087564717,0.5065415057314884
r_registered,2018,2024,6,tanker,2941,699,0.23767426045562734,0.22263867550330246,0.25339426290669553,0.28871709366322323
r_registered,2018,2025,7,all,10063,3247,0.3226671966610355,0.3136021548857752,0.33186758211694084,0.38477400509022813
r_registered,2018,2025,7,container,1932,491,0.25414078674948243,0.23522768298606886,0.27402968600527844,0.27605311307390784
r_registered,2018,2025,7,bulk,3185,1370,0.4301412872841444,0.41304106217470754,0.4474098300866077,0.5091199162534776
r_registered,2018,2025,7,tanker,2887,689,0.23865604433668167,0.2234605486347854,0.2545461328796912,0.2951051795668415
r_registered,2019,2020,1,all,10610,2235,0.2106503298774741,0.20299660490452465,0.2185135107165715,0.33742876714399517
r_registered,2019,2020,1,container,1681,175,0.1041046995835812,0.09039668717777277,0.11961807029260307,0.23018091869440463
r_registered,2019,2020,1,bulk,3656,1211,0.3312363238512035,0.31616383039407286,0.34666310725262744,0.45935699254912266
r_registered,2019,2020,1,tanker,3275,475,0.1450381679389313,0.133393458225978,0.15751464785636518,0.24855400034101727
r_registered,2019,2021,2,all,10717,2637,0.24605766539143417,0.2379949330810099,0.25430238805467414,0.3469968798129825
r_registered,2019,2021,2,container,1740,259,0.14885057471264368,0.1328999232766347,0.16634835707176393,0.23720587053244255
r_registered,2019,2021,2,bulk,3628,1416,0.39029768467475195,0.3745479531429272,0.4062794926355452,0.48015595646995984
r_registered,2019,2021,2,tanker,3267,521,0.15947352310988674,0.1473199132325324,0.17242702896118312,0.250549234680985
r_registered,2019,2022,3,all,11499,2722,0.2367162361944517,0.22903564373248905,0.24457268623008296,0.32001670931407544
r_registered,2019,2022,3,container,2001,324,0.1619190404797601,0.14642854388211124,0.17870517241747075,0.2151122558574305
r_registered,2019,2022,3,bulk,3865,1366,0.3534282018111255,0.3385095841124079,0.36863789899984994,0.44590149834201626
r_registered,2019,2022,3,tanker,3381,529,0.1564625850340136,0.1446073167793473,0.1690976435945739,0.2217899835826625
r_registered,2019,2023,4,all,11474,2706,0.2358375457556214,0.22815895812248382,0.2436929621897811,0.31123973424805573
r_registered,2019,2023,4,container,1985,326,0.16423173803526447,0.14858464998537496,0.18117595035604994,0.2185463348182449
r_registered,2019,2023,4,bulk,3870,1276,0.3297157622739018,0.31507948129542634,0.3446897772101358,0.41050200876801946
r_registered,2019,2023,4,tanker,3397,569,0.16750073594347953,0.15532014768382565,0.18043250836460653,0.23104679219008492
r_registered,2019,2024,5,all,10663,3310,0.3104192066022695,0.30170700520372373,0.31926796080683373,0.38257736921491464
r_registered,2019,2024,5,container,1792,472,0.26339285714285715,0.24352032055145167,0.2842776767774886,0.3058393930975725
r_registered,2019,2024,5,bulk,3597,1420,0.3947734222963581,0.3789196248532192,0.41085174415118253,0.4808069533644046
r_registered,2019,2024,5,tanker,3199,728,0.2275711159737418,0.21337388129973753,0.242421872071269,0.2848730215674404
r_registered,2019,2025,6,all,10718,3473,0.3240343347639485,0.31523827030883284,0.33295649503819486,0.38726714068139917
r_registered,2019,2025,6,container,1834,496,0.27044711014176664,0.2506130640682651,0.291240814960265,0.3079469887824434
r_registered,2019,2025,6,bulk,3656,1516,0.41466083150984684,0.39878860147711237,0.43071221626319645,0.4851772164178631
r_registered,2019,2025,6,tanker,3149,748,0.23753572562718323,0.2229968606804329,0.25271419311941545,0.28942324982035356
r_registered,2020,2021,1,all,11602,2581,0.22246164454404413,0.21498625857362852,0.23012076408296195,0.35166816597057793
r_registered,2020,2021,1,container,1795,216,0.1203342618384401,0.10608789354079096,0.13620225585313012,0.2507773454357102
r_registered,2020,2021,1,bulk,4280,1431,0.3343457943925234,0.32036618581939513,0.3486225088139452,0.4591044768246506
r_registered,2020,2021,1,tanker,3439,547,0.1590578656586217,0.14721555449651258,0.17166103860611526,0.264688188731919
r_registered,2020,2022,2,all,12331,2833,0.22974616819398264,0.2224059897927826,0.2372546839202872,0.3270270589435745
r_registered,2020,2022,2,container,2041,296,0.14502694757471826,0.13041672592968626,0.16097092972051177,0.23136789257302914
r_registered,2020,2022,2,bulk,4547,1533,0.33714537057400484,0.3235471788805209,0.3510185102438818,0.4312125051562621
r_registered,2020,2022,2,tanker,3519,520,0.14776925262858767,0.13642834197951367,0.15987836678650066,0.23375422586331024
r_registered,2020,2023,3,all,12281,2862,0.23304291181499878,0.2256498317212997,0.24060295252298397,0.3174975493704185
r_registered,2020,2023,3,container,2029,340,0.16757023164120255,0.15195039137296543,0.18444650251192948,0.23480971745621274
r_registered,2020,2023,3,bulk,4532,1442,0.3181818181818182,0.3047799463480736,0.33189166934503167,0.3987556379118019
r_registered,2020,2023,3,tanker,3539,585,0.16530093246679853,0.15342688554753062,0.17790082608372035,0.24200806531559338
r_registered,2020,2024,4,all,11460,3658,0.3191972076788831,0.310724002141452,0.3277915893510195,0.39083502597446595
r_registered,2020,2024,4,container,1839,528,0.28711256117455136,0.2668954659123958,0.30821722961173387,0.3429432291785055
r_registered,2020,2024,4,bulk,4231,1655,0.3911604821555188,0.3765606076856739,0.4059578222834659,0.46810506320053125
r_registered,2020,2024,4,tanker,3340,795,0.23802395209580837,0.22388687363820314,0.25276297723990065,0.29489457541391073
r_registered,2020,2025,5,all,11531,3758,0.3259040846414014,0.3174081304067239,0.33451600178075225,0.3963315589215099
r_registered,2020,2025,5,container,1872,554,0.29594017094017094,0.2756969649578365,0.317019179091853,0.3434801236593827
r_registered,2020,2025,5,bulk,4290,1714,0.3995337995337995,0.38497285254251473,0.41427451606092874,0.4761320841780204
r_registered,2020,2025,5,tanker,3286,791,0.24071819841752892,0.22640869275353231,0.25563323899175294,0.29763431323078
r_registered,2021,2022,1,all,12659,2549,0.2013587171182558,0.19446396861487877,0.20843466671196606,0.31896043643397265
r_registered,2021,2022,1,container,2270,219,0.09647577092511013,0.08500295563055749,0.10931207493269723,0.21772008284629607
r_registered,2021,2022,1,bulk,4296,1455,0.33868715083798884,0.3246845697471537,0.3529779748451867,0.44212321337002974
r_registered,2021,2022,1,tanker,3702,435,0.11750405186385737,0.10752497042318548,0.12827614962468706,0.2215826313433844
r_registered,2021,2023,2,all,12593,2718,0.21583419359961883,0.208735951390342,0.2231057572487506,0.3092507081277367
r_registered,2021,2023,2,container,2254,289,0.12821650399290152,0.1150438959204017,0.14265425261225007,0.21311120822312477
r_registered,2021,2023,2,bulk,4275,1382,0.3232748538011696,0.3094178805062611,0.3374491593953796,0.40738103891081145
r_registered,2021,2023,2,tanker,3702,558,0.1507293354943274,0.13956618691339714,0.16261661550319842,0.23136135089774493
r_registered,2021,2024,3,all,11755,3524,0.29978732454274776,0.2915712345772873,0.3081342330089075,0.3792835229201446
r_registered,2021,2024,3,container,2043,472,0.2310327949094469,0.2132704633706396,0.24980474479397846,0.30585963998242893
r_registered,2021,2024,3,bulk,4007,1620,0.4042924881457449,0.3891958070387641,0.41957250732199236,0.47750319633926
r_registered,2021,2024,3,tanker,3474,717,0.20639032815198619,0.19325990075975874,0.22016939400743252,0.27886254698277163
r_registered,2021,2025,4,all,11771,3698,0.3141619233709965,0.3058380483461719,0.3226070595693349,0.382562533430308
r_registered,2021,2025,4,container,2083,503,0.2414786365818531,0.2235857565477592,0.2603233240456121,0.3038432647280862
r_registered,2021,2025,4,bulk,4067,1744,0.4288173100565527,0.41368104364171426,0.44408792481925446,0.4819539636852386
r_registered,2021,2025,4,tanker,3397,732,0.21548425080953781,0.20198306752945333,0.22962821363106878,0.28169520776618695
r_registered,2022,2023,1,all,14647,2685,0.1833139892128081,0.177131057867057,0.18966299715842358,0.307632900956521
r_registered,2022,2023,1,container,2802,272,0.09707351891506068,0.08665658652559785,0.10859377971032938,0.22599786690462267
r_registered,2022,2023,1,bulk,4962,1419,0.28597339782345826,0.27356948916442847,0.2987084505910401,0.402920033291248
r_registered,2022,2023,1,tanker,4189,507,0.12103127238004296,0.1114996581127697,0.13125733036969525,0.22281796861275285
r_registered,2022,2024,2,all,13540,3800,0.28064992614475626,0.27314464300734964,0.2882796429943414,0.3771864421636141
r_registered,2022,2024,2,container,2536,554,0.21845425867507887,0.20280467462052273,0.23495553845733227,0.31076158539359805
r_registered,2022,2024,2,bulk,4586,1752,0.3820322721325774,0.3680737427399858,0.39618827449389876,0.4775197958115488
r_registered,2022,2024,2,tanker,3899,734,0.18825339830725826,0.1762919880414974,0.20082851820707795,0.2703326848415408
r_registered,2022,2025,3,all,13575,3970,0.29244935543278083,0.2848566615422632,0.3001594859323491,0.38015423104801566
r_registered,2022,2025,3,container,2551,603,0.23637789102312817,0.2202948483417191,0.25325372703767035,0.31101984187120274
r_registered,2022,2025,3,bulk,4682,1870,0.39940196497223407,0.38546060215337075,0.41350827464348894,0.4835568512255201
r_registered,2022,2025,3,tanker,3819,730,0.19114951557999477,0.17899126609516472,0.20392849704647317,0.2676345292163277
r_registered,2023,2024,1,all,14082,3597,0.2554324669791223,0.24829683110304915,0.26270150356514693,0.37796747553557586
r_registered,2023,2024,1,container,2553,455,0.1782216999608304,0.16386316878246002,0.19354716121217083,0.3100340929332407
r_registered,2023,2024,1,bulk,4984,1819,0.36496789727126805,0.3517109253790362,0.37843287068698156,0.47774668240193385
r_registered,2023,2024,1,tanker,4034,652,0.16162617749132374,0.15058935369360762,0.17330685857980102,0.27042891830766114
r_registered,2023,2025,2,all,14079,3939,0.27977839335180055,0.2724242488998697,0.2872526844826657,0.3810384407243983
r_registered,2023,2025,2,container,2586,563,0.2177107501933488,0.2022296031991345,0.2340293556499318,0.3106787384198175
r_registered,2023,2025,2,bulk,5059,1987,0.39276536864993083,0.3793939668724016,0.40629950613690596,0.4832696239433192
r_registered,2023,2025,2,tanker,3896,690,0.1771047227926078,0.1654368332765976,0.18940875840076696,0.26778259546870997
r_registered,2024,2025,1,all,11840,2665,0.22508445945945946,0.21765150988270288,0.23269574906746754,0.3781887603162923
r_registered,2024,2025,1,container,2164,332,0.1534195933456562,0.13885024556762077,0.1692172811372824,0.31577270751479863
r_registered,2024,2025,1,bulk,4076,1368,0.3356231599607458,0.32128713683369037,0.3502687392571854,0.47996042956221313
r_registered,2024,2025,1,tanker,3492,538,0.15406643757159222,0.1424730797235136,0.1664200920952553,0.2796860372927582
r_common,2018,2019,1,all,8978,2041,0.2273334818445088,0.21878167363722034,0.23611853301973074,0.3585909171466531
r_common,2018,2019,1,container,1401,134,0.09564596716630978,0.08133239642240803,0.11217098502643291,0.22427563621694183
r_common,2018,2019,1,bulk,2916,1144,0.39231824417009603,0.3747487326028482,0.41017110688433495,0.5151386486548551
r_common,2018,2019,1,tanker,2979,451,0.15139308492782813,0.13897107426039274,0.1647130368905313,0.273156679458902
r_common,2018,2020,2,all,8773,2098,0.2391428245754018,0.2303321139735133,0.2481818881477054,0.34065620622631076
r_common,2018,2020,2,container,1365,186,0.13626373626373625,0.11908149729017849,0.1554875982136402,0.22114285798367675
r_common,2018,2020,2,bulk,2895,1107,0.38238341968911915,0.36484758262480016,0.4002309922100579,0.48250239830106534
r_common,2018,2020,2,tanker,2926,465,0.15892002734107996,0.14612110158429817,0.17261339928428118,0.2518457720369149
r_common,2018,2021,3,all,9049,2372,0.2621284119792242,0.25316914882426717,0.27128955815233563,0.35331921188104687
r_common,2018,2021,3,container,1461,244,0.16700889801505817,0.14876146314235175,0.18700289527018918,0.23360705657027978
r_common,2018,2021,3,bulk,2955,1238,0.41895093062605754,0.401277836803449,0.436834483910171,0.5049622430790868
r_common,2018,2021,3,tanker,2941,488,0.16592995579734784,0.15292211019838192,0.1798094024235533,0.2538450905945213
r_common,2018,2022,4,all,9691,2430,0.2507481168094108,0.24221815244184153,0.25947561427220145,0.3254795373239359
r_common,2018,2022,4,container,1673,267,0.15959354453078303,0.1428268552549004,0.17791995827835166,0.2038080691417602
r_common,2018,2022,4,bulk,3159,1240,0.3925292814181703,0.37564101991211923,0.40967861164957514,0.4757527187106126
r_common,2018,2022,4,tanker,3027,476,0.15725140403039312,0.1447180901738703,0.17065358744860917,0.22362866785343166
r_common,2018,2023,5,all,9661,2371,0.24541972880654175,0.23694074053750544,0.25410109919631907,0.31519942482227525
r_common,2018,2023,5,container,1668,281,0.1684652278177458,0.1512695727704405,0.1871845008690718,0.20740279501748135
r_common,2018,2023,5,bulk,3127,1131,0.36168851934761753,0.34502640186509137,0.37869005827137814,0.4361117775400423
r_common,2018,2023,5,tanker,3054,520,0.17026850032743943,0.157353843950373,0.18401164731640812,0.23400289798165214
r_common,2018,2024,6,all,8940,2900,0.3243847874720358,0.3147576415680326,0.33416279548443034,0.3813118081854923
r_common,2018,2024,6,container,1480,366,0.2472972972972973,0.2259892999371188,0.26991376680531515,0.2830494736084798
r_common,2018,2024,6,bulk,2898,1287,0.4440993788819876,0.42609491916754644,0.46225184655529666,0.503905013337194
r_common,2018,2024,6,tanker,2876,683,0.2374826147426982,0.2222866561257859,0.2533789499269914,0.28770803515839277
r_common,2018,2025,7,all,8999,2917,0.3241471274586065,0.31455327787748644,0.3338910532990167,0.38451607212937317
r_common,2018,2025,7,container,1519,381,0.25082290980908495,0.2296701128716157,0.2732328811101617,0.2801801725005069
r_common,2018,2025,7,bulk,2956,1279,0.43267929634641406,0.4149172398400717,0.45061610491729637,0.507349512697023
r_common,2018,2025,7,tanker,2823,674,0.238753099539497,0.22338809591370445,0.2548281578728537,0.29335135886643576
r_common,2019,2020,1,all,9551,2029,0.2124384881164276,0.20435160307710099,0.22075660593810653,0.33504789456158174
r_common,2019,2020,1,container,1319,144,0.10917361637604246,0.09346457844216403,0.1271526141226903,0.23326471137584892
r_common,2019,2020,1,bulk,3343,1105,0.33054142985342505,0.31479750558961195,0.3466743728524392,0.45453719607656246
r_common,2019,2020,1,tanker,3195,465,0.14553990610328638,0.13373746217955157,0.1581937169072778,0.24642417658519383
r_common,2019,2021,2,all,9631,2390,0.2481569930432977,0.2396317930992484,0.25688302246346933,0.34622400841930306
r_common,2019,2021,2,container,1367,210,0.15362106803218728,0.13547865252487054,0.17370484467859923,0.2464404275770668
r_common,2019,2021,2,bulk,3320,1296,0.39036144578313253,0.37390305654858896,0.4070732691583882,0.4748292038899349
r_common,2019,2021,2,tanker,3193,508,0.15909802693391795,0.1468216128165231,0.17219375535185913,0.24687834916865
r_common,2019,2022,3,all,10252,2453,0.23927038626609443,0.23111032422421202,0.24762577482006337,0.31885899252220573
r_common,2019,2022,3,container,1574,254,0.1613722998729352,0.14402609152691423,0.18036743441383926,0.21713605441412914
r_common,2019,2022,3,bulk,3522,1256,0.35661555934128336,0.3409599853699262,0.37258358391577284,0.4438796161455621
r_common,2019,2022,3,tanker,3291,514,0.15618353084168946,0.144181954173225,0.1689868488429807,0.2203030877673131
r_common,2019,2023,4,all,10264,2443,0.23801636788776306,0.22987635431284847,0.24635241805154018,0.3099355798184612
r_common,2019,2023,4,container,1570,264,0.1681528662420382,0.15046736253715384,0.1874583855177965,0.22845602694585654
r_common,2019,2023,4,bulk,3534,1178,0.3333333333333333,0.317979351581621,0.349049268354331,0.4064506130064556
r_common,2019,2023,4,tanker,3313,556,0.16782372472079687,0.1554843667162477,0.18093254267128533,0.22855015574093898
r_common,2019,2024,5,all,9512,2968,0.312026913372582,0.3027932500171605,0.32141234836102184,0.38172801645354704
r_common,2019,2024,5,container,1400,387,0.2764285714285714,0.2536370439155365,0.3004437013765248,0.3200231862931508
r_common,2019,2024,5,bulk,3276,1284,0.39194139194139194,0.37535992314009603,0.40877599366759376,0.47656638170422144
r_common,2019,2024,5,tanker,3121,712,0.2281320089714835,0.21374925579839488,0.2431832171947963,0.2837529581949539
r_common,2019,2025,6,all,9565,3116,0.3257710402509148,0.3164502790628252,0.3352316967366279,0.38659900196952923
r_common,2019,2025,6,container,1441,404,0.28036086051353226,0.25777623230885593,0.304113458574906,0.32098936609242523
r_common,2019,2025,6,bulk,3328,1387,0.4167668269230769,0.40012151234244464,0.43360407653308897,0.4833788952868017
r_common,2019,2025,6,tanker,3071,727,0.2367307066102247,0.22203115045459992,0.2520881017371227,0.28788034636861587
r_common,2020,2021,1,all,10384,2335,0.22486517719568566,0.21693762066278943,0.23299623277602305,0.3509955734743239
r_common,2020,2021,1,container,1398,177,0.12660944206008584,0.11019483232350454,0.14507052718644298,0.259789618313844
r_common,2020,2021,1,bulk,3880,1293,0.33324742268041235,0.31858656815533953,0.34823815507745143,0.4542368020713838
r_common,2020,2021,1,tanker,3350,532,0.15880597014925374,0.1468207095977484,0.17157286033113556,0.26139692131433034
r_common,2020,2022,2,all,10967,2534,0.23105680678398832,0.2232628601569379,0.23903910216471294,0.3262297398598823
r_common,2020,2022,2,container,1580,233,0.14746835443037976,0.13084005854539313,0.16580677785541872,0.23520253579935058
r_common,2020,2022,2,bulk,4125,1398,0.3389090909090909,0.3246199599810615,0.3534979896152609,0.428911679462173
r_common,2020,2022,2,tanker,3407,502,0.1473437041385383,0.1358388946417639,0.1596429008189224,0.23246811636397124
r_common,2020,2023,3,all,10924,2542,0.23269864518491395,0.2248694364468153,0.24071578945909458,0.3158679152186065
r_common,2020,2023,3,container,1571,274,0.17441120305537874,0.15644700670244818,0.19396385366598504,0.245728691590197
r_common,2020,2023,3,bulk,4100,1293,0.3153658536585366,0.3013209850112481,0.3297563938037627,0.39344842099505356
r_common,2020,2023,3,tanker,3434,563,0.16394874781595806,0.1519424757319108,0.1767060576967381,0.23969504220511353
r_common,2020,2024,4,all,10183,3259,0.32004320927035257,0.3110517984079559,0.32917034856250454,0.3900125608866634
r_common,2020,2024,4,container,1415,427,0.3017667844522968,0.2784124920533643,0.3261945338472014,0.36105144838700576
r_common,2020,2024,4,bulk,3817,1481,0.38800104794341106,0.37266182699355044,0.4035654837643726,0.4640659921970682
r_common,2020,2024,4,tanker,3248,773,0.23799261083743842,0.22366184246960796,0.252942430014021,0.2939117004606377
r_common,2020,2025,5,all,10257,3355,0.3270936921127035,0.3180804517365912,0.33623640274053074,0.3952129393267122
r_common,2020,2025,5,container,1451,454,0.31288766368022053,0.28955033945559994,0.3372131514976421,0.35899743993252003
r_common,2020,2025,5,bulk,3875,1554,0.40103225806451614,0.38570598535428274,0.4165545658370832,0.47341090447075357
r_common,2020,2025,5,tanker,3193,765,0.23958659567804572,0.22509997224921682,0.25469908942465536,0.2963511937907767
r_common,2021,2022,1,all,11141,2249,0.20186697782963828,0.194516750956728,0.20942273616886742,0.3176583674615684
r_common,2021,2022,1,container,1744,166,0.09518348623853211,0.08228615489512132,0.10986031878990825,0.22197638699750538
r_common,2021,2022,1,bulk,3859,1320,0.34205752785695775,0.32725327551614797,0.35717592810431636,0.43958480375218856
r_common,2021,2022,1,tanker,3594,423,0.11769616026711185,0.1075665312213113,0.12864220014696243,0.2203721257169688
r_common,2021,2023,2,all,11081,2389,0.21559426044580815,0.20803657170878462,0.22334907840280557,0.3075464901525092
r_common,2021,2023,2,container,1735,232,0.13371757925072045,0.1185089238729762,0.15054468054964631,0.22316821295203554
r_common,2021,2023,2,bulk,3838,1238,0.3225638353309015,0.30795835989899634,0.33752416077546354,0.402718878218146
r_common,2021,2023,2,tanker,3591,541,0.15065441381230854,0.13932815175495086,0.162727326850838,0.22863000154492552
r_common,2021,2024,3,all,10323,3085,0.29884723433110527,0.2900929142074183,0.30775121269387934,0.37740672785710905
r_common,2021,2024,3,container,1560,381,0.24423076923076922,0.22355593843646357,0.26616220181508105,0.31766921484312793
r_common,2021,2024,3,bulk,3580,1431,0.39972067039106146,0.38379030193780167,0.41586602215866525,0.47211383243757815
r_common,2021,2024,3,tanker,3373,698,0.2069374444115031,0.19360289621727095,0.22093878675654693,0.277731826244088
r_common,2021,2025,4,all,10340,3247,0.31402321083172147,0.3051476241087331,0.3230369374181953,0.38081602356197886
r_common,2021,2025,4,container,1597,406,0.2542266750156543,0.2334780677025611,0.27615486537464023,0.31449430202122836
r_common,2021,2025,4,bulk,3645,1554,0.42633744855967076,0.41036819550680853,0.4424618095008081,0.4790003274213745
r_common,2021,2025,4,tanker,3298,710,0.21528198908429352,0.20158964094444437,0.22963686004821388,0.2800272970614406
r_common,2022,2023,1,all,12827,2365,0.18437670538707415,0.17776047980243387,0.19118192846484616,0.30593646011604486
r_common,2022,2023,1,container,2173,215,0.09894155545329038,0.0870861695337245,0.11221248407524731,0.23464281659361477
r_common,2022,2023,1,bulk,4426,1262,0.2851333032083145,0.2720230216289808,0.2986162535992802,0.39755087674339834
r_common,2022,2023,1,tanker,4043,498,0.12317585951026465,0.11340174320558577,0.13366540170070362,0.2213989270555223
r_common,2022,2024,2,all,11835,3338,0.2820447824250106,0.2740091502937036,0.29022186365955344,0.37551527847102684
r_common,2022,2024,2,container,1953,444,0.22734254992319508,0.20930009996054813,0.2464555421926031,0.3221676568844328
r_common,2022,2024,2,bulk,4072,1552,0.381139489194499,0.36634081842562766,0.3961622189838733,0.4715925506315953
r_common,2022,2024,2,tanker,3767,719,0.19086806477302892,0.17863570336730658,0.20373029153420288,0.2697811838778536
r_common,2022,2025,3,all,11868,3476,0.29288843950117965,0.2847688003157642,0.3011421168245049,0.37848968212346695
r_common,2022,2025,3,container,1968,480,0.24390243902439024,0.22544010448391494,0.26336264721784447,0.3209952884024441
r_common,2022,2025,3,bulk,4167,1669,0.4005279577633789,0.3857481264033569,0.41549102878297284,0.4817682310717438
r_common,2022,2025,3,tanker,3690,707,0.1915989159891599,0.17922369378520833,0.20461561323867708,0.2662827365769773
r_common,2023,2024,1,all,12355,3176,0.25706191825172,0.24943224488820412,0.2648426204842918,0.3763129396295074
r_common,2023,2024,1,container,1970,365,0.18527918781725888,0.1687405042020229,0.20304292563348159,0.32124795625599606
r_common,2023,2024,1,bulk,4451,1622,0.364412491574927,0.35039626002294466,0.37866256891499106,0.47215767701000133
r_common,2023,2024,1,tanker,3901,640,0.16406049730838246,0.15277063770412583,0.17601135437463092,0.2698824378488012
r_common,2023,2025,2,all,12357,3473,0.2810552723152869,0.2731984561964538,0.28904817917827663,0.37982861503517884
r_common,2023,2025,2,container,1999,449,0.22461230615307654,0.20685571734507605,0.24342532335230108,0.3203310417527476
r_common,2023,2025,2,bulk,4531,1790,0.3950562789671154,0.3809163083998164,0.40937405146633643,0.48197384754743633
r_common,2023,2025,2,tanker,3769,670,0.1777659856725922,0.1658901301192791,0.19029805440455572,0.2664565669500287
r_common,2024,2025,1,all,10352,2360,0.22797527047913446,0.21999533689235418,0.2361570244956377,0.37686699324410455
r_common,2024,2025,1,container,1653,263,0.15910465819721717,0.14226455760549553,0.17752557803571486,0.32396476968939975
r_common,2024,2025,1,bulk,3639,1229,0.3377301456444078,0.3225421860080849,0.3532603523180394,0.47878965773673227
r_common,2024,2025,1,tanker,3368,523,0.15528503562945367,0.14344665101971987,0.16790890020190335,0.27789783260687134
own_common,2018,2019,1,all,9910,1751,0.17669021190716447,0.16930647120933567,0.18432451680241546,0.30591578260232394
own_common,2018,2019,1,container,1440,105,0.07291666666666667,0.06059369943060995,0.08751229779235413,0.18239394448244406
own_common,2018,2019,1,bulk,4087,953,0.23317837044286763,0.22046842151816473,0.24638944948813388,0.33430549452976
own_common,2018,2019,1,tanker,2875,413,0.14365217391304347,0.13130653434217976,0.15694885282465842,0.2803288864626595
own_common,2018,2020,2,all,9688,1759,0.1815648224607762,0.17401531293017564,0.1893667712343035,0.28542310607842336
own_common,2018,2020,2,container,1399,138,0.09864188706218728,0.08409849498946975,0.11538347075776786,0.17392923821345618
own_common,2018,2020,2,bulk,4060,894,0.22019704433497536,0.20771831799642562,0.23320477310043206,0.3011661205457778
own_common,2018,2020,2,tanker,2819,459,0.16282369634622207,0.14965473820397995,0.1769103797254143,0.27431999912541616
own_common,2018,2021,3,all,9925,2149,0.21652392947103274,0.2085312341018798,0.2247359861144242,0.3067245604062739
own_common,2018,2021,3,container,1499,180,0.12008005336891261,0.10458804503992511,0.13751438278746536,0.17933086198332374
own_common,2018,2021,3,bulk,4092,1142,0.27908113391984357,0.26554974440416945,0.2930269349283515,0.3444670923633056
own_common,2018,2021,3,tanker,2841,469,0.1650827173530447,0.15188481084912714,0.17918515100744858,0.269194692835949
own_common,2018,2022,4,all,10605,2228,0.2100895803866101,0.20244185879708473,0.21794726266929668,0.28533991776379164
own_common,2018,2022,4,container,1726,198,0.11471610660486674,0.1005295807460703,0.1306138950496326,0.1558367760450772
own_common,2018,2022,4,bulk,4341,1117,0.2573139829532366,0.24452798433142467,0.2705291353573577,0.3182436986283781
own_common,2018,2022,4,tanker,2905,493,0.16970740103270224,0.15649513765673242,0.1837920749573886,0.2517590916479021
own_common,2018,2023,5,all,10571,1980,0.18730489073881373,0.17998130766104256,0.19485566389227124,0.25709783573080763
own_common,2018,2023,5,container,1711,194,0.11338398597311514,0.0992183268475726,0.1292818448300914,0.15149177312152587
own_common,2018,2023,5,bulk,4330,906,0.2092378752886836,0.19738235447053168,0.22160887031257995,0.2594164392987878
own_common,2018,2023,5,tanker,2918,505,0.1730637422892392,0.1597696185380748,0.18721756926841,0.25378519418000567
own_common,2018,2024,6,all,9791,2380,0.24308037994076193,0.2346856688525266,0.2516766220904939,0.3056335548641703
own_common,2018,2024,6,container,1524,209,0.13713910761154854,0.12077821082275184,0.15532475691945388,0.17967227116796736
own_common,2018,2024,6,bulk,4002,1057,0.26411794102948527,0.25068977601395065,0.27799852758746996,0.30463026587974923
own_common,2018,2024,6,tanker,2749,671,0.2440887595489269,0.22839561673882736,0.2604961524061899,0.31785094032877287
own_common,2018,2025,7,all,9876,2320,0.23491292021061158,0.22665567313980545,0.2433763160370251,0.3004540942322277
own_common,2018,2025,7,container,1563,230,0.1471529110684581,0.13045533422237066,0.16558071690111242,0.1857929405235824
own_common,2018,2025,7,bulk,4097,963,0.23505003661215523,0.22231761078658493,0.2482788638492557,0.2927475382010108
own_common,2018,2025,7,tanker,2692,667,0.24777117384843983,0.2318295793745169,0.26443162528973346,0.3163807169976221
own_common,2019,2020,1,all,10641,1682,0.15806785076590546,0.15125993526625373,0.1651225649674745,0.2739825659550285
own_common,2019,2020,1,container,1361,104,0.07641440117560618,0.06346210074855625,0.09175122217477787,0.18384285893021485
own_common,2019,2020,1,bulk,4682,875,0.1868859461768475,0.1759780987482818,0.1983071950610522,0.269991113465825
own_common,2019,2020,1,tanker,3098,476,0.15364751452550032,0.14137854775437125,0.16677438952005302,0.2715599306875503
own_common,2019,2021,2,all,10719,2047,0.19096930683832447,0.18363932634214233,0.1985207160108101,0.2915326976149263
own_common,2019,2021,2,container,1416,160,0.11299435028248588,0.097540696305552,0.13054221097086532,0.19119857467714993
own_common,2019,2021,2,bulk,4670,1086,0.23254817987152035,0.22065442486269873,0.24488159159108955,0.30378089320226925
own_common,2019,2021,2,tanker,3093,484,0.15648237956676367,0.1441053529968554,0.1697116662526923,0.26398836438987633
own_common,2019,2022,3,all,11383,2194,0.19274356496529912,0.18560128722242342,0.20009316206191546,0.2726295023452695
own_common,2019,2022,3,container,1631,209,0.12814224402207236,0.11278980852070955,0.14524228461907843,0.1676618405205074
own_common,2019,2022,3,bulk,4918,1076,0.21878812525416835,0.2074553571126831,0.23055987685990148,0.2806307382357809
own_common,2019,2022,3,tanker,3184,533,0.16739949748743718,0.1548341671957928,0.18076644733913266,0.24992382099708343
own_common,2019,2023,4,all,11377,1974,0.17350795464533708,0.1666598740346204,0.18057644985903615,0.24554619627027105
own_common,2019,2023,4,container,1624,195,0.12007389162561577,0.10515450305860072,0.13678648186278233,0.16763922863964284
own_common,2019,2023,4,bulk,4920,853,0.1733739837398374,0.16305147498096942,0.18420616222653133,0.22505729175351002
own_common,2019,2023,4,tanker,3200,555,0.1734375,0.16071240071061835,0.1869457356966248,0.25243995421817905
own_common,2019,2024,5,all,10543,2395,0.22716494356445036,0.21926703864309763,0.23526160432049817,0.29546210268411593
own_common,2019,2024,5,container,1449,222,0.15320910973084886,0.1355818580342002,0.17267032857719633,0.2052831874790904
own_common,2019,2024,5,bulk,4556,981,0.2153204565408253,0.2036270724182248,0.22749351738471923,0.26826916257056177
own_common,2019,2024,5,tanker,3006,749,0.24916833000665337,0.23403254774792615,0.2649444083815924,0.3154409810316684
own_common,2019,2025,6,all,10657,2433,0.22830064746176224,0.2204301603684335,0.23636694653164464,0.29249963502631665
own_common,2019,2025,6,container,1493,250,0.16744809109176156,0.1493670009502529,0.1872361506457476,0.21425237819751042
own_common,2019,2025,6,bulk,4657,986,0.2117242860210436,0.20023082696463523,0.22369295538402906,0.26234405956658063
own_common,2019,2025,6,tanker,2971,737,0.24806462470548638,0.23286637258062218,0.2639135568112487,0.31302620080284743
own_common,2020,2021,1,all,11368,1987,0.17478888106966925,0.16791748164924047,0.1818800040983627,0.29019967385431056
own_common,2020,2021,1,container,1457,139,0.09540150995195608,0.08136327796232018,0.11156770100213428,0.2090384222435043
own_common,2020,2021,1,bulk,5133,1076,0.20962400155854277,0.19870775546444586,0.22097456450430697,0.2849258368178515
own_common,2020,2021,1,tanker,3190,459,0.1438871473354232,0.13213556002445961,0.15649541027788735,0.2778112068451636
own_common,2020,2022,2,all,12015,2202,0.183270911360799,0.17645452225426778,0.19028977363527955,0.27328550880904545
own_common,2020,2022,2,container,1652,194,0.11743341404358354,0.10278901059925177,0.1338529483900622,0.18823338431665312
own_common,2020,2022,2,bulk,5412,1134,0.20953436807095344,0.19889936994403318,0.2205814361415806,0.267476387245152
own_common,2020,2022,2,tanker,3253,495,0.15216723024900092,0.14023472130022618,0.1649203098809034,0.26005933805282433
own_common,2020,2023,3,all,11974,2005,0.16744613328879238,0.16086526150737368,0.17424032212298585,0.2462060395750418
own_common,2020,2023,3,container,1638,199,0.12148962148962149,0.10654768711286848,0.1382028418053901,0.18709534066180447
own_common,2020,2023,3,bulk,5406,886,0.16389197188309285,0.15426328788482374,0.173998005384835,0.21345078669413123
own_common,2020,2023,3,tanker,3269,560,0.17130620985010706,0.15877771861545073,0.18460633027955228,0.26309807453279244
own_common,2020,2024,4,all,11146,2557,0.2294096536874215,0.22169792993871956,0.2373078374615994,0.29875704464191677
own_common,2020,2024,4,container,1473,280,0.19008825526137135,0.17086640053615015,0.21092241147997942,0.24433830440585574
own_common,2020,2024,4,bulk,5018,1047,0.2086488640892786,0.1976308027916664,0.22011267999759565,0.25760145192832856
own_common,2020,2024,4,tanker,3092,775,0.25064683053040104,0.23568655869466923,0.26622594225499163,0.3274339303468758
own_common,2020,2025,5,all,11227,2572,0.22909058519640152,0.22141029825241973,0.2369562056434236,0.29439738497925577
own_common,2020,2025,5,container,1509,304,0.20145791915175612,0.1819902157679863,0.22244181465740653,0.24896817564004298
own_common,2020,2025,5,bulk,5098,1070,0.2098862298940761,0.19892801278917233,0.2212813484736313,0.25124174719438147
own_common,2020,2025,5,tanker,3028,741,0.24471598414795245,0.22973259007011593,0.2603463111495256,0.3214563361405501
own_common,2021,2022,1,all,12208,1971,0.16145150720838794,0.1550310852598508,0.16808493026396662,0.2690657800814897
own_common,2021,2022,1,container,1834,141,0.07688113413304253,0.06555368456809046,0.08997745587404557,0.17581754923301907
own_common,2021,2022,1,bulk,5166,1039,0.20112272551296942,0.19041588225433445,0.21227374754012582,0.2762402673231397
own_common,2021,2022,1,tanker,3488,463,0.13274082568807338,0.12188365661715642,0.1444060857354176,0.24645615197624485
own_common,2021,2023,2,all,12117,1857,0.15325575637534042,0.14695152104244702,0.15977978712018087,0.24277109023789942
own_common,2021,2023,2,container,1821,175,0.09610104338275673,0.08340178731590708,0.110500850589761,0.17157229340169283
own_common,2021,2023,2,bulk,5146,812,0.1577924601632336,0.14808784551535725,0.16800762429482102,0.2218191170758219
own_common,2021,2023,2,tanker,3463,535,0.1544903263066705,0.14283616990641954,0.1669101998152314,0.24983325745840712
own_common,2021,2024,3,all,11288,2386,0.21137491141034728,0.20394175840957152,0.2190044508252446,0.2907721174057795
own_common,2021,2024,3,container,1644,236,0.1435523114355231,0.1274330343593634,0.1613335558274603,0.20919279485834322
own_common,2021,2024,3,bulk,4785,985,0.2058516196447231,0.19463348459791605,0.2175416852803276,0.26256955839562884
own_common,2021,2024,3,tanker,3260,728,0.2233128834355828,0.20934683707066817,0.23793026118066848,0.30981687649330825
own_common,2021,2025,4,all,11332,2444,0.2156724320508295,0.20819679112479444,0.22334078434732574,0.2840368978283911
own_common,2021,2025,4,container,1678,245,0.14600715137067938,0.1299200512446038,0.1637114060816985,0.20329963512054192
own_common,2021,2025,4,bulk,4868,1017,0.2089153656532457,0.19772679285426434,0.22056299719145475,0.2546668902713348
own_common,2021,2025,4,tanker,3190,731,0.22915360501567397,0.21489946457828424,0.2440593015671627,0.3051658361367421
own_common,2022,2023,1,all,13725,1826,0.13304189435336977,0.12746254914648278,0.13882660375626474,0.2445630868784879
own_common,2022,2023,1,container,2252,174,0.07726465364120781,0.06694235079500543,0.0890267562557733,0.1893330251041002
own_common,2022,2023,1,bulk,5751,846,0.14710485133020346,0.13818571490874423,0.1564951326058077,0.2216315219556511
own_common,2022,2023,1,tanker,3831,497,0.1297311406943357,0.11946074980100348,0.14074337440584783,0.24570985309610108
own_common,2022,2024,2,all,12694,2541,0.2001733102253033,0.19330370243499442,0.20722433691304717,0.29196433657419024
own_common,2022,2024,2,container,2013,281,0.1395926477893691,0.12513828378606284,0.15541999109283688,0.22576048497543252
own_common,2022,2024,2,bulk,5309,1061,0.19984931248822754,0.18931114964877013,0.21082154017205954,0.26272328537817313
own_common,2022,2024,2,tanker,3588,755,0.21042363433667782,0.1973993910240588,0.224067301716512,0.3070620931662393
own_common,2022,2025,3,all,12741,2573,0.20194647201946472,0.19506589047146614,0.20900673448763887,0.285161203200988
own_common,2022,2025,3,container,2039,305,0.14958312898479648,0.13476142313798614,0.16572276516129267,0.22118345164494918
own_common,2022,2025,3,bulk,5429,1088,0.2004052311659606,0.18997030264549522,0.21126385076696577,0.25630782551796844
own_common,2022,2025,3,tanker,3504,722,0.2060502283105023,0.192983251912939,0.2197610407597975,0.29833412324934433
own_common,2023,2024,1,all,13428,2443,0.18193327375633006,0.17549923678481022,0.1885492493140729,0.29119327669814443
own_common,2023,2024,1,container,2041,212,0.10387065164135229,0.09137007417281234,0.11785962850929274,0.22466073705540412
own_common,2023,2024,1,bulk,5786,1125,0.19443484272381611,0.184441207975205,0.20483396666860562,0.2628268642083281
own_common,2023,2024,1,tanker,3750,681,0.1816,0.1695888209394592,0.19426286635603035,0.3066453903135173
own_common,2023,2025,2,all,13485,2601,0.192880978865406,0.18630928199111985,0.19962760972832927,0.28499306485714326
own_common,2023,2025,2,container,2081,274,0.13166746756367131,0.1178158189038736,0.14687652031268844,0.22083715503983986
own_common,2023,2025,2,bulk,5906,1172,0.19844226210633253,0.18846799529186534,0.2088085746926838,0.256550903750213
own_common,2023,2025,2,tanker,3624,689,0.190121412803532,0.17767631969494854,0.20322278019960036,0.29790628116554224
own_common,2024,2025,1,all,11881,1918,0.16143422270852623,0.15492781645437118,0.16815950176449349,0.2883854464690624
own_common,2024,2025,1,container,1842,165,0.08957654723127036,0.0773747564930013,0.10348669987465237,0.22191624173435195
own_common,2024,2025,1,bulk,5212,932,0.17881811204911743,0.16865231655415558,0.18945702480314336,0.26222391858373695
own_common,2024,2025,1,tanker,3182,515,0.16184789440603395,0.14945949388013655,0.17505180636781045,0.3070964175369468
