pilot,variant,bound,period,n_nodes,n_ship_years,n_full,n_ships,touch_share,feasible_share,feasible_long_share,median_req_lb
methanol_pilot,all,lower,2024,8,10,10,10,1.0,0.0,0.3,24238.43439997174
methanol_pilot,all,lower,2025,12,19,19,19,1.0,0.05263157894736842,0.5263157894736842,19044.624060853384
methanol_pilot,all,lower,2026,17,19,18,18,0.9444444444444444,0.0,0.4444444444444444,20349.866333134007
methanol_pilot,all,lower,pool,-1,48,47,19,0.9787234042553191,0.02127659574468085,0.44680851063829785,20637.52980810916
methanol_pilot,all,upper,2024,12,10,10,10,1.0,0.1,0.8,14643.101614259067
methanol_pilot,all,upper,2025,17,19,19,19,1.0,0.05263157894736842,0.5263157894736842,19044.624060853384
methanol_pilot,all,upper,2026,27,19,18,18,0.9444444444444444,0.0,0.5555555555555556,19548.106083107763
methanol_pilot,all,upper,pool,-1,48,47,19,0.9787234042553191,0.0425531914893617,0.5957446808510638,18244.740245424444
methanol_pilot,strict,lower,2024,8,10,10,10,1.0,0.0,0.3,24238.43439997174
methanol_pilot,strict,lower,2025,12,19,19,19,1.0,0.05263157894736842,0.5263157894736842,19044.624060853384
methanol_pilot,strict,lower,2026,16,19,18,18,0.9444444444444444,0.0,0.4444444444444444,20349.866333134007
methanol_pilot,strict,lower,pool,-1,48,47,19,0.9787234042553191,0.02127659574468085,0.44680851063829785,20637.52980810916
methanol_pilot,strict,upper,2024,12,10,10,10,1.0,0.1,0.8,14643.101614259067
methanol_pilot,strict,upper,2025,16,19,19,19,1.0,0.05263157894736842,0.5263157894736842,19044.624060853384
methanol_pilot,strict,upper,2026,22,19,18,18,0.9444444444444444,0.0,0.5555555555555556,19548.106083107763
methanol_pilot,strict,upper,pool,-1,48,47,19,0.9787234042553191,0.0425531914893617,0.5957446808510638,18244.740245424444
methanol_pilot_ext,all,lower,2024,8,16,15,15,0.8666666666666667,0.0,0.4,23293.152705750428
methanol_pilot_ext,all,lower,2025,12,37,35,35,0.9142857142857143,0.2,0.5714285714285714,18312.363306056708
methanol_pilot_ext,all,lower,2026,17,41,38,38,0.8947368421052632,0.07894736842105263,0.42105263157894735,21403.159594533266
methanol_pilot_ext,all,lower,pool,-1,94,88,40,0.8977272727272727,0.11363636363636363,0.4772727272727273,20353.24453770439
methanol_pilot_ext,all,upper,2024,12,16,15,15,0.8666666666666667,0.2,0.8666666666666667,14390.562576874858
methanol_pilot_ext,all,upper,2025,17,37,35,35,0.9428571428571428,0.2,0.6,18238.125574716832
methanol_pilot_ext,all,upper,2026,27,41,38,38,0.9210526315789473,0.07894736842105263,0.5263157894736842,19546.622530612163
methanol_pilot_ext,all,upper,pool,-1,94,88,40,0.9204545454545454,0.14772727272727273,0.6136363636363636,17251.800585756428
methanol_pilot_ext,strict,lower,2024,8,16,15,15,0.8666666666666667,0.0,0.4,23293.152705750428
methanol_pilot_ext,strict,lower,2025,12,37,35,35,0.9142857142857143,0.2,0.5714285714285714,18312.363306056708
methanol_pilot_ext,strict,lower,2026,16,41,38,38,0.8947368421052632,0.07894736842105263,0.42105263157894735,21403.159594533266
methanol_pilot_ext,strict,lower,pool,-1,94,88,40,0.8977272727272727,0.11363636363636363,0.4772727272727273,20353.24453770439
methanol_pilot_ext,strict,upper,2024,12,16,15,15,0.8666666666666667,0.2,0.8666666666666667,14390.562576874858
methanol_pilot_ext,strict,upper,2025,16,37,35,35,0.9428571428571428,0.2,0.6,18238.125574716832
methanol_pilot_ext,strict,upper,2026,22,41,38,38,0.9210526315789473,0.07894736842105263,0.5263157894736842,19546.622530612163
methanol_pilot_ext,strict,upper,pool,-1,94,88,40,0.9204545454545454,0.14772727272727273,0.6136363636363636,17251.800585756428
