variant,bound,year,n_nodes,nodes,ports
all,lower,2023,3,nld-rotterdam;nld-rotterdammaasvlakte;swe-goteborg,Rotterdam;Rotterdam;Gothenburg
all,upper,2023,8,bel-antwerp;egy-portsaid;kor-ulsan;nld-rotterdam;nld-rotterdammaasvlakte;sgp-singapore;swe-goteborg;usa-houston,Antwerp-Bruges;East Port Said;Ulsan;Rotterdam;Rotterdam;Singapore;Gothenburg;Houston
all,lower,2024,8,bel-antwerp;egy-portsaid;kor-ulsan;nld-rotterdam;nld-rotterdammaasvlakte;sgp-singapore;swe-goteborg;usa-houston,Antwerp-Bruges;East Port Said;Ulsan;Rotterdam;Rotterdam;Singapore;Gothenburg;Houston
all,upper,2024,12,bel-antwerp;chn-yangshan;egy-portsaid;kor-busan;kor-ulsan;mys-tanjungpelepas;nld-rotterdam;nld-rotterdammaasvlakte;sgp-singapore;swe-goteborg;usa-houston;usa-savannah,Antwerp-Bruges;Shanghai (Yangshan);East Port Said;Busan New Port;Ulsan;Tanjung Pelepas;Rotterdam;Rotterdam;Singapore;Gothenburg;Houston;Savannah
all,lower,2025,12,bel-antwerp;chn-yangshan;egy-portsaid;kor-busan;kor-ulsan;mys-tanjungpelepas;nld-rotterdam;nld-rotterdammaasvlakte;sgp-singapore;swe-goteborg;usa-houston;usa-savannah,Antwerp-Bruges;Shanghai (Yangshan);East Port Said;Busan New Port;Ulsan;Tanjung Pelepas;Rotterdam;Rotterdam;Singapore;Gothenburg;Houston;Savannah
all,upper,2025,17,bel-antwerp;chn-caofeidian;chn-dalian;chn-qingdao;chn-yangpu;chn-yangshan;deu-bremerhaven;egy-portsaid;kor-busan;kor-ulsan;mys-tanjungpelepas;nld-rotterdam;nld-rotterdammaasvlakte;sgp-singapore;swe-goteborg;usa-houston;usa-savannah,Antwerp-Bruges;Tianjin;Dalian;Qingdao;Yangpu (Hainan);Shanghai (Yangshan);Bremerhaven;East Port Said;Busan New Port;Ulsan;Tanjung Pelepas;Rotterdam;Rotterdam;Singapore;Gothenburg;Houston;Savannah
all,lower,2026,17,bel-antwerp;chn-caofeidian;chn-dalian;chn-qingdao;chn-yangpu;chn-yangshan;deu-bremerhaven;egy-portsaid;kor-busan;kor-ulsan;mys-tanjungpelepas;nld-rotterdam;nld-rotterdammaasvlakte;sgp-singapore;swe-goteborg;usa-houston;usa-savannah,Antwerp-Bruges;Tianjin;Dalian;Qingdao;Yangpu (Hainan);Shanghai (Yangshan);Bremerhaven;East Port Said;Busan New Port;Ulsan;Tanjung Pelepas;Rotterdam;Rotterdam;Singapore;Gothenburg;Houston;Savannah
all,upper,2026,27,bel-antwerp;chn-caofeidian;chn-dalian;chn-guangzhou;chn-hongkong;chn-ningbo;chn-qingdao;chn-yangpu;chn-yangshan;chn-yantian;chn-zhoushan;deu-bremerhaven;deu-kiel;egy-portsaid;gbr-immingham;hkg-hongkong;ind-kandla;jpn-yokohama;kor-busan;kor-ulsan;mys-tanjungpelepas;nld-rotterdam;nld-rotterdammaasvlakte;sgp-singapore;swe-goteborg;usa-houston;usa-savannah,Antwerp-Bruges;Tianjin;Dalian;Guangzhou;Hong Kong;Ningbo (Meishan);Qingdao;Yangpu (Hainan);Shanghai (Yangshan);Shenzhen (Yantian);Zhoushan (Tsuneishi shipyard);Bremerhaven;Kiel;East Port Said;Immingham;Hong Kong;Kandla (Deendayal);Yokohama;Busan New Port;Ulsan;Tanjung Pelepas;Rotterdam;Rotterdam;Singapore;Gothenburg;Houston;Savannah
strict,lower,2023,3,nld-rotterdam;nld-rotterdammaasvlakte;swe-goteborg,Rotterdam;Rotterdam;Gothenburg
strict,upper,2023,8,bel-antwerp;egy-portsaid;kor-ulsan;nld-rotterdam;nld-rotterdammaasvlakte;sgp-singapore;swe-goteborg;usa-houston,Antwerp-Bruges;East Port Said;Ulsan;Rotterdam;Rotterdam;Singapore;Gothenburg;Houston
strict,lower,2024,8,bel-antwerp;egy-portsaid;kor-ulsan;nld-rotterdam;nld-rotterdammaasvlakte;sgp-singapore;swe-goteborg;usa-houston,Antwerp-Bruges;East Port Said;Ulsan;Rotterdam;Rotterdam;Singapore;Gothenburg;Houston
strict,upper,2024,12,bel-antwerp;chn-yangshan;egy-portsaid;kor-busan;kor-ulsan;mys-tanjungpelepas;nld-rotterdam;nld-rotterdammaasvlakte;sgp-singapore;swe-goteborg;usa-houston;usa-savannah,Antwerp-Bruges;Shanghai (Yangshan);East Port Said;Busan New Port;Ulsan;Tanjung Pelepas;Rotterdam;Rotterdam;Singapore;Gothenburg;Houston;Savannah
strict,lower,2025,12,bel-antwerp;chn-yangshan;egy-portsaid;kor-busan;kor-ulsan;mys-tanjungpelepas;nld-rotterdam;nld-rotterdammaasvlakte;sgp-singapore;swe-goteborg;usa-houston;usa-savannah,Antwerp-Bruges;Shanghai (Yangshan);East Port Said;Busan New Port;Ulsan;Tanjung Pelepas;Rotterdam;Rotterdam;Singapore;Gothenburg;Houston;Savannah
strict,upper,2025,16,bel-antwerp;chn-caofeidian;chn-dalian;chn-qingdao;chn-yangpu;chn-yangshan;egy-portsaid;kor-busan;kor-ulsan;mys-tanjungpelepas;nld-rotterdam;nld-rotterdammaasvlakte;sgp-singapore;swe-goteborg;usa-houston;usa-savannah,Antwerp-Bruges;Tianjin;Dalian;Qingdao;Yangpu (Hainan);Shanghai (Yangshan);East Port Said;Busan New Port;Ulsan;Tanjung Pelepas;Rotterdam;Rotterdam;Singapore;Gothenburg;Houston;Savannah
strict,lower,2026,16,bel-antwerp;chn-caofeidian;chn-dalian;chn-qingdao;chn-yangpu;chn-yangshan;egy-portsaid;kor-busan;kor-ulsan;mys-tanjungpelepas;nld-rotterdam;nld-rotterdammaasvlakte;sgp-singapore;swe-goteborg;usa-houston;usa-savannah,Antwerp-Bruges;Tianjin;Dalian;Qingdao;Yangpu (Hainan);Shanghai (Yangshan);East Port Said;Busan New Port;Ulsan;Tanjung Pelepas;Rotterdam;Rotterdam;Singapore;Gothenburg;Houston;Savannah
strict,upper,2026,22,bel-antwerp;chn-caofeidian;chn-dalian;chn-hongkong;chn-ningbo;chn-qingdao;chn-yangpu;chn-yangshan;chn-yantian;chn-zhoushan;egy-portsaid;hkg-hongkong;jpn-yokohama;kor-busan;kor-ulsan;mys-tanjungpelepas;nld-rotterdam;nld-rotterdammaasvlakte;sgp-singapore;swe-goteborg;usa-houston;usa-savannah,Antwerp-Bruges;Tianjin;Dalian;Hong Kong;Ningbo (Meishan);Qingdao;Yangpu (Hainan);Shanghai (Yangshan);Shenzhen (Yantian);Zhoushan (Tsuneishi shipyard);East Port Said;Hong Kong;Yokohama;Busan New Port;Ulsan;Tanjung Pelepas;Rotterdam;Rotterdam;Singapore;Gothenburg;Houston;Savannah
