variant,bound,year,n_nodes,vessel_group,n_full,touch_w,feasible_w,covered_lb_w,covered_ub_w,green_x1_lb_w,green_x1_ub_w,green_x1_p_lb_w,green_x1_p_ub_w,green_x1_f_lb_w,green_x1_f_ub_w,green_x1_eu_lb_w,green_x1_eu_ub_w,green_x1_eu_f_lb_w,green_x1_eu_f_ub_w,green_x1_eu_o_lb_w,green_x1_eu_o_ub_w,green_x1_eea_lb_w,green_x1_eea_ub_w,green_x1_eea_f_lb_w,green_x1_eea_f_ub_w,green_x1_eea_o_lb_w,green_x1_eea_o_ub_w,touch_known_w,n_known_tank,green_x2_lb_w,green_x2_ub_w,green_x2_p_lb_w,green_x2_p_ub_w,green_x2_f_lb_w,green_x2_f_ub_w,green_x2_eu_lb_w,green_x2_eu_ub_w,green_x2_eu_f_lb_w,green_x2_eu_f_ub_w,green_x2_eu_o_lb_w,green_x2_eu_o_ub_w,green_x2_eea_lb_w,green_x2_eea_ub_w,green_x2_eea_f_lb_w,green_x2_eea_f_ub_w,green_x2_eea_o_lb_w,green_x2_eea_o_ub_w
all,lower,2023,3,all,17714,0.19787552379494985,0.003083365624489114,0.006805410744677016,0.007373715086488439,0.010880791225012445,0.011608295730499851,0.05767822795065966,0.06535725704333631,0.05867952248221602,0.0660832586273636,0.2407657474795553,0.24627346462815358,0.24170262990789299,0.24717236799745984,0.33887692969472416,0.4126028213045053,0.24486228375327362,0.2502239795757538,0.24580843282922918,0.25113918965307547,0.34008224731755804,0.41197877710301656,0.19826087781054044,15212,0.03742623014065042,0.04026381427933626,0.09415155245398023,0.11090701304447834,0.0943588207798077,0.1107826558537192,0.3182379880475155,0.33095261671566256,0.3179875484034935,0.33079209465580994,0.43917378996600304,0.5521810251808118,0.3226553063064145,0.3351484649148884,0.32239836006409356,0.33495828064937017,0.4404470958516805,0.5508028094803313
all,lower,2023,3,bulk,7061,0.10484449609882593,0.00026695266918245743,0.0009850311332425083,0.0013050744750868792,0.002096528991507121,0.0028013023988364342,0.02612843767120844,0.035380637848893844,0.02658569786966503,0.03572653055159075,0.15477719844714807,0.1632673734430476,0.15533535999856216,0.16387439671658718,0.27408965991878703,0.4393276230300883,0.16071943118591928,0.16892461994909758,0.16108946333088436,0.1693730558893189,0.2775295294084489,0.439220699076234,0.1093870840199493,6149,0.005422049978626023,0.008480281685632066,0.05061078185230483,0.0727306495633458,0.05066445476712689,0.0724505348184575,0.20628303638912937,0.23075097126815353,0.20577806828671016,0.2299720880382161,0.38537289874029257,0.6332011256926102,0.21395429104068112,0.23816830795649066,0.2133530003129351,0.23719790007265318,0.3884123310847127,0.6305318855670234
all,lower,2023,3,container,2948,0.2204986304185839,0.005037448810270327,0.009019906401394428,0.009327931918158606,0.024533893861462416,0.025459351391547504,0.10771291113985551,0.11504493674673426,0.10863043895355977,0.11571583769041884,0.3755863324761517,0.3819450633080656,0.3765427257471768,0.38285923881318723,0.4947908688828596,0.5538633558836453,0.3757621519293949,0.38198870759957754,0.37664983165047905,0.3828350471103874,0.49185245209055956,0.5496523256188086,0.2113453331312917,2268,0.09890926040232137,0.10186465091842405,0.15822575253162666,0.17274447883778896,0.15696809982117715,0.1711276158881897,0.4724258339197675,0.4851642449562158,0.4702027343717144,0.4830162358748353,0.5510443202127658,0.640649816717581,0.47110541777954723,0.48357904303036503,0.46891956978775096,0.48146672464430224,0.5478220810068594,0.635502980151461
all,lower,2023,3,gas,993,0.18357600687910902,0.0003841428932246704,0.0023189744478911414,0.002567903648532616,0.0023841043668738466,0.0024654534210073057,0.01524280504043012,0.01695434961783507,0.014913295792278505,0.01661934746438156,0.07586108390968865,0.07645258304560494,0.07606233507225889,0.07666324923155418,0.09699951553805905,0.12742490817736785,0.07991566262194733,0.08051361156049912,0.08022677821118161,0.08083390204891674,0.10163795984226641,0.13152870247886095,0.1710155118668199,860,0.005335944259700318,0.005417293313833777,0.02645581929661846,0.030056455004861933,0.026371113644026195,0.029805710608342646,0.10929229716985095,0.11055270120325225,0.10881056620483129,0.110086438958059,0.15194898645383562,0.20662434702301133,0.11593517242533312,0.1171849662665077,0.11543120500195245,0.11669607304307213,0.15747023416223987,0.21069975756333018
all,lower,2023,3,general,1849,0.24195482864350418,0.005043199663255992,0.010760723056199567,0.012568362233209004,0.004839500671595604,0.005575177136526764,0.05450193099958038,0.059908139585783546,0.055715690269707255,0.060714025628500486,0.17012701508878156,0.17434654727596002,0.17056581638746554,0.17448649339303635,0.2520467469411652,0.2985876250176995,0.16915892046761494,0.17318535539071248,0.16983413158137275,0.17357538774843898,0.24740314975941294,0.29244549445752843,0.26322259175500945,1390,0.022319071299385408,0.02515890678537217,0.09996420381722482,0.11274832691196757,0.10062689101766065,0.11298427690448776,0.26880614276842674,0.2787770052782173,0.2703291349581227,0.28046338503677876,0.38441258688913094,0.4624456197612215,0.2694283127382026,0.27901841852311526,0.27101275698650024,0.2807638050730695,0.37935581079145725,0.4535217025301955
all,lower,2023,3,roro,601,0.17164861973694423,0.002896074390859774,0.004390290554366868,0.004464199428992557,0.004413489993741548,0.004413489993741548,0.020024782765130856,0.023194816953531056,0.02030304247496833,0.023416168252319403,0.06229816930390494,0.06340072794959536,0.0635799750034176,0.06484600385558803,0.12699062134419906,0.19957812151869436,0.07676045031377865,0.0778362781552371,0.07802301080909549,0.07925834563013057,0.1393936122086534,0.20963631168520439,0.1574429203420032,451,0.004863583584484638,0.004863583584484638,0.03540536560241189,0.04310270520358271,0.035465746322498666,0.04347352468392533,0.07292042600895354,0.07437720360314613,0.07337516985173516,0.07485052175800126,0.179877851043989,0.2997532986584699,0.0872847352212598,0.08870619420738372,0.08774743491800388,0.08918701789430528,0.19139368582070918,0.3090434327402837
all,lower,2023,3,tanker,4262,0.2977620518547303,0.00520216803760256,0.01394507242718807,0.01531975355094251,0.011795267884541785,0.012790855742702435,0.06563150037094131,0.07623947361634693,0.06821871163150287,0.07815110707218252,0.2669548873769607,0.2729865365642027,0.2684673049936128,0.27443253237110576,0.37304873400210686,0.4352636431581369,0.2751253464908228,0.2810010370942346,0.2767452008800863,0.28255900955202956,0.37703523845572445,0.43692007404513633,0.3029737313557601,4094,0.027477200357664135,0.03191264094440389,0.11562875998878473,0.1379544998134044,0.11792844582894704,0.13976377411587076,0.3627296354162112,0.37604099964266846,0.3641620614808,0.37780756879279387,0.5302200744787507,0.6231656123513754,0.37112321685560545,0.3841536412392187,0.372521651026086,0.38586463793588405,0.5343055583075096,0.624783146912005
all,upper,2023,8,all,17714,0.6245984265931861,0.008374491476736488,0.04180445135226066,0.043587576889575486,0.05697098936968326,0.059671374420748234,0.23343395250045743,0.23932604941096258,0.2329108679168366,0.23861323720691388,0.40736585472349585,0.4117164186294636,0.40658022462820315,0.4108159659236112,0.6300340425770348,0.6470643293630156,0.40931291677537274,0.41354494321235374,0.4086111023853785,0.4127366496657989,0.6263825237298289,0.6430623070050244,0.6347603276754462,15212,0.16157001971996912,0.16963662559688186,0.3676947432787803,0.3792486133650328,0.3664967706669624,0.37785717898961385,0.5596584836279301,0.5678079627949951,0.5571082896054927,0.5652551777790723,0.744911702022437,0.7687378402971362,0.5606060534576236,0.5686373006694,0.558112909515936,0.5661308795383807,0.741904880072584,0.7652429442139561
all,upper,2023,8,bulk,7061,0.6288134136395304,0.0004166270961618816,0.02080770136977111,0.022510140133401867,0.034666282254137114,0.038458972085765056,0.22907160944334617,0.23678985516733786,0.2287046431179341,0.23636302494817518,0.30873852638868843,0.3156349541178346,0.3097786268402438,0.3167177642187163,0.6998886618739764,0.7300121748785185,0.31271547359686147,0.3193813574576332,0.31369975022659186,0.32043809596446404,0.6943079020618227,0.7243836497097206,0.6519392223751037,6149,0.1220830411876771,0.1343862491160288,0.3915914837392038,0.40757954333380886,0.38962257890314245,0.40549068858537396,0.512146739790436,0.5281337446475275,0.5094983059710164,0.5253602370060576,0.8408345527435472,0.8798064017675621,0.5151196148662476,0.5310721378589267,0.5123484077999618,0.5281352606312663,0.8361888562247239,0.8747913540071695
all,upper,2023,8,container,2948,0.5406801952115408,0.01552356303918416,0.050073592187591866,0.051120863734963086,0.09311135363802266,0.09552240519514403,0.2653584766702718,0.27053893868144513,0.2641309760916717,0.26912812075419396,0.580724027940055,0.5851997504794818,0.5791119036646466,0.5832772290316973,0.7305931392375415,0.7475603991305412,0.5770289145507537,0.5814116029036186,0.5753919559230039,0.5794706991451883,0.7232219022163131,0.7397917649889529,0.530430928988602,2268,0.24157588688087953,0.2477165027269203,0.3718513023312429,0.38145367647171347,0.36983947871889533,0.3790675908160018,0.6907465234664534,0.6981913467170181,0.6866654108421391,0.6937042401804175,0.7833201507959249,0.807455650502676,0.685420115884021,0.6927101880147136,0.6813943579327646,0.6882868753055301,0.7757974577484879,0.7993202437742764
all,upper,2023,8,gas,993,0.5961734861148634,0.0029738544175634853,0.022412669723151805,0.02323902045054273,0.024932274787209423,0.025418564647103795,0.11625236327023164,0.11769003906151065,0.11639848315893667,0.11787317685378297,0.16297160055183332,0.16351907753413208,0.16359356884461496,0.16415046085029275,0.30973441266726015,0.31659285526459424,0.16900719775367468,0.16954071168301882,0.16970937550786144,0.17025206433638895,0.311956364901619,0.31881143668658246,0.5862847649150398,860,0.06535879240594832,0.06689246055803384,0.19202659177595607,0.19480516386770821,0.1924949744384876,0.19529536148633447,0.2409329148627577,0.2419083431896366,0.23998765621536236,0.24096017156483518,0.39782316039620685,0.4097765010392613,0.24841466255213504,0.2493652131986329,0.247408814232176,0.2483565261949076,0.4019803491934528,0.4140995428644848
all,upper,2023,8,general,1849,0.6664952074969698,0.0059992299011349505,0.0411840553502139,0.04423873557276109,0.032289884951089975,0.03407706602442693,0.2151002020136121,0.21999985913996378,0.21653464221009425,0.22101242300555804,0.33863967932993866,0.34233791698375127,0.3394543037274455,0.3428460418152173,0.5305233838558392,0.548070655198235,0.33553685444561854,0.33906585069038525,0.3365610445578849,0.33979756749000073,0.5194002234351149,0.5361444839377209,0.6787472854018287,1390,0.13717081371040726,0.14390779216959204,0.36851458899782313,0.37933049147946307,0.36754137676343707,0.37782013608046716,0.524455002550087,0.5324918627704055,0.5230742136955988,0.5311697993688266,0.7039834723000469,0.7324318520240825,0.5214114069147223,0.5291560156126967,0.5201537270582145,0.5279594055648491,0.6939206628698182,0.7205266299646523
all,upper,2023,8,roro,601,0.730202167203482,0.002896074390859774,0.03783594182360031,0.039234665089229445,0.04685760738102285,0.04847906073076518,0.22004806177227748,0.2227831020346295,0.22109343878592255,0.2237552245845515,0.33786100865164487,0.33894043541181695,0.3393790411409319,0.340621938107584,0.6325366055847665,0.6418132541871672,0.3468202439632756,0.34787350073646184,0.34821070944714777,0.34942347319991063,0.6342685967530195,0.643320339153036,0.7379189123635685,451,0.14876499507562305,0.15234249916783807,0.35387930604574774,0.35905752255691376,0.3541951733261675,0.3595000686753581,0.49433571227007306,0.4956759383564349,0.49275434555241293,0.49409457163877485,0.7340374055160653,0.7468279461159933,0.500102991779843,0.501410724972261,0.49857894506833667,0.4998866782607549,0.7332821767576,0.7457626191708461
all,upper,2023,8,tanker,4262,0.7337774992173132,0.013428516753989227,0.07127656435488042,0.07475065572128083,0.06347717128764632,0.06673112631357418,0.26784842864283737,0.27551433142511605,0.2669965644078826,0.27420181136378885,0.4164829114462784,0.4215374949990736,0.4141391275568784,0.4191439216231504,0.6464171873557591,0.6614312069278471,0.4232508490448554,0.42816997463770606,0.42116292630614016,0.4260335967226439,0.6470161904871289,0.661442788343674,0.7398979749533972,4094,0.17010351392052295,0.17988131005945707,0.42920377716137253,0.44371108082048677,0.42873808837834565,0.4430667779109424,0.6045796681378706,0.6131114823774428,0.6025241179814556,0.6115191055236284,0.8080932777232007,0.8285178320762353,0.6093441335755735,0.6176966165464686,0.6074671485937913,0.616257766422673,0.809004212290016,0.8289622269566932
all,lower,2024,8,all,16746,0.557583609296559,0.008640146452730469,0.033790535496806946,0.03555483281673677,0.048408066210826724,0.0510727402764303,0.2125550752031439,0.22008675714508666,0.21132722456018585,0.21864043029811914,0.4091154768429324,0.41439568581069786,0.40839290765772207,0.4135493936233965,0.615192056685932,0.6326220466229756,0.4125457046431217,0.41774574004077725,0.4118016493007584,0.41688610206395627,0.614059876108737,0.6311011847485,0.5738439020120538,14301,0.14010841951646277,0.14803071621762248,0.34163242927387755,0.3554171768339264,0.3390043475614166,0.3526477780756049,0.5630654324340285,0.572824314648175,0.5593638045368531,0.5691727908813194,0.7413192693813115,0.7655015074130047,0.5657761165658374,0.5753709461881492,0.5621228004821004,0.5717663925385807,0.7401897040524856,0.7638076223155097
all,lower,2024,8,bulk,6665,0.5988822881279952,0.0005857263183842446,0.011292838502532996,0.013100011919594201,0.021708180466558903,0.025354184854638473,0.21613980710525565,0.22761174128485195,0.2141530340328004,0.22525752127487567,0.29747532367795154,0.30985340193123795,0.29768644484581575,0.3098862380977461,0.6960873828770475,0.7313383592485366,0.30013976697079825,0.31248768468611,0.3003784166484241,0.31255336306681925,0.6927954020452648,0.7273272931781576,0.6265055788332002,5757,0.10199703423039735,0.11393178405781758,0.3854390826412893,0.4061990380262697,0.3809257296003243,0.4014175550106416,0.5140176938604798,0.5367126493653656,0.5058731909443736,0.5286094567880598,0.8457583768003855,0.889480575197113,0.514527131044152,0.5368844361154667,0.5063142690081199,0.5287116531821301,0.8411790553421853,0.8839593405641253
all,lower,2024,8,container,2715,0.4556932754671014,0.016642820546976824,0.04524088522572856,0.046089706671838065,0.08879139427341141,0.09027955642171658,0.23694704898833271,0.24211115191480084,0.23584226433868183,0.24083625862718744,0.5743195858980825,0.5784596429730712,0.571412242091704,0.575271345249252,0.7252493789829622,0.7461739355047323,0.5755558740430264,0.5796267908313915,0.5725902025794789,0.5763848574713172,0.7232726037031753,0.743835355241173,0.45523428778163216,2041,0.21840570226719683,0.22230284605436673,0.3316430571499297,0.3420485943757872,0.3296422672660968,0.3400324449590031,0.6985665840284101,0.7070538905233636,0.6945047017550319,0.7027495455510482,0.7894320625334018,0.8189614297495679,0.6986372314887367,0.7069827972315471,0.6945546145507593,0.7026617667997996,0.7874423157961392,0.8164785330687175
all,lower,2024,8,gas,951,0.38755269824314886,0.0018357281650295742,0.013848284705199545,0.014456573503959716,0.016826803666726262,0.01767807405850788,0.08444095575059227,0.08696233443069647,0.08424645185823769,0.08673910651122654,0.15305438263350798,0.15376283394471915,0.15212932184933448,0.1528581459021606,0.26406143142562344,0.27157701479366375,0.16071628504849772,0.16140477659612207,0.15997380203670547,0.16068209234845357,0.26775796058772733,0.2750618014341846,0.37995879055960224,824,0.04685731342755434,0.04947710302033038,0.1441895995665234,0.14817700057088484,0.14300222203810092,0.14693567139203528,0.2205436174510314,0.22225655165272706,0.21782930696934696,0.219713343842478,0.3753979685456986,0.38743978412883184,0.23085590363681982,0.2325205779776548,0.2284660065835691,0.2302969629838695,0.38195080361065736,0.3936533555233165
all,lower,2024,8,general,1767,0.6462322657078524,0.004653025759969155,0.034165664998833896,0.03716328479026255,0.024250317653762166,0.026371371814462634,0.19505771931527785,0.2031917883182927,0.19550820110067038,0.20322019954064424,0.3157008974962564,0.3217579276352406,0.3155278793236883,0.3214422305144257,0.5008543169125639,0.5143868848090957,0.3171110699216647,0.3228738932947169,0.3169938571370091,0.32262093187435487,0.49466532900001764,0.5075405825129022,0.6609634519912642,1340,0.11780912066982908,0.12558717812502204,0.33401771904475513,0.3481876258429254,0.3337948219788617,0.3477017626342529,0.49273821318853434,0.5038498428514968,0.4927321498129283,0.5039369783721216,0.6808192200681842,0.7027682834069077,0.4950731235960779,0.5056450305645249,0.4951020911911649,0.5057626701267671,0.6750048296080247,0.6957486035019855
all,lower,2024,8,roro,561,0.6785635996053407,0.0012168778496867455,0.01474917759625057,0.015087474160910413,0.02909470538702618,0.02940847838433138,0.184883710557696,0.1876059706911291,0.1865951912462799,0.18922716567416392,0.35814218193229025,0.3594572910266372,0.36669553539365096,0.36819231381361567,0.5941305076086825,0.5993371259433473,0.36767636641756096,0.36896353029911094,0.3755222280625258,0.3769872009146972,0.5980069199875753,0.6031029010698121,0.656001281304444,422,0.11215376474503985,0.11411271666129093,0.3079420233638184,0.3136990604170866,0.30561857902865536,0.3111827896587709,0.5023081976546045,0.5058319318190332,0.503402272981675,0.5071913528482864,0.7245695988983815,0.7338074382637768,0.5094757952858581,0.5129246523914265,0.510289521225572,0.513998085609755,0.7269461785239767,0.7359877198118182
all,lower,2024,8,tanker,4087,0.6996361600995814,0.014637803501993837,0.06431076392504657,0.0681008769431984,0.058509918997016776,0.06270305833886371,0.2502398035390668,0.25878491137092685,0.2484744235130402,0.25685128763049897,0.4149275841673168,0.41977416909112536,0.41446448960500465,0.419284686091401,0.6143928211127679,0.6256447695783868,0.4216799529831143,0.42641336562089266,0.42120276441847176,0.4259263317380939,0.6160644520676736,0.6270831885447136,0.7065516645304307,3917,0.15212562526173531,0.16334521318664166,0.40144003831877334,0.41657164213691933,0.3992559864505702,0.4142487200977535,0.5923374404201313,0.6002524642992236,0.5891532557720557,0.5973358981011313,0.781826635314022,0.7978045930749246,0.5976175360760484,0.6054455494062534,0.5945529135936768,0.6026405642338228,0.7821996100142037,0.7978312041790655
all,upper,2024,12,all,16746,0.7266539637124988,0.01668156582489533,0.06217083637917674,0.06434207177390827,0.10059910155920096,0.1040188109656706,0.31876434069735565,0.325605028310005,0.31568239626069045,0.3223253767728087,0.436372455946001,0.44152441649235297,0.4361222843205061,0.44115116786954506,0.6291336875999274,0.6430410211966473,0.43908706161558914,0.444162282847896,0.4388068773982797,0.44376714470209105,0.6276554444054069,0.6412722362528225,0.7324033833836231,14301,0.248599514398492,0.2579253670708011,0.4762818641255654,0.48846697895151125,0.4731236980618992,0.4852102083840032,0.5883438164199741,0.5977607174188255,0.585455889761962,0.5950023726435044,0.750248964022176,0.770377995936169,0.5904232684821892,0.5996852745150831,0.5875475504743242,0.5969356684262122,0.7489181550448062,0.7685914045704352
all,upper,2024,12,bulk,6665,0.6869313241272905,0.0008362085904404083,0.014739434935487496,0.01680717617738913,0.02764102355666915,0.03159234246214557,0.24869319910413978,0.2598300494647961,0.2454039038216363,0.2561592855496766,0.2996743580167695,0.311937047571878,0.3002480027468031,0.3123366607740385,0.7005829220933457,0.7331375774145364,0.3022732600782179,0.3145092282037069,0.3028636284659668,0.3149307519951543,0.6971569537331789,0.7290728864543263,0.7055761275849131,5757,0.12477360662545489,0.1377223400291791,0.43756598921355494,0.4575292767933137,0.43260077673469627,0.4522775498198788,0.5229044460865662,0.5454693151540426,0.5137278631304038,0.5363340425366808,0.8492211131593799,0.8900730640299716,0.5231821639382656,0.5454132597400467,0.513934836215335,0.5362060111198116,0.844538586398431,0.8845341705332682
all,upper,2024,12,container,2715,0.785268837237126,0.03962561518218108,0.12084540411456365,0.12261232073914627,0.2580596690389508,0.261408958015431,0.5310330466518832,0.5345798834811017,0.5257572205611337,0.5292390053210091,0.6567022430237448,0.660486772886974,0.6541738541023332,0.6576774300481217,0.7528958366132219,0.7650560486079857,0.6565627142600517,0.6602840412556054,0.6539696690128347,0.6574147341118614,0.7504449984360958,0.7624021309738602,0.7861525013044943,2041,0.5445954339066397,0.5513890018465339,0.6770863823666917,0.6836100775524512,0.6744291194181123,0.6811327539191921,0.756073491480581,0.763526154071048,0.7544845328671261,0.7619499314780557,0.8029689267498911,0.822248497465154,0.7551837550640507,0.7625119557888278,0.7535327631643718,0.7608734872139677,0.80075311002013,0.8197107056947214
all,upper,2024,12,gas,951,0.5974007282860814,0.004667468716266628,0.020512894186285286,0.020983447901867226,0.022554523131317096,0.023284978633375107,0.11558896546768044,0.11761493421717961,0.11456780231476556,0.11660651842971467,0.15332448064654114,0.15403293195775233,0.15256398477069427,0.15329280882352037,0.2813449587435621,0.28806177646825026,0.16097877337488042,0.16166726492250477,0.16039621885305702,0.1611045091648051,0.2846413463698943,0.2911689258344084,0.589131038429437,824,0.06435727524971337,0.06869693833476195,0.19376262760579865,0.1970165371954348,0.1925314817549072,0.19572756961175714,0.2258740786072355,0.22758701280893118,0.22274960532492713,0.22463364219805818,0.39580036316285677,0.40669956240320276,0.23603618546128588,0.2377008598021208,0.23324768145098582,0.23507863785128616,0.4019807041441573,0.4125728315552663
all,upper,2024,12,general,1767,0.7446545886069108,0.012344412597675153,0.054683161890785,0.05794734505331122,0.04478723791230118,0.047272645373222656,0.25365958596092997,0.26072447852200953,0.2526442473825747,0.2592141855563114,0.31742824253779445,0.3234852726767787,0.31756056430207813,0.3234749154928154,0.5071005035209704,0.5204633945600563,0.3189247132015201,0.3246875365745722,0.31914719250062396,0.3247742672379697,0.5009195047259319,0.5136333230567637,0.7603692812199384,1340,0.16571901519173926,0.17314599125272964,0.4193664902835402,0.43145640395022455,0.4174419645731959,0.4293623915703191,0.502503770812623,0.5136154004755855,0.5033531128062331,0.5145579413654264,0.6863117451564499,0.7080911316353983,0.5048489170288405,0.5154208239972874,0.5055812449963143,0.5162418239319165,0.6803038981736408,0.7008862368839699
all,upper,2024,12,roro,561,0.7657930059390832,0.001318937500976141,0.021119198738748124,0.021536662715997787,0.039191657385428125,0.03954624063680606,0.2405703198107086,0.24327059175833418,0.2409843927441555,0.2435945849568532,0.3640736068862993,0.3653887159806463,0.3747987698088425,0.3762955482288073,0.6151602181645758,0.6196962747803675,0.37348175244959647,0.3747689163311464,0.38345327401742163,0.38491824686959303,0.618670695955056,0.6231103643183584,0.7664223175783104,422,0.16182154653883976,0.16395044698230382,0.39647731197528874,0.40201694185098863,0.3927114984938838,0.3980624986445125,0.5396212036877124,0.543144937852141,0.5390321256780907,0.5428212055447021,0.7392414559699589,0.7476914002702021,0.5459959242122884,0.5494447813178568,0.54516226272885,0.5488708271130331,0.7415417116406344,0.7498121001210228
all,upper,2024,12,tanker,4087,0.7558045020800407,0.016331890313397934,0.07688140403511465,0.08094450052907576,0.07036952142990215,0.0752373931277842,0.28755056847149535,0.2958681354264386,0.28522072811946303,0.29334826983770457,0.4176083248646173,0.42245490978842587,0.41765462780797896,0.4224748242943753,0.6189130301740398,0.6293252468746355,0.4242807464012818,0.42901415903906026,0.42429776366614064,0.42902133098576284,0.6204247078035889,0.6306287556949122,0.7621793592769274,3917,0.18417912671355416,0.19596978431359524,0.4563766540293201,0.4709263401403009,0.4538507980318494,0.46822675827199234,0.6019070411883368,0.6098220650674291,0.5995451159839065,0.607727758312982,0.7849707206345957,0.8001063377262477,0.6069017442493729,0.6147297575795777,0.6046348591054959,0.6127225097456419,0.785249929806916,0.8000643042866188
all,lower,2025,12,all,17006,0.7212024995685843,0.013671887010804473,0.055984880742042345,0.05828317599743841,0.0975120157146626,0.10078335541504922,0.3088023155486671,0.3166271317898076,0.30640095924215227,0.31412090595965114,0.4208168212259202,0.4266449275523049,0.4207047337659819,0.4262325008597719,0.6049918600103474,0.6235198817183323,0.42168485396024497,0.42742073897202804,0.421547725222866,0.4269854869824319,0.6009984333521147,0.6191998178667932,0.7202027886673475,14532,0.24346441008393607,0.2531039181478683,0.4611465541101698,0.4766461458624427,0.4597952273919878,0.4752906272757344,0.5658545212310204,0.5774475756191269,0.5658713396071452,0.5772670933703387,0.7253089270140637,0.7524515151716402,0.5658857990116846,0.5773009162775175,0.5658685427599196,0.5770764772288599,0.72173756684752,0.7483986168559833
all,lower,2025,12,bulk,6820,0.6731502832870639,0.0008342813358800697,0.012171008114600815,0.013647515645889579,0.02414181368266832,0.027517096257283657,0.23687088867126108,0.24783993551165506,0.23506392132501025,0.246127213212492,0.28549502253397807,0.2956152997794839,0.28925338437599335,0.2988790958993224,0.6762958513025502,0.7186122233742269,0.28979413497549644,0.29967835956076205,0.2933517584539438,0.30272289531791624,0.674160662477344,0.7153954858092482,0.6898472473754579,5906,0.11860958914984517,0.1309007171009446,0.4159030989711243,0.4390291029792549,0.41450161414950415,0.4381740298324536,0.4828360339449521,0.5058032737039239,0.48168093630738273,0.5051001189471985,0.8204360553189117,0.879921188825497,0.48496725474837205,0.507430996711384,0.48368500190369823,0.5065877684040553,0.8184637442752554,0.8771350608644871
all,lower,2025,12,container,2779,0.7892471813380545,0.0294250288253939,0.10555056218851436,0.10714801118037322,0.2516465666250378,0.25518546550934806,0.5124908447819603,0.5178150679804107,0.5056371123694835,0.5110224751955795,0.6466052887525677,0.6511290363059518,0.6436181359624181,0.647542086698272,0.7375048391070705,0.7515512886030765,0.6411778066499408,0.6457130380100076,0.6381898426286243,0.6421304204962319,0.7302222903222745,0.7437897864856743,0.7780153077602836,2093,0.5337419436814932,0.5413407312038079,0.6517885702621488,0.6623377485856149,0.6491540465559756,0.6595163039866332,0.7422480975658362,0.7508043045193472,0.7406066102377847,0.7488325860542253,0.7959337795999228,0.8170939077520735,0.735626811673217,0.7442305275972934,0.7340515755132118,0.7423322914233141,0.7882580810222418,0.8085145484134427
all,lower,2025,12,gas,951,0.6206765388817442,0.006715105759414565,0.02142982402028055,0.022864225227614072,0.027332023927183053,0.02856668433850818,0.12266160514669587,0.12612678568536864,0.12360464904916195,0.12705901732441438,0.15659150072883396,0.15757529743674517,0.15811847934865417,0.15913768605877812,0.25195501318608043,0.26064745742847667,0.1637709473543924,0.16476255219775054,0.1653181905509948,0.16634425135781367,0.2544740805945594,0.26296067353254393,0.6063299247067889,821,0.07089274504684223,0.07404767854967836,0.20384524356820122,0.21066277228224914,0.2034236809740999,0.21017969576896603,0.21607056087110948,0.2186912117249291,0.21864194984591037,0.22117704555570433,0.34422699901368903,0.35798168570038985,0.22490514512289322,0.2274895029489577,0.2274624127436108,0.22996352050663607,0.3477545701004668,0.36107392636895963
all,lower,2025,12,general,1769,0.720794900515014,0.012434501498318247,0.0474815501296375,0.05020485093851829,0.04412138691849741,0.04698602744816286,0.25275413530031876,0.262141940405995,0.25338783019185507,0.2620044813454205,0.319696115343755,0.32799922371365275,0.3217134408106366,0.330132185348927,0.500789815765027,0.5235016080308228,0.3173029738663756,0.3255187050141992,0.3193935724774785,0.32771929980245534,0.4890185363747925,0.5108986155218124,0.7175854772379264,1340,0.17077980826701947,0.17909470034236116,0.4166933690053257,0.4351493007742153,0.4159890562019225,0.43414672814757166,0.5016295294578529,0.5178144012886645,0.5033358138409962,0.5193888196619798,0.6678866468012449,0.7000036921943921,0.49825631202866744,0.5139693847260933,0.5001559491792263,0.5157435874457196,0.6583089538572917,0.6892042680078486
all,lower,2025,12,roro,588,0.7590517101713178,0.0021119319513844908,0.02370297280918388,0.0244567171804767,0.03587032641714552,0.03657481292602813,0.22883985498257503,0.23131136420239812,0.2301193227151375,0.23273154872260604,0.39328938856506923,0.39328938856506923,0.40792406035983314,0.40797045876233984,0.6247766850256209,0.6329153119307517,0.4011104219176658,0.4011104219176658,0.4156088040519236,0.41565394341974427,0.6260082739467377,0.6337437095401847,0.7521902942578479,442,0.13847938067475907,0.1417732741722327,0.37974364013243883,0.3847184326527749,0.37760626570861844,0.3825214220212241,0.5804380593744132,0.5808548124300762,0.5826625447384518,0.5830736747712567,0.7433545744296332,0.7595436048602225,0.5862565958878893,0.5866620402233335,0.5881559130598032,0.588555886954815,0.7437477345747976,0.7584504930702979
all,lower,2025,12,tanker,4099,0.7333834053569422,0.015562898195104402,0.07372612273252885,0.07903022559305496,0.06566426468376013,0.06998486252209303,0.274057746272499,0.28351092868424543,0.27329390810105403,0.2822217531341366,0.4081460916778422,0.41509097014360624,0.40533079212742196,0.4120761224180964,0.602431934966576,0.6169119862009736,0.41354821130395053,0.42028583638671774,0.4107181723536636,0.41726512706236146,0.6012486160526086,0.6159906081744243,0.7374335317431805,3930,0.1776833721103953,0.1906994862517557,0.4377916041112308,0.4547619118344433,0.4376117347356947,0.45417556297489453,0.5917498154774631,0.6042315159551357,0.5922225746634082,0.6041962652088604,0.7698901235961095,0.7911437020415296,0.5956977571485857,0.6078865019727132,0.5960340507220038,0.6076780349980346,0.7684363013558675,0.7900487453349818
all,upper,2025,17,all,17006,0.7987200473955842,0.01941226531621986,0.0763802262026875,0.07892573219502992,0.12376928447623069,0.12748523004841392,0.3630308426302345,0.37004193564571175,0.3597436640875582,0.3666781437724639,0.44091059694899404,0.44666669627665534,0.4412428901911676,0.4467022372221649,0.6234670776972774,0.6402271583800713,0.44355697229941476,0.44922284012828706,0.44383123331729096,0.4492024657097641,0.621119692901791,0.6376761936047809,0.7932255116208831,14532,0.2962620295539946,0.3061747935465714,0.5324599825346443,0.545891103803777,0.5308001155792302,0.5442272689948674,0.5903444124110644,0.6014884262590848,0.5900752589427682,0.6010139504695103,0.7416278210229598,0.7664707745680851,0.5932969288286527,0.6042702893082302,0.5930003191084,0.6037582999630562,0.7411184758278654,0.7657532475061419
all,upper,2025,17,bulk,6820,0.8062407355783009,0.002125136882091147,0.03028816043276379,0.032204120891434755,0.05848075757498961,0.06254341764093896,0.32885914282437534,0.3385080351723051,0.32495884251591667,0.3347204563454059,0.3123362270411163,0.3222925484915648,0.31624223136855584,0.3256912488582496,0.6989611234015977,0.7347793080326751,0.31729439858725844,0.3270193538928847,0.32107422542370134,0.33027371887949913,0.6974163922600999,0.7323054151989611,0.8104101323553107,5906,0.20730360088364944,0.2198060836207757,0.5439402534923011,0.563049056499806,0.5416237759298725,0.5612360917557732,0.5297909612228475,0.5513316244084303,0.5265621236941002,0.5485348050240457,0.8385808468589634,0.8904572895329946,0.5325835859174042,0.5536615285976614,0.5292605135105142,0.5507581255206644,0.8373217282947376,0.8885143014235324
all,upper,2025,17,container,2779,0.8259983770420194,0.04448404018333185,0.1446017942646887,0.14628086885972405,0.29609588677432763,0.29969520159679275,0.5594757648997349,0.5643976652495357,0.5525532444869716,0.5575563500965215,0.6743481812851021,0.6788465385073028,0.6724634847101927,0.6763620451148632,0.7601549731568522,0.7738260442173024,0.6743134959524415,0.6788237885304692,0.6722856560022307,0.6762012950877991,0.7576871338441904,0.7711303391631207,0.8126221092632988,2093,0.5890071326583532,0.5961629247625623,0.6964875290244555,0.7062155292614274,0.6942722338393095,0.7038746355636459,0.7663126280484829,0.7747896975229364,0.7649118688097536,0.7730573243601653,0.813994070567888,0.8341503366239872,0.7693389290085579,0.7778473730972025,0.7679101444822151,0.7760928721667268,0.8161723940812512,0.836090749851457
all,upper,2025,17,gas,951,0.7054958073571822,0.0076863494042277965,0.023613674229752486,0.025196750831198322,0.029893132766011177,0.031312531991261695,0.142556699479148,0.14602188001782077,0.1423655989822948,0.1458199672575472,0.1614546714916344,0.1624384681995456,0.16222974726672268,0.16324895397684663,0.26704413208352895,0.2745075046883175,0.16873545356576888,0.16972705840912705,0.1695671982433341,0.17059325905015293,0.26944510432241014,0.2767357400509557,0.6782052040530395,821,0.08282558391928284,0.08633584846230848,0.23702320382848988,0.24383103964269517,0.2354509805761026,0.24219730247112606,0.22872476914687892,0.23134542000069852,0.2317341392468449,0.2342692349566389,0.36564097207055324,0.3777865574979553,0.23721841568850788,0.23980277351457227,0.24020186406895858,0.24270297183198394,0.36859159430516153,0.3803452027417129
all,upper,2025,17,general,1769,0.7892429099838831,0.016597497234955336,0.06396611238851764,0.06666170468933143,0.05827154910640252,0.060962393781424866,0.2953030069628271,0.3037922129375654,0.2948821968477743,0.30264878687637214,0.33869894701850134,0.3466624292671619,0.34118764363124404,0.34926676204829726,0.519905676214018,0.5413444501673327,0.3372565847346425,0.34514925454692746,0.3398113088001803,0.34781397478961856,0.5096377711103514,0.530306921619575,0.7788229727960365,1340,0.21002559204945453,0.21776427916795035,0.4776132965293135,0.4945273410327756,0.4760987025798475,0.49262748861602024,0.5281439290179571,0.543466992128332,0.5295876928224476,0.5447189942800923,0.6881483178221625,0.718834034764947,0.5261952012762676,0.541088498759735,0.5280549543902173,0.5427658431254695,0.6809576953321433,0.7104914920619242
all,upper,2025,17,roro,588,0.8066089763624924,0.0045322266520335395,0.03478803558652817,0.03557730696601251,0.0539796914724957,0.0546841779813783,0.2716272287594003,0.2735199155364834,0.2721730032573279,0.27426131480607413,0.47482249945203453,0.47482249945203453,0.49173955731023317,0.4917859557127398,0.6876136395814924,0.6929253839768811,0.48343289006696527,0.48343289006696527,0.5001783823410544,0.500223521708875,0.6903055124194434,0.6954731210239572,0.8027151597182243,442,0.1828335127215595,0.1862765936748425,0.4360770616119235,0.43994631980041266,0.4326787411266997,0.4365554939477305,0.6493778814492877,0.6495191347330085,0.6500354090856479,0.6501816830098852,0.7895354415759991,0.8014019700556949,0.6550470517441729,0.6551844720773156,0.6555576091123207,0.6556999138493811,0.7896096503417944,0.8008799046343823
all,upper,2025,17,tanker,4099,0.7973755653670535,0.01752071265088847,0.08248055973296826,0.08817073089657541,0.07495343499196813,0.08016534777723129,0.30829100937519754,0.3167021649652287,0.3073457562834098,0.31528572508626407,0.4141830752775865,0.4210929494252903,0.41151678508728234,0.418246031560312,0.6090159721385575,0.6227121885950206,0.4196152713848827,0.42631898438533855,0.4169229466168451,0.4234543193694279,0.6078057498823537,0.6217883651333761,0.8013076249958793,3930,0.20430402692110067,0.21863556682310867,0.4895389138130516,0.5042734789902433,0.48963440115204276,0.5039490931347361,0.6020300726506802,0.6141311398891275,0.6025569281798315,0.6141499854860584,0.7758803622729815,0.7962090257539332,0.6057504731851966,0.6175704616257008,0.6061581901273998,0.6174334180198077,0.7743017425101023,0.7950181315410273
strict,lower,2023,3,all,17714,0.19787552379494985,0.003083365624489114,0.006805410744677016,0.007373715086488439,0.010880791225012445,0.011608295730499851,0.05767822795065966,0.06535725704333631,0.05867952248221602,0.0660832586273636,0.2407657474795553,0.24627346462815358,0.24170262990789299,0.24717236799745984,0.33887692969472416,0.4126028213045053,0.24486228375327362,0.2502239795757538,0.24580843282922918,0.25113918965307547,0.34008224731755804,0.41197877710301656,0.19826087781054044,15212,0.03742623014065042,0.04026381427933626,0.09415155245398023,0.11090701304447834,0.0943588207798077,0.1107826558537192,0.3182379880475155,0.33095261671566256,0.3179875484034935,0.33079209465580994,0.43917378996600304,0.5521810251808118,0.3226553063064145,0.3351484649148884,0.32239836006409356,0.33495828064937017,0.4404470958516805,0.5508028094803313
strict,lower,2023,3,bulk,7061,0.10484449609882593,0.00026695266918245743,0.0009850311332425083,0.0013050744750868792,0.002096528991507121,0.0028013023988364342,0.02612843767120844,0.035380637848893844,0.02658569786966503,0.03572653055159075,0.15477719844714807,0.1632673734430476,0.15533535999856216,0.16387439671658718,0.27408965991878703,0.4393276230300883,0.16071943118591928,0.16892461994909758,0.16108946333088436,0.1693730558893189,0.2775295294084489,0.439220699076234,0.1093870840199493,6149,0.005422049978626023,0.008480281685632066,0.05061078185230483,0.0727306495633458,0.05066445476712689,0.0724505348184575,0.20628303638912937,0.23075097126815353,0.20577806828671016,0.2299720880382161,0.38537289874029257,0.6332011256926102,0.21395429104068112,0.23816830795649066,0.2133530003129351,0.23719790007265318,0.3884123310847127,0.6305318855670234
strict,lower,2023,3,container,2948,0.2204986304185839,0.005037448810270327,0.009019906401394428,0.009327931918158606,0.024533893861462416,0.025459351391547504,0.10771291113985551,0.11504493674673426,0.10863043895355977,0.11571583769041884,0.3755863324761517,0.3819450633080656,0.3765427257471768,0.38285923881318723,0.4947908688828596,0.5538633558836453,0.3757621519293949,0.38198870759957754,0.37664983165047905,0.3828350471103874,0.49185245209055956,0.5496523256188086,0.2113453331312917,2268,0.09890926040232137,0.10186465091842405,0.15822575253162666,0.17274447883778896,0.15696809982117715,0.1711276158881897,0.4724258339197675,0.4851642449562158,0.4702027343717144,0.4830162358748353,0.5510443202127658,0.640649816717581,0.47110541777954723,0.48357904303036503,0.46891956978775096,0.48146672464430224,0.5478220810068594,0.635502980151461
strict,lower,2023,3,gas,993,0.18357600687910902,0.0003841428932246704,0.0023189744478911414,0.002567903648532616,0.0023841043668738466,0.0024654534210073057,0.01524280504043012,0.01695434961783507,0.014913295792278505,0.01661934746438156,0.07586108390968865,0.07645258304560494,0.07606233507225889,0.07666324923155418,0.09699951553805905,0.12742490817736785,0.07991566262194733,0.08051361156049912,0.08022677821118161,0.08083390204891674,0.10163795984226641,0.13152870247886095,0.1710155118668199,860,0.005335944259700318,0.005417293313833777,0.02645581929661846,0.030056455004861933,0.026371113644026195,0.029805710608342646,0.10929229716985095,0.11055270120325225,0.10881056620483129,0.110086438958059,0.15194898645383562,0.20662434702301133,0.11593517242533312,0.1171849662665077,0.11543120500195245,0.11669607304307213,0.15747023416223987,0.21069975756333018
strict,lower,2023,3,general,1849,0.24195482864350418,0.005043199663255992,0.010760723056199567,0.012568362233209004,0.004839500671595604,0.005575177136526764,0.05450193099958038,0.059908139585783546,0.055715690269707255,0.060714025628500486,0.17012701508878156,0.17434654727596002,0.17056581638746554,0.17448649339303635,0.2520467469411652,0.2985876250176995,0.16915892046761494,0.17318535539071248,0.16983413158137275,0.17357538774843898,0.24740314975941294,0.29244549445752843,0.26322259175500945,1390,0.022319071299385408,0.02515890678537217,0.09996420381722482,0.11274832691196757,0.10062689101766065,0.11298427690448776,0.26880614276842674,0.2787770052782173,0.2703291349581227,0.28046338503677876,0.38441258688913094,0.4624456197612215,0.2694283127382026,0.27901841852311526,0.27101275698650024,0.2807638050730695,0.37935581079145725,0.4535217025301955
strict,lower,2023,3,roro,601,0.17164861973694423,0.002896074390859774,0.004390290554366868,0.004464199428992557,0.004413489993741548,0.004413489993741548,0.020024782765130856,0.023194816953531056,0.02030304247496833,0.023416168252319403,0.06229816930390494,0.06340072794959536,0.0635799750034176,0.06484600385558803,0.12699062134419906,0.19957812151869436,0.07676045031377865,0.0778362781552371,0.07802301080909549,0.07925834563013057,0.1393936122086534,0.20963631168520439,0.1574429203420032,451,0.004863583584484638,0.004863583584484638,0.03540536560241189,0.04310270520358271,0.035465746322498666,0.04347352468392533,0.07292042600895354,0.07437720360314613,0.07337516985173516,0.07485052175800126,0.179877851043989,0.2997532986584699,0.0872847352212598,0.08870619420738372,0.08774743491800388,0.08918701789430528,0.19139368582070918,0.3090434327402837
strict,lower,2023,3,tanker,4262,0.2977620518547303,0.00520216803760256,0.01394507242718807,0.01531975355094251,0.011795267884541785,0.012790855742702435,0.06563150037094131,0.07623947361634693,0.06821871163150287,0.07815110707218252,0.2669548873769607,0.2729865365642027,0.2684673049936128,0.27443253237110576,0.37304873400210686,0.4352636431581369,0.2751253464908228,0.2810010370942346,0.2767452008800863,0.28255900955202956,0.37703523845572445,0.43692007404513633,0.3029737313557601,4094,0.027477200357664135,0.03191264094440389,0.11562875998878473,0.1379544998134044,0.11792844582894704,0.13976377411587076,0.3627296354162112,0.37604099964266846,0.3641620614808,0.37780756879279387,0.5302200744787507,0.6231656123513754,0.37112321685560545,0.3841536412392187,0.372521651026086,0.38586463793588405,0.5343055583075096,0.624783146912005
strict,upper,2023,8,all,17714,0.6245984265931861,0.008374491476736488,0.04180445135226066,0.043587576889575486,0.05697098936968326,0.059671374420748234,0.23343395250045743,0.23932604941096258,0.2329108679168366,0.23861323720691388,0.40736585472349585,0.4117164186294636,0.40658022462820315,0.4108159659236112,0.6300340425770348,0.6470643293630156,0.40931291677537274,0.41354494321235374,0.4086111023853785,0.4127366496657989,0.6263825237298289,0.6430623070050244,0.6347603276754462,15212,0.16157001971996912,0.16963662559688186,0.3676947432787803,0.3792486133650328,0.3664967706669624,0.37785717898961385,0.5596584836279301,0.5678079627949951,0.5571082896054927,0.5652551777790723,0.744911702022437,0.7687378402971362,0.5606060534576236,0.5686373006694,0.558112909515936,0.5661308795383807,0.741904880072584,0.7652429442139561
strict,upper,2023,8,bulk,7061,0.6288134136395304,0.0004166270961618816,0.02080770136977111,0.022510140133401867,0.034666282254137114,0.038458972085765056,0.22907160944334617,0.23678985516733786,0.2287046431179341,0.23636302494817518,0.30873852638868843,0.3156349541178346,0.3097786268402438,0.3167177642187163,0.6998886618739764,0.7300121748785185,0.31271547359686147,0.3193813574576332,0.31369975022659186,0.32043809596446404,0.6943079020618227,0.7243836497097206,0.6519392223751037,6149,0.1220830411876771,0.1343862491160288,0.3915914837392038,0.40757954333380886,0.38962257890314245,0.40549068858537396,0.512146739790436,0.5281337446475275,0.5094983059710164,0.5253602370060576,0.8408345527435472,0.8798064017675621,0.5151196148662476,0.5310721378589267,0.5123484077999618,0.5281352606312663,0.8361888562247239,0.8747913540071695
strict,upper,2023,8,container,2948,0.5406801952115408,0.01552356303918416,0.050073592187591866,0.051120863734963086,0.09311135363802266,0.09552240519514403,0.2653584766702718,0.27053893868144513,0.2641309760916717,0.26912812075419396,0.580724027940055,0.5851997504794818,0.5791119036646466,0.5832772290316973,0.7305931392375415,0.7475603991305412,0.5770289145507537,0.5814116029036186,0.5753919559230039,0.5794706991451883,0.7232219022163131,0.7397917649889529,0.530430928988602,2268,0.24157588688087953,0.2477165027269203,0.3718513023312429,0.38145367647171347,0.36983947871889533,0.3790675908160018,0.6907465234664534,0.6981913467170181,0.6866654108421391,0.6937042401804175,0.7833201507959249,0.807455650502676,0.685420115884021,0.6927101880147136,0.6813943579327646,0.6882868753055301,0.7757974577484879,0.7993202437742764
strict,upper,2023,8,gas,993,0.5961734861148634,0.0029738544175634853,0.022412669723151805,0.02323902045054273,0.024932274787209423,0.025418564647103795,0.11625236327023164,0.11769003906151065,0.11639848315893667,0.11787317685378297,0.16297160055183332,0.16351907753413208,0.16359356884461496,0.16415046085029275,0.30973441266726015,0.31659285526459424,0.16900719775367468,0.16954071168301882,0.16970937550786144,0.17025206433638895,0.311956364901619,0.31881143668658246,0.5862847649150398,860,0.06535879240594832,0.06689246055803384,0.19202659177595607,0.19480516386770821,0.1924949744384876,0.19529536148633447,0.2409329148627577,0.2419083431896366,0.23998765621536236,0.24096017156483518,0.39782316039620685,0.4097765010392613,0.24841466255213504,0.2493652131986329,0.247408814232176,0.2483565261949076,0.4019803491934528,0.4140995428644848
strict,upper,2023,8,general,1849,0.6664952074969698,0.0059992299011349505,0.0411840553502139,0.04423873557276109,0.032289884951089975,0.03407706602442693,0.2151002020136121,0.21999985913996378,0.21653464221009425,0.22101242300555804,0.33863967932993866,0.34233791698375127,0.3394543037274455,0.3428460418152173,0.5305233838558392,0.548070655198235,0.33553685444561854,0.33906585069038525,0.3365610445578849,0.33979756749000073,0.5194002234351149,0.5361444839377209,0.6787472854018287,1390,0.13717081371040726,0.14390779216959204,0.36851458899782313,0.37933049147946307,0.36754137676343707,0.37782013608046716,0.524455002550087,0.5324918627704055,0.5230742136955988,0.5311697993688266,0.7039834723000469,0.7324318520240825,0.5214114069147223,0.5291560156126967,0.5201537270582145,0.5279594055648491,0.6939206628698182,0.7205266299646523
strict,upper,2023,8,roro,601,0.730202167203482,0.002896074390859774,0.03783594182360031,0.039234665089229445,0.04685760738102285,0.04847906073076518,0.22004806177227748,0.2227831020346295,0.22109343878592255,0.2237552245845515,0.33786100865164487,0.33894043541181695,0.3393790411409319,0.340621938107584,0.6325366055847665,0.6418132541871672,0.3468202439632756,0.34787350073646184,0.34821070944714777,0.34942347319991063,0.6342685967530195,0.643320339153036,0.7379189123635685,451,0.14876499507562305,0.15234249916783807,0.35387930604574774,0.35905752255691376,0.3541951733261675,0.3595000686753581,0.49433571227007306,0.4956759383564349,0.49275434555241293,0.49409457163877485,0.7340374055160653,0.7468279461159933,0.500102991779843,0.501410724972261,0.49857894506833667,0.4998866782607549,0.7332821767576,0.7457626191708461
strict,upper,2023,8,tanker,4262,0.7337774992173132,0.013428516753989227,0.07127656435488042,0.07475065572128083,0.06347717128764632,0.06673112631357418,0.26784842864283737,0.27551433142511605,0.2669965644078826,0.27420181136378885,0.4164829114462784,0.4215374949990736,0.4141391275568784,0.4191439216231504,0.6464171873557591,0.6614312069278471,0.4232508490448554,0.42816997463770606,0.42116292630614016,0.4260335967226439,0.6470161904871289,0.661442788343674,0.7398979749533972,4094,0.17010351392052295,0.17988131005945707,0.42920377716137253,0.44371108082048677,0.42873808837834565,0.4430667779109424,0.6045796681378706,0.6131114823774428,0.6025241179814556,0.6115191055236284,0.8080932777232007,0.8285178320762353,0.6093441335755735,0.6176966165464686,0.6074671485937913,0.616257766422673,0.809004212290016,0.8289622269566932
strict,lower,2024,8,all,16746,0.557583609296559,0.008640146452730469,0.033790535496806946,0.03555483281673677,0.048408066210826724,0.0510727402764303,0.2125550752031439,0.22008675714508666,0.21132722456018585,0.21864043029811914,0.4091154768429324,0.41439568581069786,0.40839290765772207,0.4135493936233965,0.615192056685932,0.6326220466229756,0.4125457046431217,0.41774574004077725,0.4118016493007584,0.41688610206395627,0.614059876108737,0.6311011847485,0.5738439020120538,14301,0.14010841951646277,0.14803071621762248,0.34163242927387755,0.3554171768339264,0.3390043475614166,0.3526477780756049,0.5630654324340285,0.572824314648175,0.5593638045368531,0.5691727908813194,0.7413192693813115,0.7655015074130047,0.5657761165658374,0.5753709461881492,0.5621228004821004,0.5717663925385807,0.7401897040524856,0.7638076223155097
strict,lower,2024,8,bulk,6665,0.5988822881279952,0.0005857263183842446,0.011292838502532996,0.013100011919594201,0.021708180466558903,0.025354184854638473,0.21613980710525565,0.22761174128485195,0.2141530340328004,0.22525752127487567,0.29747532367795154,0.30985340193123795,0.29768644484581575,0.3098862380977461,0.6960873828770475,0.7313383592485366,0.30013976697079825,0.31248768468611,0.3003784166484241,0.31255336306681925,0.6927954020452648,0.7273272931781576,0.6265055788332002,5757,0.10199703423039735,0.11393178405781758,0.3854390826412893,0.4061990380262697,0.3809257296003243,0.4014175550106416,0.5140176938604798,0.5367126493653656,0.5058731909443736,0.5286094567880598,0.8457583768003855,0.889480575197113,0.514527131044152,0.5368844361154667,0.5063142690081199,0.5287116531821301,0.8411790553421853,0.8839593405641253
strict,lower,2024,8,container,2715,0.4556932754671014,0.016642820546976824,0.04524088522572856,0.046089706671838065,0.08879139427341141,0.09027955642171658,0.23694704898833271,0.24211115191480084,0.23584226433868183,0.24083625862718744,0.5743195858980825,0.5784596429730712,0.571412242091704,0.575271345249252,0.7252493789829622,0.7461739355047323,0.5755558740430264,0.5796267908313915,0.5725902025794789,0.5763848574713172,0.7232726037031753,0.743835355241173,0.45523428778163216,2041,0.21840570226719683,0.22230284605436673,0.3316430571499297,0.3420485943757872,0.3296422672660968,0.3400324449590031,0.6985665840284101,0.7070538905233636,0.6945047017550319,0.7027495455510482,0.7894320625334018,0.8189614297495679,0.6986372314887367,0.7069827972315471,0.6945546145507593,0.7026617667997996,0.7874423157961392,0.8164785330687175
strict,lower,2024,8,gas,951,0.38755269824314886,0.0018357281650295742,0.013848284705199545,0.014456573503959716,0.016826803666726262,0.01767807405850788,0.08444095575059227,0.08696233443069647,0.08424645185823769,0.08673910651122654,0.15305438263350798,0.15376283394471915,0.15212932184933448,0.1528581459021606,0.26406143142562344,0.27157701479366375,0.16071628504849772,0.16140477659612207,0.15997380203670547,0.16068209234845357,0.26775796058772733,0.2750618014341846,0.37995879055960224,824,0.04685731342755434,0.04947710302033038,0.1441895995665234,0.14817700057088484,0.14300222203810092,0.14693567139203528,0.2205436174510314,0.22225655165272706,0.21782930696934696,0.219713343842478,0.3753979685456986,0.38743978412883184,0.23085590363681982,0.2325205779776548,0.2284660065835691,0.2302969629838695,0.38195080361065736,0.3936533555233165
strict,lower,2024,8,general,1767,0.6462322657078524,0.004653025759969155,0.034165664998833896,0.03716328479026255,0.024250317653762166,0.026371371814462634,0.19505771931527785,0.2031917883182927,0.19550820110067038,0.20322019954064424,0.3157008974962564,0.3217579276352406,0.3155278793236883,0.3214422305144257,0.5008543169125639,0.5143868848090957,0.3171110699216647,0.3228738932947169,0.3169938571370091,0.32262093187435487,0.49466532900001764,0.5075405825129022,0.6609634519912642,1340,0.11780912066982908,0.12558717812502204,0.33401771904475513,0.3481876258429254,0.3337948219788617,0.3477017626342529,0.49273821318853434,0.5038498428514968,0.4927321498129283,0.5039369783721216,0.6808192200681842,0.7027682834069077,0.4950731235960779,0.5056450305645249,0.4951020911911649,0.5057626701267671,0.6750048296080247,0.6957486035019855
strict,lower,2024,8,roro,561,0.6785635996053407,0.0012168778496867455,0.01474917759625057,0.015087474160910413,0.02909470538702618,0.02940847838433138,0.184883710557696,0.1876059706911291,0.1865951912462799,0.18922716567416392,0.35814218193229025,0.3594572910266372,0.36669553539365096,0.36819231381361567,0.5941305076086825,0.5993371259433473,0.36767636641756096,0.36896353029911094,0.3755222280625258,0.3769872009146972,0.5980069199875753,0.6031029010698121,0.656001281304444,422,0.11215376474503985,0.11411271666129093,0.3079420233638184,0.3136990604170866,0.30561857902865536,0.3111827896587709,0.5023081976546045,0.5058319318190332,0.503402272981675,0.5071913528482864,0.7245695988983815,0.7338074382637768,0.5094757952858581,0.5129246523914265,0.510289521225572,0.513998085609755,0.7269461785239767,0.7359877198118182
strict,lower,2024,8,tanker,4087,0.6996361600995814,0.014637803501993837,0.06431076392504657,0.0681008769431984,0.058509918997016776,0.06270305833886371,0.2502398035390668,0.25878491137092685,0.2484744235130402,0.25685128763049897,0.4149275841673168,0.41977416909112536,0.41446448960500465,0.419284686091401,0.6143928211127679,0.6256447695783868,0.4216799529831143,0.42641336562089266,0.42120276441847176,0.4259263317380939,0.6160644520676736,0.6270831885447136,0.7065516645304307,3917,0.15212562526173531,0.16334521318664166,0.40144003831877334,0.41657164213691933,0.3992559864505702,0.4142487200977535,0.5923374404201313,0.6002524642992236,0.5891532557720557,0.5973358981011313,0.781826635314022,0.7978045930749246,0.5976175360760484,0.6054455494062534,0.5945529135936768,0.6026405642338228,0.7821996100142037,0.7978312041790655
strict,upper,2024,12,all,16746,0.7266539637124988,0.01668156582489533,0.06217083637917674,0.06434207177390827,0.10059910155920096,0.1040188109656706,0.31876434069735565,0.325605028310005,0.31568239626069045,0.3223253767728087,0.436372455946001,0.44152441649235297,0.4361222843205061,0.44115116786954506,0.6291336875999274,0.6430410211966473,0.43908706161558914,0.444162282847896,0.4388068773982797,0.44376714470209105,0.6276554444054069,0.6412722362528225,0.7324033833836231,14301,0.248599514398492,0.2579253670708011,0.4762818641255654,0.48846697895151125,0.4731236980618992,0.4852102083840032,0.5883438164199741,0.5977607174188255,0.585455889761962,0.5950023726435044,0.750248964022176,0.770377995936169,0.5904232684821892,0.5996852745150831,0.5875475504743242,0.5969356684262122,0.7489181550448062,0.7685914045704352
strict,upper,2024,12,bulk,6665,0.6869313241272905,0.0008362085904404083,0.014739434935487496,0.01680717617738913,0.02764102355666915,0.03159234246214557,0.24869319910413978,0.2598300494647961,0.2454039038216363,0.2561592855496766,0.2996743580167695,0.311937047571878,0.3002480027468031,0.3123366607740385,0.7005829220933457,0.7331375774145364,0.3022732600782179,0.3145092282037069,0.3028636284659668,0.3149307519951543,0.6971569537331789,0.7290728864543263,0.7055761275849131,5757,0.12477360662545489,0.1377223400291791,0.43756598921355494,0.4575292767933137,0.43260077673469627,0.4522775498198788,0.5229044460865662,0.5454693151540426,0.5137278631304038,0.5363340425366808,0.8492211131593799,0.8900730640299716,0.5231821639382656,0.5454132597400467,0.513934836215335,0.5362060111198116,0.844538586398431,0.8845341705332682
strict,upper,2024,12,container,2715,0.785268837237126,0.03962561518218108,0.12084540411456365,0.12261232073914627,0.2580596690389508,0.261408958015431,0.5310330466518832,0.5345798834811017,0.5257572205611337,0.5292390053210091,0.6567022430237448,0.660486772886974,0.6541738541023332,0.6576774300481217,0.7528958366132219,0.7650560486079857,0.6565627142600517,0.6602840412556054,0.6539696690128347,0.6574147341118614,0.7504449984360958,0.7624021309738602,0.7861525013044943,2041,0.5445954339066397,0.5513890018465339,0.6770863823666917,0.6836100775524512,0.6744291194181123,0.6811327539191921,0.756073491480581,0.763526154071048,0.7544845328671261,0.7619499314780557,0.8029689267498911,0.822248497465154,0.7551837550640507,0.7625119557888278,0.7535327631643718,0.7608734872139677,0.80075311002013,0.8197107056947214
strict,upper,2024,12,gas,951,0.5974007282860814,0.004667468716266628,0.020512894186285286,0.020983447901867226,0.022554523131317096,0.023284978633375107,0.11558896546768044,0.11761493421717961,0.11456780231476556,0.11660651842971467,0.15332448064654114,0.15403293195775233,0.15256398477069427,0.15329280882352037,0.2813449587435621,0.28806177646825026,0.16097877337488042,0.16166726492250477,0.16039621885305702,0.1611045091648051,0.2846413463698943,0.2911689258344084,0.589131038429437,824,0.06435727524971337,0.06869693833476195,0.19376262760579865,0.1970165371954348,0.1925314817549072,0.19572756961175714,0.2258740786072355,0.22758701280893118,0.22274960532492713,0.22463364219805818,0.39580036316285677,0.40669956240320276,0.23603618546128588,0.2377008598021208,0.23324768145098582,0.23507863785128616,0.4019807041441573,0.4125728315552663
strict,upper,2024,12,general,1767,0.7446545886069108,0.012344412597675153,0.054683161890785,0.05794734505331122,0.04478723791230118,0.047272645373222656,0.25365958596092997,0.26072447852200953,0.2526442473825747,0.2592141855563114,0.31742824253779445,0.3234852726767787,0.31756056430207813,0.3234749154928154,0.5071005035209704,0.5204633945600563,0.3189247132015201,0.3246875365745722,0.31914719250062396,0.3247742672379697,0.5009195047259319,0.5136333230567637,0.7603692812199384,1340,0.16571901519173926,0.17314599125272964,0.4193664902835402,0.43145640395022455,0.4174419645731959,0.4293623915703191,0.502503770812623,0.5136154004755855,0.5033531128062331,0.5145579413654264,0.6863117451564499,0.7080911316353983,0.5048489170288405,0.5154208239972874,0.5055812449963143,0.5162418239319165,0.6803038981736408,0.7008862368839699
strict,upper,2024,12,roro,561,0.7657930059390832,0.001318937500976141,0.021119198738748124,0.021536662715997787,0.039191657385428125,0.03954624063680606,0.2405703198107086,0.24327059175833418,0.2409843927441555,0.2435945849568532,0.3640736068862993,0.3653887159806463,0.3747987698088425,0.3762955482288073,0.6151602181645758,0.6196962747803675,0.37348175244959647,0.3747689163311464,0.38345327401742163,0.38491824686959303,0.618670695955056,0.6231103643183584,0.7664223175783104,422,0.16182154653883976,0.16395044698230382,0.39647731197528874,0.40201694185098863,0.3927114984938838,0.3980624986445125,0.5396212036877124,0.543144937852141,0.5390321256780907,0.5428212055447021,0.7392414559699589,0.7476914002702021,0.5459959242122884,0.5494447813178568,0.54516226272885,0.5488708271130331,0.7415417116406344,0.7498121001210228
strict,upper,2024,12,tanker,4087,0.7558045020800407,0.016331890313397934,0.07688140403511465,0.08094450052907576,0.07036952142990215,0.0752373931277842,0.28755056847149535,0.2958681354264386,0.28522072811946303,0.29334826983770457,0.4176083248646173,0.42245490978842587,0.41765462780797896,0.4224748242943753,0.6189130301740398,0.6293252468746355,0.4242807464012818,0.42901415903906026,0.42429776366614064,0.42902133098576284,0.6204247078035889,0.6306287556949122,0.7621793592769274,3917,0.18417912671355416,0.19596978431359524,0.4563766540293201,0.4709263401403009,0.4538507980318494,0.46822675827199234,0.6019070411883368,0.6098220650674291,0.5995451159839065,0.607727758312982,0.7849707206345957,0.8001063377262477,0.6069017442493729,0.6147297575795777,0.6046348591054959,0.6127225097456419,0.785249929806916,0.8000643042866188
strict,lower,2025,12,all,17006,0.7212024995685843,0.013671887010804473,0.055984880742042345,0.05828317599743841,0.0975120157146626,0.10078335541504922,0.3088023155486671,0.3166271317898076,0.30640095924215227,0.31412090595965114,0.4208168212259202,0.4266449275523049,0.4207047337659819,0.4262325008597719,0.6049918600103474,0.6235198817183323,0.42168485396024497,0.42742073897202804,0.421547725222866,0.4269854869824319,0.6009984333521147,0.6191998178667932,0.7202027886673475,14532,0.24346441008393607,0.2531039181478683,0.4611465541101698,0.4766461458624427,0.4597952273919878,0.4752906272757344,0.5658545212310204,0.5774475756191269,0.5658713396071452,0.5772670933703387,0.7253089270140637,0.7524515151716402,0.5658857990116846,0.5773009162775175,0.5658685427599196,0.5770764772288599,0.72173756684752,0.7483986168559833
strict,lower,2025,12,bulk,6820,0.6731502832870639,0.0008342813358800697,0.012171008114600815,0.013647515645889579,0.02414181368266832,0.027517096257283657,0.23687088867126108,0.24783993551165506,0.23506392132501025,0.246127213212492,0.28549502253397807,0.2956152997794839,0.28925338437599335,0.2988790958993224,0.6762958513025502,0.7186122233742269,0.28979413497549644,0.29967835956076205,0.2933517584539438,0.30272289531791624,0.674160662477344,0.7153954858092482,0.6898472473754579,5906,0.11860958914984517,0.1309007171009446,0.4159030989711243,0.4390291029792549,0.41450161414950415,0.4381740298324536,0.4828360339449521,0.5058032737039239,0.48168093630738273,0.5051001189471985,0.8204360553189117,0.879921188825497,0.48496725474837205,0.507430996711384,0.48368500190369823,0.5065877684040553,0.8184637442752554,0.8771350608644871
strict,lower,2025,12,container,2779,0.7892471813380545,0.0294250288253939,0.10555056218851436,0.10714801118037322,0.2516465666250378,0.25518546550934806,0.5124908447819603,0.5178150679804107,0.5056371123694835,0.5110224751955795,0.6466052887525677,0.6511290363059518,0.6436181359624181,0.647542086698272,0.7375048391070705,0.7515512886030765,0.6411778066499408,0.6457130380100076,0.6381898426286243,0.6421304204962319,0.7302222903222745,0.7437897864856743,0.7780153077602836,2093,0.5337419436814932,0.5413407312038079,0.6517885702621488,0.6623377485856149,0.6491540465559756,0.6595163039866332,0.7422480975658362,0.7508043045193472,0.7406066102377847,0.7488325860542253,0.7959337795999228,0.8170939077520735,0.735626811673217,0.7442305275972934,0.7340515755132118,0.7423322914233141,0.7882580810222418,0.8085145484134427
strict,lower,2025,12,gas,951,0.6206765388817442,0.006715105759414565,0.02142982402028055,0.022864225227614072,0.027332023927183053,0.02856668433850818,0.12266160514669587,0.12612678568536864,0.12360464904916195,0.12705901732441438,0.15659150072883396,0.15757529743674517,0.15811847934865417,0.15913768605877812,0.25195501318608043,0.26064745742847667,0.1637709473543924,0.16476255219775054,0.1653181905509948,0.16634425135781367,0.2544740805945594,0.26296067353254393,0.6063299247067889,821,0.07089274504684223,0.07404767854967836,0.20384524356820122,0.21066277228224914,0.2034236809740999,0.21017969576896603,0.21607056087110948,0.2186912117249291,0.21864194984591037,0.22117704555570433,0.34422699901368903,0.35798168570038985,0.22490514512289322,0.2274895029489577,0.2274624127436108,0.22996352050663607,0.3477545701004668,0.36107392636895963
strict,lower,2025,12,general,1769,0.720794900515014,0.012434501498318247,0.0474815501296375,0.05020485093851829,0.04412138691849741,0.04698602744816286,0.25275413530031876,0.262141940405995,0.25338783019185507,0.2620044813454205,0.319696115343755,0.32799922371365275,0.3217134408106366,0.330132185348927,0.500789815765027,0.5235016080308228,0.3173029738663756,0.3255187050141992,0.3193935724774785,0.32771929980245534,0.4890185363747925,0.5108986155218124,0.7175854772379264,1340,0.17077980826701947,0.17909470034236116,0.4166933690053257,0.4351493007742153,0.4159890562019225,0.43414672814757166,0.5016295294578529,0.5178144012886645,0.5033358138409962,0.5193888196619798,0.6678866468012449,0.7000036921943921,0.49825631202866744,0.5139693847260933,0.5001559491792263,0.5157435874457196,0.6583089538572917,0.6892042680078486
strict,lower,2025,12,roro,588,0.7590517101713178,0.0021119319513844908,0.02370297280918388,0.0244567171804767,0.03587032641714552,0.03657481292602813,0.22883985498257503,0.23131136420239812,0.2301193227151375,0.23273154872260604,0.39328938856506923,0.39328938856506923,0.40792406035983314,0.40797045876233984,0.6247766850256209,0.6329153119307517,0.4011104219176658,0.4011104219176658,0.4156088040519236,0.41565394341974427,0.6260082739467377,0.6337437095401847,0.7521902942578479,442,0.13847938067475907,0.1417732741722327,0.37974364013243883,0.3847184326527749,0.37760626570861844,0.3825214220212241,0.5804380593744132,0.5808548124300762,0.5826625447384518,0.5830736747712567,0.7433545744296332,0.7595436048602225,0.5862565958878893,0.5866620402233335,0.5881559130598032,0.588555886954815,0.7437477345747976,0.7584504930702979
strict,lower,2025,12,tanker,4099,0.7333834053569422,0.015562898195104402,0.07372612273252885,0.07903022559305496,0.06566426468376013,0.06998486252209303,0.274057746272499,0.28351092868424543,0.27329390810105403,0.2822217531341366,0.4081460916778422,0.41509097014360624,0.40533079212742196,0.4120761224180964,0.602431934966576,0.6169119862009736,0.41354821130395053,0.42028583638671774,0.4107181723536636,0.41726512706236146,0.6012486160526086,0.6159906081744243,0.7374335317431805,3930,0.1776833721103953,0.1906994862517557,0.4377916041112308,0.4547619118344433,0.4376117347356947,0.45417556297489453,0.5917498154774631,0.6042315159551357,0.5922225746634082,0.6041962652088604,0.7698901235961095,0.7911437020415296,0.5956977571485857,0.6078865019727132,0.5960340507220038,0.6076780349980346,0.7684363013558675,0.7900487453349818
strict,upper,2025,16,all,17006,0.7946214064496925,0.01885890689625201,0.07365108345450186,0.07616511575426191,0.12173539942023044,0.12541506493771076,0.3597842258340436,0.3668084604055235,0.3565115254963922,0.36345912817855575,0.4264106190191264,0.4322139368752281,0.4268365122862572,0.43234395669594256,0.6108831389488194,0.6279328648092796,0.4271240747331751,0.43283585627045335,0.42752094281069475,0.43293894347598616,0.6067749522123111,0.6235335163674939,0.7889708451400129,14532,0.2924582570113869,0.30236978151716853,0.5285694247211571,0.5420414859574606,0.5269294470053059,0.5403995711674082,0.5774870319055452,0.5887579696153015,0.5771450497494491,0.5882187471645991,0.7311709641741748,0.7566136839297828,0.5772635063772238,0.5883654082225213,0.5768968108981849,0.5877915886097499,0.7274517207505757,0.7524457697218269
strict,upper,2025,16,bulk,6820,0.8031927152480973,0.002125136882091147,0.02965611470805874,0.03155682730794074,0.05769309647264312,0.061694694159927364,0.3266478440582917,0.3363005947718562,0.32255714587384243,0.3323242113274436,0.2968501800712812,0.3068812645991664,0.3004808321484762,0.31001007198053315,0.6853318618700693,0.7218406935549676,0.3008247164839086,0.3106222978378108,0.3043258145095917,0.31360323723086414,0.6829717448150181,0.718531673339817,0.8077619839104293,5906,0.20467170477166388,0.21718062363642343,0.5406396373166321,0.559820466650565,0.5382515466072534,0.5579424329114274,0.5130747931895682,0.5350507876569606,0.5097830332685442,0.5322387151211779,0.8279380241085903,0.8809089347851533,0.5147552534942982,0.5362560839391143,0.5113470711519076,0.5333138775890495,0.8258388162376616,0.8780945730757269
strict,upper,2025,16,container,2779,0.8241774270407655,0.04283439555063884,0.13787974003445405,0.13952430764639112,0.2919494053100225,0.29555714075685213,0.5556919995853079,0.5606162456860241,0.5490210913265011,0.5540265426869662,0.6559044391293957,0.6604281866827798,0.6539128605158481,0.6578368112517019,0.7432807317120939,0.7573271812079492,0.6503115781916077,0.6548468095516746,0.6483014827618698,0.6522420606294774,0.7358954627483217,0.7494629589115736,0.8101757225382749,2093,0.584530302745409,0.591646203138364,0.693322443825634,0.7030594053661217,0.6910693018749499,0.7006809204074491,0.7518577059904548,0.7604139129439659,0.7502104841574574,0.758436459973898,0.7999332332854279,0.8210933614374923,0.7450655199851143,0.7536692359091903,0.7434846513042914,0.7517653672143938,0.7921864072428726,0.8124428746339887
strict,upper,2025,16,gas,951,0.6972877278681755,0.00730469999078523,0.02335851613065587,0.024792917337989388,0.0294753325425879,0.03070999295391303,0.14181358570746175,0.1452787662461345,0.14164762761101715,0.14510199588626954,0.15746022910276358,0.1584440258106748,0.15834997467473005,0.15936918138485398,0.2632828196694705,0.2707461922743394,0.1646162698971472,0.16560787474050534,0.16554344878308078,0.16656950958989963,0.26549668612656663,0.27278732185519033,0.6680061332622209,821,0.08224712170232146,0.0855726474314217,0.2361297030161002,0.24293753883030553,0.23457055771784535,0.24131687961286882,0.22403905027980264,0.22665970113362227,0.2271266977649538,0.22966179347474774,0.36125892057185466,0.3734045059992567,0.23265894243286422,0.23524330025892864,0.235718559199511,0.2382196669625363,0.36432760681893905,0.3760812152554904
strict,upper,2025,16,general,1769,0.7872667810199978,0.016597497234955336,0.061243739076845084,0.0639300765295993,0.056037635787865886,0.058711116705965856,0.29050084847887975,0.2992677755958511,0.2900812345880542,0.2981134046717496,0.3219000710444637,0.33020317941436145,0.3246659295608188,0.33308467409910936,0.5059939759493415,0.5277723760234129,0.3193994347320624,0.32761516587988604,0.32220205774746247,0.3305277850724394,0.4939688709766171,0.5149610828209573,0.7761919158058762,1340,0.20347313879290796,0.21185797545264123,0.47152126319128307,0.4888372339903424,0.4700517345761953,0.4869824469079652,0.5091930754231967,0.5248557646548088,0.5106627389934533,0.5261336665723353,0.6729797703585878,0.7041634235600076,0.5054509566928357,0.5206673155118416,0.5072162049105706,0.5222501549813615,0.6631536674867256,0.693161114335104
strict,upper,2025,16,roro,588,0.7791996996038849,0.0045322266520335395,0.03013616557271716,0.030925436952201502,0.04524732243469407,0.04595180894357668,0.2496736880412102,0.25156637481829325,0.25051150891930124,0.2525998204680475,0.3987424673991458,0.3987424673991458,0.41842493808245923,0.41847133648496593,0.6328227548933325,0.6388702045952983,0.4064155298082097,0.4064155298082097,0.4258247372813894,0.4258698766492101,0.6338360112749278,0.639537014391127,0.775165704057173,442,0.157745545800979,0.16118862675426202,0.40671650242404705,0.41058576061253627,0.4047520872659482,0.40862884008697903,0.5960825271034295,0.5962237803871503,0.5988547420561039,0.5990010159803413,0.7493460968291642,0.762924412446816,0.6014765462531617,0.6016139665863046,0.6039087302056543,0.6040510349427146,0.7495766752017865,0.7617395614204502
strict,upper,2025,16,tanker,4099,0.7959966508531402,0.017456055199460575,0.0818620149259849,0.08755218608959205,0.07439761796538401,0.07960953075064715,0.30716209512577414,0.31557325071580533,0.3061610618729982,0.31410103067585254,0.40980213024864226,0.4167120043963461,0.40716658306269116,0.41389582953572074,0.6044205010284762,0.6181402275560025,0.4151525766918791,0.42185628969233496,0.41249668131351,0.4190280540660927,0.6033177878843726,0.617323179624389,0.7998810134985587,3930,0.20298940814979197,0.21732455358905997,0.4880906251410061,0.5028272897786813,0.4881104782350012,0.5024272696781779,0.5973132718788232,0.6094337995607854,0.5975170696543416,0.6091295874040832,0.7724193043243601,0.7927814292983896,0.6010876176536342,0.6129264593156515,0.6011633421888755,0.6124574233027962,0.7708865643459633,0.7916353707748097
