set_key,label,subset,vessel_group,n_full,touch_w,feasible_w,covered_lb_w,green_p_ub_x1_w,green_p_ub_x2_w
all|-1|0|all,all nodes,all,all,23035,1.0,0.49427426108577693,0.8050086772413325,0.9624456412013694,0.9833543972747292
all|-1|0|all,all nodes,all,container,3784,1.0,0.5823352050503976,0.8374932563359935,0.9969211616469523,0.9997569954885609
all|-1|0|all,all nodes,whole_year,all,22693,1.0,0.49332773076348846,0.8047718437982339,0.9624167018482979,0.9832801064772198
all|-1|0|all,all nodes,whole_year,container,3721,1.0,0.581781612823117,0.8372042820675688,0.9969313273683738,0.9997563854323547
external:yap4|-1|0|all,Yap hubs (4),all,all,23035,0.622967341730472,0.008532660719252719,0.034556562498365175,0.2575348067731516,0.39423841162657186
external:yap4|-1|0|all,Yap hubs (4),all,container,3784,0.7581188791359456,0.01865862067584942,0.06314412911147237,0.46446818775278154,0.6144156040131432
external:yap4|-1|0|all,Yap hubs (4),whole_year,all,22693,0.6245339160821191,0.008464950005150549,0.03459260570820977,0.2582106206609895,0.3951071327596338
external:yap4|-1|0|all,Yap hubs (4),whole_year,container,3721,0.7593940159477883,0.01865847427403758,0.06312821796213719,0.4652046794921235,0.6152324959243465
external:yap8|-1|0|all,Yap hubs (8),all,all,23035,0.7624263782249665,0.019264784092507075,0.07231843441201952,0.3456158483185955,0.5042958499635598
external:yap8|-1|0|all,Yap hubs (8),all,container,3784,0.8578639273305625,0.04699095184623957,0.14769206764179682,0.5965780045997515,0.7405286011372169
external:yap8|-1|0|all,Yap hubs (8),whole_year,all,22693,0.7636451584561641,0.01907845850834495,0.07231377833758017,0.3462015320032176,0.5050086267926279
external:yap8|-1|0|all,Yap hubs (8),whole_year,container,3721,0.8580370484415457,0.046650578295740854,0.14752842920030476,0.59689202394094,0.7408147983618705
external:bunker10|-1|0|all,top-10 bunker ports,all,all,23035,0.8420367920493939,0.027745688403961254,0.10798938273132057,0.43704257698911136,0.6095104199788475
external:bunker10|-1|0|all,top-10 bunker ports,all,container,3784,0.8696478217375476,0.06496317712377313,0.18269565800577783,0.6270481022512502,0.7456421545730184
external:bunker10|-1|0|all,top-10 bunker ports,whole_year,all,22693,0.8432761800369709,0.027467478903825317,0.10800937888531172,0.4375629469397142,0.6102442617670776
external:bunker10|-1|0|all,top-10 bunker ports,whole_year,container,3721,0.8705008599186329,0.06459472685900089,0.18257684794642098,0.6275252679059239,0.74622770978271
volume|2024|0|all,top 10 by calls,all,all,23035,0.8729942197805097,0.03779498163676832,0.14266364191940217,0.47491438372890676,0.6565222541535326
volume|2024|0|all,top 10 by calls,all,container,3784,0.8654609435661799,0.08304781174500689,0.2259013656408691,0.6314966882025982,0.7711997131467775
volume|2024|0|all,top 10 by calls,whole_year,all,22693,0.8736581849290982,0.03748752324810589,0.1425577430823148,0.47517138940397297,0.6568501492077866
volume|2024|0|all,top 10 by calls,whole_year,container,3721,0.8660158300171886,0.08275884662959096,0.2258272297331074,0.6319484475976943,0.7717326116131107
greedy|2024|7000|all,10 chosen for continuity,all,all,23035,0.799252046384694,0.03916017213450092,0.16284003891390372,0.4699692048228805,0.6288880402672093
greedy|2024|7000|all,10 chosen for continuity,all,container,3784,0.7446443507631915,0.08143072169657206,0.2175881898768719,0.528727641666731,0.6449742867557544
greedy|2024|7000|all,10 chosen for continuity,whole_year,all,22693,0.799417601397045,0.038845249962067396,0.16271480159743315,0.47006483722503556,0.6289376213167048
greedy|2024|7000|all,10 chosen for continuity,whole_year,container,3721,0.7444092311850655,0.0809995737642157,0.2172424269580412,0.5288350481893963,0.6450232775088441
volume|2024|0|all,top 20 by calls,all,all,23035,0.9246945841013361,0.07182186221678889,0.2251331076191984,0.5875017757419269,0.7598035897019398
volume|2024|0|all,top 20 by calls,all,container,3784,0.9036019199370587,0.16222360328955918,0.3368456125334093,0.7398857034318507,0.8489318181504064
volume|2024|0|all,top 20 by calls,whole_year,all,22693,0.9253632733765688,0.07143270100958099,0.22512328583263164,0.5879656569870814,0.7602234675921771
volume|2024|0|all,top 20 by calls,whole_year,container,3721,0.9040277985830552,0.16174206715478148,0.3367252525999526,0.7403947270007442,0.8494324461982324
greedy|2024|7000|all,20 chosen for continuity,all,all,23035,0.9475962273291151,0.06907650380631905,0.2601022423203698,0.6463473220492795,0.8138281588667022
greedy|2024|7000|all,20 chosen for continuity,all,container,3784,0.9369911292714244,0.15239008948292157,0.38025588097041374,0.7854124357832716,0.880855371250943
greedy|2024|7000|all,20 chosen for continuity,whole_year,all,22693,0.9480876028834858,0.0686417502865834,0.2601091418513431,0.6468226959541793,0.8142809370419564
greedy|2024|7000|all,20 chosen for continuity,whole_year,container,3721,0.9369518421059487,0.15179276643820871,0.3800684100221583,0.7858886434743605,0.8812551987947917
greedy|2019|7000|all,20 chosen for continuity on 2019,all,all,23035,0.949142046221572,0.06359521519399906,0.25364242905669043,0.6472856675306091,0.8157020516095845
greedy|2019|7000|all,20 chosen for continuity on 2019,all,container,3784,0.9408608973644688,0.13798451713178306,0.36915122553462587,0.7931454637512936,0.8876786173292968
greedy|2019|7000|all,20 chosen for continuity on 2019,whole_year,all,22693,0.9498017330852128,0.0632140663003759,0.25368728211343616,0.6477946382386459,0.8161950834076166
greedy|2019|7000|all,20 chosen for continuity on 2019,whole_year,container,3721,0.9412958571598883,0.13765404262291087,0.3692395284732552,0.7937812621733974,0.8882745525580186
