set_key,label,year,vessel_group,n,service_fits_hfo_w,service_fits_lng_w,service_fits_methanol_w,service_fits_ammonia_w,service_fits_lh2_w,operating_fits_hfo_w,operating_fits_lng_w,operating_fits_methanol_w,operating_fits_ammonia_w,operating_fits_lh2_w,n_ports
all|-1|0|all,all nodes,2024,all,19981,0.9646606749149427,0.8294865477045076,0.5293396106619576,0.3823968138071273,0.19280308784733607,0.9599037356231968,0.8415262646430715,0.6419891087767117,0.4640396297996174,0.23956104090330638,2633
all|-1|0|all,all nodes,2024,container,2926,0.9931370209956518,0.8925273553064528,0.601751206041901,0.46586925472290536,0.2735729593767132,0.9935903016601392,0.9688480844164579,0.8691232074155325,0.6824495207859622,0.39898943282799887,2633
all|-1|0|all,all nodes,2024,bulk,8019,0.9981830676252899,0.9113676649124623,0.532502617546504,0.3298055119743919,0.17103298616885948,0.99847000799871,0.9656731741622834,0.7018879337005017,0.45025232396021325,0.20843109032134313,2633
all|-1|0|all,all nodes,2024,tanker,5577,0.991555635546015,0.7700010181091307,0.5184357109319746,0.38544104041959554,0.1517214348981531,0.9768690493984192,0.7654525493219295,0.519964298692047,0.3761899223646599,0.1715537304442268,2633
all|-1|0|all,all nodes,2024,gas,1035,0.7100168540480263,0.5856072021558676,0.355228486228936,0.30688924640784426,0.1486362566843824,0.7031061981274307,0.4230907391474231,0.26462119287461383,0.20273510539942674,0.11833631404017124,2633
all|-1|0|all,all nodes,2024,general,1886,0.9752146365614515,0.771857661632765,0.5511242050567009,0.3985524026552334,0.18693909188792107,0.9603421890783308,0.7931192578400112,0.5813063327037997,0.43996739335172574,0.179577589352293,2633
all|-1|0|all,all nodes,2024,roro,538,0.9817159335437544,0.8357838844032051,0.4731964243111569,0.3163380785195087,0.14485881815582285,0.9812191263266599,0.6243715678894347,0.36700259629623916,0.23443990541440773,0.11383700698355002,2633
external:yap4|-1|0|all,Yap hubs (4),2024,all,19981,0.07497347927164691,0.0217576027009152,0.007746034309111496,0.00492071343487144,0.0025361528469273844,0.11876206053334794,0.04115833188761284,0.019775106723405374,0.010493019921145983,0.0028274527484429407,5
external:yap4|-1|0|all,Yap hubs (4),2024,container,2926,0.20123225477235923,0.05967970138013604,0.018592464035699037,0.011282349461353924,0.005089295999025826,0.3408826364224491,0.12875765562271996,0.06088964791613312,0.032022017956788336,0.007310560458771889,5
external:yap4|-1|0|all,Yap hubs (4),2024,bulk,8019,0.03072870193147658,0.00808755524119521,0.004224599814032473,0.003153337469159092,0.001616775471589068,0.050319535824819524,0.009752753396146566,0.005414103036743589,0.0035938607622933187,0.0019357423761154297,5
external:yap4|-1|0|all,Yap hubs (4),2024,tanker,5577,0.017599053947712485,0.0057530063898834855,0.002620686072431353,0.001668042148717885,0.0011728392550281418,0.013952418819343134,0.0030147429586104353,0.0015377779986459619,0.0008222328629052877,0.0004897394679011597,5
external:yap4|-1|0|all,Yap hubs (4),2024,gas,1035,0.00755355265141256,0.004332358751075892,0.0030410388754959572,0.002922561386740339,0.0026489885611745384,0.006293411825312734,0.0033591525994221836,0.003203972067292798,0.00030679400056559254,3.322117499979218e-05,5
external:yap4|-1|0|all,Yap hubs (4),2024,general,1886,0.039028877627745054,0.005149822282152705,0.001945011540793958,0.001690863363735086,0.0016712600457507592,0.04438193240044063,0.006643079508982683,0.0019845624895975756,0.0017722100095281946,0.001640765996674767,5
external:yap4|-1|0|all,Yap hubs (4),2024,roro,538,0.05182289289314366,0.008787090986501085,0.005021300150817935,0.0007170002079118868,0.0,0.03219630314477273,0.007353315969145618,0.0020127173932264716,0.0007170002079118868,0.0,5
external:yap8|-1|0|all,Yap hubs (8),2024,all,19981,0.1367674173054934,0.04070315714937252,0.015868125182701052,0.009216766709589895,0.004472737019048799,0.19289760613290652,0.0774716001956619,0.03679358276375746,0.020258624499707202,0.005928158595207861,10
external:yap8|-1|0|all,Yap hubs (8),2024,container,2926,0.36400142038616395,0.11295407729676568,0.04057088417211236,0.02127483493119684,0.009420069387216238,0.5336007002124057,0.2407272816419825,0.11323185031574491,0.06108442769809471,0.015921248731492216,10
external:yap8|-1|0|all,Yap hubs (8),2024,bulk,8019,0.05522268186909702,0.011473868655749238,0.005533700906889709,0.004119919758643355,0.002125153372579233,0.0869089843427842,0.015570789850325523,0.007507066445261868,0.004733185190121647,0.002400991216367689,10
external:yap8|-1|0|all,Yap hubs (8),2024,tanker,5577,0.03895746061010098,0.011388935940885503,0.0058357146644986225,0.004035606802036838,0.0024499229027486113,0.03817704559522256,0.009635304072766547,0.004893179020604605,0.0033087833162683293,0.0018081016906788165,10
external:yap8|-1|0|all,Yap hubs (8),2024,gas,1035,0.01051820436633569,0.0061549795032463574,0.0032664379160124092,0.002922561386740339,0.0026489885611745384,0.00937354387998567,0.004253543696747345,0.0032406751106665655,0.00034349704393935997,3.322117499979218e-05,10
external:yap8|-1|0|all,Yap hubs (8),2024,general,1886,0.0692656207524309,0.02145025772771366,0.014008536637992714,0.012019129462043485,0.007596322773771114,0.08102997999022091,0.021813016565006532,0.014098247711624481,0.010792545626935792,0.00620605407080589,10
external:yap8|-1|0|all,Yap hubs (8),2024,roro,538,0.0900235804235078,0.02207511615060019,0.009212360749835474,0.004758816744565559,0.0,0.05508018287358469,0.01638620720922517,0.006054533929880143,0.004758816744565559,0.0,10
external:bunker10|-1|0|all,top-10 bunker ports,2024,all,19981,0.19000649481783696,0.06341364629879084,0.023634614452834296,0.014942657580438194,0.005580933163568771,0.24185117780080448,0.10048296243231156,0.05135741188830988,0.026806335973479988,0.006416059126650478,15
external:bunker10|-1|0|all,top-10 bunker ports,2024,container,2926,0.3733431200299361,0.15823953907310492,0.05711394548969662,0.03628060559477278,0.011575948421356085,0.48935680351638267,0.2697390181179257,0.1487787196646243,0.07707559748995212,0.017077131576510713,15
external:bunker10|-1|0|all,top-10 bunker ports,2024,bulk,8019,0.11185208443737038,0.015989043335838345,0.006199564880499327,0.004057576019345622,0.001775413727091571,0.17910420332750507,0.026357406382848475,0.00908058519184414,0.005043868848624327,0.002020005089439105,15
external:bunker10|-1|0|all,top-10 bunker ports,2024,tanker,5577,0.12991336457882952,0.035593608591768494,0.013743718599116848,0.00814556874405475,0.003925361602175146,0.13660257064471854,0.043949590893533966,0.014720167939418279,0.007778889110682176,0.002713409920103398,15
external:bunker10|-1|0|all,top-10 bunker ports,2024,gas,1035,0.06287377708781902,0.018733334604350903,0.007959438228545451,0.005961204889723328,0.004206193323641796,0.05659911213809535,0.023279942604438095,0.013886154712892795,0.0068528594446706885,0.0008132394263904888,15
external:bunker10|-1|0|all,top-10 bunker ports,2024,general,1886,0.11667586504593445,0.03038781879589575,0.01431204144676313,0.01187366191039985,0.0064887102330196955,0.1399746702037303,0.03768649235957596,0.02037132356188187,0.010588146387533358,0.004929739864634194,15
external:bunker10|-1|0|all,top-10 bunker ports,2024,roro,538,0.20411864703669366,0.04316064261605079,0.01916727304069099,0.008220174570448643,0.002790601599845544,0.14642137410752287,0.03054253494700582,0.01122428829151876,0.008220174570448643,0.0003539863450521458,15
volume|2024|0|all,top 10 by calls,2024,all,19981,0.23481858752849294,0.07761819921256437,0.03545995643990604,0.02159592415347746,0.009114956744230962,0.29687802905195604,0.11108414306315674,0.05894040535450209,0.03629478556582714,0.013115715666891193,10
volume|2024|0|all,top 10 by calls,2024,container,2926,0.3925231963532867,0.1632626350982462,0.07797527206997093,0.04876552684473131,0.01926276450166756,0.5448764459103603,0.25422711050083885,0.14962639005798953,0.093336658903115,0.03434325792744321,10
volume|2024|0|all,top 10 by calls,2024,bulk,8019,0.16360379743447984,0.022916000433257012,0.010588540713722033,0.006759029921367508,0.003409801683362241,0.22292526813914676,0.03456729885389023,0.014599010170020485,0.008405109338227707,0.0029868929551822047,10
volume|2024|0|all,top 10 by calls,2024,tanker,5577,0.2384287618193346,0.07939344609105686,0.03163502803509371,0.017427909203359782,0.007500199721601911,0.24778754239110834,0.09576405595153283,0.037246662406087594,0.02273027193488815,0.007628739630239308,10
volume|2024|0|all,top 10 by calls,2024,gas,1035,0.07057313251648727,0.02294533115994893,0.00676797661683366,0.003651904044945316,0.0019488960474156548,0.07475445456282155,0.023288587252253915,0.013772470255870398,0.005822990743177179,0.0011889073775383713,10
volume|2024|0|all,top 10 by calls,2024,general,1886,0.1397431839946609,0.040785958196116794,0.022324040588313936,0.016038564450085276,0.008851906335273677,0.14909421428091493,0.04356697733386149,0.022394392440591732,0.014644299473668382,0.0075796200778145565,10
volume|2024|0|all,top 10 by calls,2024,roro,538,0.10370914466434862,0.020013271219300383,0.01836402885252694,0.010058924340014238,0.005648309668278615,0.06938775439066919,0.019526020060039014,0.013460962950821151,0.010913687986842167,0.003559073207252089,10
greedy|2024|7000|all,10 chosen for continuity,2024,all,19981,0.25650950079645296,0.07483618130807389,0.03655482908115387,0.02380572655544035,0.009572398596737404,0.32069303445092484,0.10495719105316742,0.05301221613346039,0.03243408115877898,0.01265789941916439,10
greedy|2024|7000|all,10 chosen for continuity,2024,container,2926,0.30799657597781627,0.12207602839210212,0.07546703188562064,0.04879877829254479,0.019070565527141186,0.4501652850649273,0.18987740921797347,0.1123723998480291,0.07458260155094369,0.03128672966014599,10
greedy|2024|7000|all,10 chosen for continuity,2024,bulk,8019,0.28648087975703357,0.035567520203376946,0.01322897855160889,0.007796827537679186,0.003491730587035618,0.36071280429282954,0.05914091986447031,0.021095562437638167,0.011399000967115647,0.003514073332079811,10
greedy|2024|7000|all,10 chosen for continuity,2024,tanker,5577,0.2788107320275778,0.09980979262331197,0.03689361929755325,0.02475498473684057,0.010191533602663887,0.2974241661209628,0.11742285858704592,0.04977862457619856,0.02681250821901833,0.009948763902521213,10
greedy|2024|7000|all,10 chosen for continuity,2024,gas,1035,0.0799257896639632,0.025714686839102094,0.009426878118039366,0.006681339048879047,0.0025422047768619968,0.06903176210213398,0.02610694703498698,0.013143129139022417,0.006233311272120632,0.0007834421871492424,10
greedy|2024|7000|all,10 chosen for continuity,2024,general,1886,0.09862201458065757,0.025866484988036054,0.008285696944578274,0.005097032814717415,0.0019041374078053624,0.10772213477856771,0.02547249070832326,0.009909190916051485,0.004796967084458189,0.002083509686562174,10
greedy|2024|7000|all,10 chosen for continuity,2024,roro,538,0.14053554062607088,0.034847688013331685,0.019556550018168816,0.01538707265092571,0.006605089628814804,0.10623771965892088,0.026629080013445616,0.020680800781849223,0.010326375169926816,0.0022919537624239263,10
volume|2024|0|all,top 20 by calls,2024,all,19981,0.3793444387356089,0.1314761815518868,0.06311435314174611,0.04314876361061533,0.019732630362042952,0.45217172399202604,0.18003775733986163,0.09806220756622169,0.06204686218752135,0.026230795354803764,20
volume|2024|0|all,top 20 by calls,2024,container,2926,0.5697574344765461,0.27730213895706146,0.14718537316476213,0.10639723997738304,0.050203407236883296,0.739923152024146,0.40608844784865394,0.2519700419984605,0.1656754639939974,0.07528993310686019,20
volume|2024|0|all,top 20 by calls,2024,bulk,8019,0.3572619627881025,0.051134474891086495,0.019166387614028536,0.010844530698218297,0.004654632162595967,0.4432613612259685,0.08158682917987298,0.02863017016851082,0.015933886771675235,0.005015899979817331,20
volume|2024|0|all,top 20 by calls,2024,tanker,5577,0.3374316969417402,0.11510725785148514,0.04697370682843658,0.02796488282953993,0.011322903876561213,0.34962701195917667,0.13019442138668988,0.05634765767590629,0.03184278809432912,0.010587954897037111,20
volume|2024|0|all,top 20 by calls,2024,gas,1035,0.11285701546089977,0.03529725324443252,0.012679588039408843,0.008714249670696363,0.003467848192347647,0.10988870574445601,0.036399540502937186,0.016408676165850167,0.007610216094149313,0.001473990703006363,20
volume|2024|0|all,top 20 by calls,2024,general,1886,0.24057071360949564,0.07729536678750865,0.0367557960265978,0.023181855294095482,0.010201577063283349,0.25139189466743167,0.0797951729922042,0.03178454103127768,0.020178298001524295,0.008553427151854158,20
volume|2024|0|all,top 20 by calls,2024,roro,538,0.24865115647505076,0.061589198154606624,0.030084971034381958,0.023088894679102707,0.012480044351502372,0.16654408584152824,0.04184244142863666,0.026605940182459497,0.018355932071443058,0.004854790392566674,20
greedy|2024|7000|all,20 chosen for continuity,2024,all,19981,0.4707277180948462,0.14960701670697987,0.065801967775747,0.04096676421840486,0.016106306202649086,0.5273239280476452,0.21310907172593027,0.10720629270059436,0.06552176722927235,0.02280350719861885,20
greedy|2024|7000|all,20 chosen for continuity,2024,container,2926,0.6440668672950364,0.2932367126787269,0.15197830964477083,0.0965990976556047,0.03741159880073762,0.7668382167255133,0.4627723852205518,0.27149669633075235,0.1764401293892646,0.06330100675724246,20
greedy|2024|7000|all,20 chosen for continuity,2024,bulk,8019,0.4216749137187422,0.06123659529933426,0.020954824729747197,0.010781075164471104,0.0039938877162643245,0.52097363869096,0.10219583811316012,0.033405626048638025,0.016679285868362138,0.004296549855928371,20
greedy|2024|7000|all,20 chosen for continuity,2024,tanker,5577,0.4843731381864222,0.15511378070028875,0.05014039454562495,0.0304412060692562,0.012272115935940688,0.48444177791370574,0.1700632870522049,0.064013795468762,0.032360028715563524,0.011241602179382254,20
greedy|2024|7000|all,20 chosen for continuity,2024,gas,1035,0.16676522642990355,0.037969975294963446,0.013955879463781679,0.009791238154505283,0.004069493929256043,0.15829055124255767,0.04375899223949028,0.018324716609555217,0.009151072735678152,0.0023279291807425657,20
greedy|2024|7000|all,20 chosen for continuity,2024,general,1886,0.26593142295648964,0.07418407026515464,0.03266073561121776,0.020515145697604188,0.008131275630665385,0.29018356700614545,0.08173811030576753,0.0340680027700825,0.017701627868991175,0.007027691038626542,20
greedy|2024|7000|all,20 chosen for continuity,2024,roro,538,0.46518599487205897,0.0764251325616708,0.03155654837021957,0.023430088346839947,0.012415279188076988,0.29831453838975097,0.04907209846642459,0.027159938309064092,0.018573579694022287,0.005110868754871615,20
greedy|2019|7000|all,20 chosen for continuity on 2019,2024,all,19981,0.46558355199035834,0.14934932710009438,0.06068862919679141,0.03623595215135623,0.013739108923580006,0.5188968159505052,0.21178633151155982,0.10603085143301395,0.06160197832566987,0.019561678216022563,20
greedy|2019|7000|all,20 chosen for continuity on 2019,2024,container,2926,0.635056476500702,0.2976133789152185,0.13659533761265366,0.08278791821140512,0.029890157677324017,0.7437022765961959,0.46744501811496747,0.26919771162745654,0.16413240242621766,0.052333253472165144,20
greedy|2019|7000|all,20 chosen for continuity on 2019,2024,bulk,8019,0.4222378825183206,0.0618229332475979,0.021933371742939543,0.01076466350561417,0.004231722285420416,0.5197092771541642,0.10202140323721774,0.03414621387423667,0.017533324512893494,0.004772204402621551,20
greedy|2019|7000|all,20 chosen for continuity on 2019,2024,tanker,5577,0.47375759973034576,0.1489315454840772,0.04757295475665323,0.02811363420460228,0.011270448627010063,0.4789566860186375,0.16145152902968848,0.062326908502131774,0.03075102172256485,0.010269458945718853,20
greedy|2019|7000|all,20 chosen for continuity on 2019,2024,gas,1035,0.16854323331723503,0.03624714356456462,0.012560085469311984,0.009171240042305078,0.004069493929256043,0.1528135517850302,0.041929579982428515,0.017242217185452907,0.007965399510234507,0.002075636439914759,20
greedy|2019|7000|all,20 chosen for continuity on 2019,2024,general,1886,0.25215088922339374,0.06848705696815072,0.031124643033995057,0.02064581571129281,0.008131275630665385,0.2735184321197527,0.07742893487976564,0.03320243311702333,0.016256189589430828,0.007027691038626542,20
greedy|2019|7000|all,20 chosen for continuity on 2019,2024,roro,538,0.4721892074989402,0.08298763508434669,0.027573433016089225,0.01975962728601071,0.01143906243495354,0.32563908998863933,0.046505593129274894,0.02307230718414794,0.01675278588589503,0.005569674195450317,20
