set_key,method,train_year,sel_range_nm,groups,rank,node_id,node_name,node_iso3,train_visits,gain,cum_share,fallback,hub,initial
dualfuel|2019|7000|all,dualfuel,2019,7000,all,1,mys-telokramunia,TELOK RAMUNIA,MYS,23308.0,113990033.69098079,0.12171229611370271,False,,False
dualfuel|2019|7000|all,dualfuel,2019,7000,all,2,chn-shanghai,SHANGHAI,CHN,37985.0,62287253.427491784,0.18821920367220066,False,,False
dualfuel|2019|7000|all,dualfuel,2019,7000,all,3,pan-gatunlakeanchorage,GATUN LAKE ANCHORAGE,PAN,8063.0,42154683.387020946,0.2332296588922559,False,,False
dualfuel|2019|7000|all,dualfuel,2019,7000,all,4,bel-antwerp,ANTWERP,BEL,11841.0,39937419.97518778,0.275872642043001,False,,False
dualfuel|2019|7000|all,dualfuel,2019,7000,all,5,are-fujairah,FUJAIRAH,ARE,10814.0,35629782.52539033,0.31391616655807675,False,,False
dualfuel|2019|7000|all,dualfuel,2019,7000,all,6,egy-portsaid,PORT SAID,EGY,7312.0,33255269.961642563,0.34942431699766047,False,,False
dualfuel|2019|7000|all,dualfuel,2019,7000,all,7,chn-hongkong,HONGKONG,CHN,12723.0,28968669.322989702,0.38035547075289117,False,,False
dualfuel|2019|7000|all,dualfuel,2019,7000,all,8,sgp-singapore,SINGAPORE,SGP,8299.0,27541327.82546431,0.40976258766580337,False,,False
dualfuel|2019|7000|all,dualfuel,2019,7000,all,9,jpn-yokohama,YOKOHAMA,JPN,9029.0,23335307.828062475,0.43467874747652085,False,,False
dualfuel|2019|7000|all,dualfuel,2019,7000,all,10,nld-rotterdammaasvlakte,ROTTERDAM MAASVLAKTE,NLD,9459.0,20597117.55647725,0.4566712181333749,False,,False
dualfuel|2019|7000|all,dualfuel,2019,7000,all,11,gib-gibraltar,GIBRALTAR,GIB,4441.0,18939198.306352556,0.4768934536901077,False,,False
dualfuel|2019|7000|all,dualfuel,2019,7000,all,12,usa-houston,HOUSTON,USA,10101.0,15655878.233137965,0.4936099404366375,False,,False
dualfuel|2019|7000|all,dualfuel,2019,7000,all,13,egy-suezsouthanchorage,SUEZ SOUTH ANCHORAGE,EGY,7214.0,15142718.011792839,0.5097785028884569,False,,False
dualfuel|2019|7000|all,dualfuel,2019,7000,all,14,bra-santos,SANTOS,BRA,3274.0,13997119.035877407,0.5247238576854549,False,,False
dualfuel|2019|7000|all,dualfuel,2019,7000,all,15,chn-caofeidian,CAOFEIDIAN,CHN,7800.0,13993412.793258548,0.5396652551601809,False,,False
dualfuel|2019|7000|all,dualfuel,2019,7000,all,16,kor-busan,BUSAN,KOR,11063.0,12342825.716087162,0.5528442464262839,False,,False
dualfuel|2019|7000|all,dualfuel,2019,7000,all,17,tur-istanbul,ISTANBUL,TUR,6373.0,11345838.15075177,0.5649587091380509,False,,False
dualfuel|2019|7000|all,dualfuel,2019,7000,all,18,esp-laspalmas,LAS PALMAS,ESP,3019.0,10842624.12270379,0.5765358675539319,False,,False
dualfuel|2019|7000|all,dualfuel,2019,7000,all,19,usa-longbeach,LONG BEACH,USA,2646.0,10781641.365875602,0.5880479119320627,False,,False
dualfuel|2019|7000|all,dualfuel,2019,7000,all,20,mys-tanjungpelepas,TANJUNG PELEPAS,MYS,6951.0,9971245.15824747,0.5986946597575173,False,,False
dualfuel|2024|7000|all,dualfuel,2024,7000,all,1,mys-telokramunia,TELOK RAMUNIA,MYS,22154.0,108608346.02828473,0.12536158036827377,False,,False
dualfuel|2024|7000|all,dualfuel,2024,7000,all,2,chn-shanghai,SHANGHAI,CHN,24554.0,55636271.8837325,0.18957995054147633,False,,False
dualfuel|2024|7000|all,dualfuel,2024,7000,all,3,bel-antwerp,ANTWERP,BEL,10416.0,34133658.005468786,0.22897885005331825,False,,False
dualfuel|2024|7000|all,dualfuel,2024,7000,all,4,are-fujairah,FUJAIRAH,ARE,10471.0,31990883.24167496,0.2659044439621774,False,,False
dualfuel|2024|7000|all,dualfuel,2024,7000,all,5,pan-gatunlakeanchorage,GATUN LAKE ANCHORAGE,PAN,5724.0,28756533.264819473,0.29909677758865366,False,,False
dualfuel|2024|7000|all,dualfuel,2024,7000,all,6,sgp-singapore,SINGAPORE,SGP,7404.0,28465053.56648943,0.3319526697079698,False,,False
dualfuel|2024|7000|all,dualfuel,2024,7000,all,7,jpn-yokohama,YOKOHAMA,JPN,7228.0,22659730.330083907,0.3581077462631218,False,,False
dualfuel|2024|7000|all,dualfuel,2024,7000,all,8,gib-gibraltar,GIBRALTAR,GIB,4440.0,21286158.32589531,0.38267737231201293,False,,False
dualfuel|2024|7000|all,dualfuel,2024,7000,all,9,chn-hongkong,HONGKONG,CHN,8288.0,18463244.916894913,0.4039886402407747,False,,False
dualfuel|2024|7000|all,dualfuel,2024,7000,all,10,nld-rotterdammaasvlakte,ROTTERDAM MAASVLAKTE,NLD,7811.0,16313579.443502605,0.42281864893981397,False,,False
dualfuel|2024|7000|all,dualfuel,2024,7000,all,11,usa-houston,HOUSTON,USA,9866.0,15235647.672072947,0.44040445095182384,False,,False
dualfuel|2024|7000|all,dualfuel,2024,7000,all,12,chn-caofeidian,CAOFEIDIAN,CHN,8099.0,15068528.431962013,0.45779735497011237,False,,False
dualfuel|2024|7000|all,dualfuel,2024,7000,all,13,bra-santos,SANTOS,BRA,4181.0,13867201.66922462,0.47380362318164404,False,,False
dualfuel|2024|7000|all,dualfuel,2024,7000,all,14,tur-istanbul,ISTANBUL,TUR,6207.0,13827782.65184021,0.48976439184828263,False,,False
dualfuel|2024|7000|all,dualfuel,2024,7000,all,15,kor-yeosu,YEOSU,KOR,5888.0,13480724.5485484,0.5053245674306941,False,,False
dualfuel|2024|7000|all,dualfuel,2024,7000,all,16,egy-portsaid,PORT SAID,EGY,4006.0,11065431.29815948,0.5180968819509113,False,,False
dualfuel|2024|7000|all,dualfuel,2024,7000,all,17,mys-tanjungpelepas,TANJUNG PELEPAS,MYS,5910.0,10804780.968473494,0.5305683398754075,False,,False
dualfuel|2024|7000|all,dualfuel,2024,7000,all,18,esp-laspalmas,LAS PALMAS,ESP,3031.0,10748562.836542487,0.5429749078156443,False,,False
dualfuel|2024|7000|all,dualfuel,2024,7000,all,19,usa-longbeach,LONG BEACH,USA,2382.0,10288426.632450402,0.5548503618605032,False,,False
dualfuel|2024|7000|all,dualfuel,2024,7000,all,20,kor-busan,BUSAN,KOR,10229.0,9734003.489267409,0.5660858709659181,False,,False
