train_year,eval_year,vessel_group,jaccard_bin,jaccard_lo,n,n_feasible_t,lost_share,gained_share,median_req_ratio
2019,2018,all,"[0.0, 0.2)",0.0,7744,164,0.6036585365853658,0.027968337730870714,1.0
2019,2018,all,"[0.2, 0.4)",0.2,5473,431,0.4547563805104408,0.047798492661642204,1.0
2019,2018,all,"[0.4, 0.6)",0.4,2576,434,0.22119815668202766,0.07142857142857142,1.0
2019,2018,all,"[0.6, 0.8)",0.6,1191,271,0.13284132841328414,0.05326086956521739,1.0
2019,2018,all,"[0.8, 1.0)",0.8,518,115,0.08695652173913043,0.034739454094292806,1.0
2019,2018,container,"[0.0, 0.2)",0.0,243,32,0.375,0.08056872037914692,1.0
2019,2018,container,"[0.2, 0.4)",0.2,669,137,0.44525547445255476,0.11842105263157894,1.0
2019,2018,container,"[0.4, 0.6)",0.4,700,157,0.24203821656050956,0.09392265193370165,1.0
2019,2018,container,"[0.6, 0.8)",0.6,485,145,0.14482758620689656,0.08529411764705883,1.0
2019,2018,container,"[0.8, 1.0)",0.8,270,58,0.06896551724137931,0.02830188679245283,1.0
2019,2018,bulk,"[0.0, 0.2)",0.0,4645,39,0.6410256410256411,0.01020408163265306,1.0
2019,2018,bulk,"[0.2, 0.4)",0.2,1842,103,0.42718446601941745,0.03737780333525014,1.0
2019,2018,bulk,"[0.4, 0.6)",0.4,675,76,0.15789473684210525,0.05342237061769616,1.0
2019,2018,bulk,"[0.6, 0.8)",0.6,198,35,0.08571428571428572,0.012269938650306749,1.0
2019,2018,bulk,"[0.8, 1.0)",0.8,56,16,0.0625,0.025,1.0
2019,2018,tanker,"[0.0, 0.2)",0.0,1779,57,0.631578947368421,0.06155632984901278,1.0
2019,2018,tanker,"[0.2, 0.4)",0.2,1645,118,0.4491525423728814,0.051735428945645055,1.0
2019,2018,tanker,"[0.4, 0.6)",0.4,643,130,0.2153846153846154,0.09746588693957114,1.0
2019,2018,tanker,"[0.6, 0.8)",0.6,260,52,0.15384615384615385,0.0625,1.0
2019,2018,tanker,"[0.8, 1.0)",0.8,89,21,0.047619047619047616,0.029411764705882353,1.0
2019,2018,gas,"[0.0, 0.2)",0.0,248,7,0.42857142857142855,0.07468879668049792,0.995302393091793
2019,2018,gas,"[0.2, 0.4)",0.2,389,16,0.6875,0.03485254691689008,1.0
2019,2018,gas,"[0.4, 0.6)",0.4,208,22,0.3181818181818182,0.04838709677419355,1.0
2019,2018,gas,"[0.6, 0.8)",0.6,77,9,0.2222222222222222,0.04411764705882353,1.0
2019,2018,gas,"[0.8, 1.0)",0.8,22,2,0.0,0.05,1.0
2019,2018,general,"[0.0, 0.2)",0.0,760,26,0.7692307692307693,0.02997275204359673,1.0
2019,2018,general,"[0.2, 0.4)",0.2,664,52,0.4230769230769231,0.03431372549019608,1.0
2019,2018,general,"[0.4, 0.6)",0.4,219,41,0.24390243902439024,0.056179775280898875,1.0
2019,2018,general,"[0.6, 0.8)",0.6,98,17,0.058823529411764705,0.024691358024691357,1.0
2019,2018,general,"[0.8, 1.0)",0.8,47,12,0.08333333333333333,0.08571428571428572,1.0
2019,2018,roro,"[0.0, 0.2)",0.0,69,3,1.0,0.030303030303030304,1.0
2019,2018,roro,"[0.2, 0.4)",0.2,264,5,1.0,0.0,1.0
2019,2018,roro,"[0.4, 0.6)",0.4,131,8,0.125,0.008130081300813009,1.0
2019,2018,roro,"[0.6, 0.8)",0.6,73,13,0.07692307692307693,0.0,1.0
2019,2018,roro,"[0.8, 1.0)",0.8,34,6,0.5,0.03571428571428571,1.0
2019,2020,all,"[0.0, 0.2)",0.0,7961,240,0.7791666666666667,0.018002849371843026,1.0
2019,2020,all,"[0.2, 0.4)",0.2,5590,422,0.5284360189573459,0.03753869969040248,1.0
2019,2020,all,"[0.4, 0.6)",0.4,2513,437,0.30205949656750575,0.05443159922928709,1.0
2019,2020,all,"[0.6, 0.8)",0.6,1034,218,0.20642201834862386,0.04779411764705882,1.0
2019,2020,all,"[0.8, 1.0)",0.8,487,109,0.12844036697247707,0.04497354497354497,1.0
2019,2020,container,"[0.0, 0.2)",0.0,247,46,0.717391304347826,0.06467661691542288,1.0
2019,2020,container,"[0.2, 0.4)",0.2,678,137,0.5255474452554745,0.08502772643253234,1.0
2019,2020,container,"[0.4, 0.6)",0.4,693,179,0.329608938547486,0.08365758754863813,1.0
2019,2020,container,"[0.6, 0.8)",0.6,428,113,0.17699115044247787,0.06984126984126984,1.0
2019,2020,container,"[0.8, 1.0)",0.8,253,67,0.14925373134328357,0.06451612903225806,1.0
2019,2020,bulk,"[0.0, 0.2)",0.0,4747,65,0.9076923076923077,0.00854335753951303,1.0
2019,2020,bulk,"[0.2, 0.4)",0.2,1971,93,0.5161290322580645,0.01703940362087327,1.0
2019,2020,bulk,"[0.4, 0.6)",0.4,615,74,0.2702702702702703,0.03512014787430684,1.0
2019,2020,bulk,"[0.6, 0.8)",0.6,147,21,0.14285714285714285,0.03968253968253968,1.0
2019,2020,bulk,"[0.8, 1.0)",0.8,54,16,0.0625,0.05263157894736842,1.0
2019,2020,tanker,"[0.0, 0.2)",0.0,1904,99,0.7373737373737373,0.038781163434903045,1.0
2019,2020,tanker,"[0.2, 0.4)",0.2,1680,127,0.5039370078740157,0.05215711526078558,1.0
2019,2020,tanker,"[0.4, 0.6)",0.4,637,112,0.32142857142857145,0.05904761904761905,1.0
2019,2020,tanker,"[0.6, 0.8)",0.6,217,45,0.24444444444444444,0.01744186046511628,1.0
2019,2020,tanker,"[0.8, 1.0)",0.8,83,12,0.16666666666666666,0.028169014084507043,1.0
2019,2020,gas,"[0.0, 0.2)",0.0,241,12,0.9166666666666666,0.021834061135371178,1.0
2019,2020,gas,"[0.2, 0.4)",0.2,426,16,0.9375,0.01951219512195122,1.0
2019,2020,gas,"[0.4, 0.6)",0.4,217,22,0.45454545454545453,0.035897435897435895,1.0
2019,2020,gas,"[0.6, 0.8)",0.6,89,9,0.4444444444444444,0.0375,1.0
2019,2020,gas,"[0.8, 1.0)",0.8,20,2,0.5,0.0,1.0
2019,2020,general,"[0.0, 0.2)",0.0,725,15,0.6,0.011267605633802818,1.0
2019,2020,general,"[0.2, 0.4)",0.2,606,45,0.4444444444444444,0.04634581105169341,1.0
2019,2020,general,"[0.4, 0.6)",0.4,235,39,0.15384615384615385,0.05612244897959184,1.0
2019,2020,general,"[0.6, 0.8)",0.6,91,20,0.25,0.08450704225352113,1.0
2019,2020,general,"[0.8, 1.0)",0.8,48,9,0.0,0.02564102564102564,1.0
2019,2020,roro,"[0.0, 0.2)",0.0,97,3,0.6666666666666666,0.031914893617021274,1.0
2019,2020,roro,"[0.2, 0.4)",0.2,229,4,1.0,0.0044444444444444444,1.0
2019,2020,roro,"[0.4, 0.6)",0.4,116,11,0.09090909090909091,0.01904761904761905,1.0
2019,2020,roro,"[0.6, 0.8)",0.6,62,10,0.2,0.0,1.0
2019,2020,roro,"[0.8, 1.0)",0.8,29,3,0.0,0.0,1.0
2019,2021,all,"[0.0, 0.2)",0.0,9880,495,0.7777777777777778,0.027597229621736816,1.0000402552175345
2019,2021,all,"[0.2, 0.4)",0.2,4928,453,0.5121412803532008,0.04312849162011173,1.0
2019,2021,all,"[0.4, 0.6)",0.4,1893,343,0.3469387755102041,0.06193548387096774,1.0
2019,2021,all,"[0.6, 0.8)",0.6,697,123,0.23577235772357724,0.041811846689895474,1.0
2019,2021,all,"[0.8, 1.0)",0.8,335,61,0.2459016393442623,0.043795620437956206,1.0
2019,2021,container,"[0.0, 0.2)",0.0,819,176,0.7329545454545454,0.1150855365474339,1.0512219357864359
2019,2021,container,"[0.2, 0.4)",0.2,666,155,0.535483870967742,0.08806262230919765,1.0550598789337047
2019,2021,container,"[0.4, 0.6)",0.4,488,126,0.31746031746031744,0.07458563535911603,1.0066906336360473
2019,2021,container,"[0.6, 0.8)",0.6,255,63,0.2698412698412698,0.057291666666666664,1.0113718032614387
2019,2021,container,"[0.8, 1.0)",0.8,159,31,0.2903225806451613,0.046875,1.0
2019,2021,bulk,"[0.0, 0.2)",0.0,5361,104,0.9326923076923077,0.005896899372265551,1.0056458460584765
2019,2021,bulk,"[0.2, 0.4)",0.2,1516,89,0.5730337078651685,0.0161177295024527,1.0171040814657042
2019,2021,bulk,"[0.4, 0.6)",0.4,475,67,0.40298507462686567,0.03676470588235294,1.004468287215105
2019,2021,bulk,"[0.6, 0.8)",0.6,116,15,0.26666666666666666,0.039603960396039604,1.0
2019,2021,bulk,"[0.8, 1.0)",0.8,35,9,0.1111111111111111,0.0,1.0
2019,2021,tanker,"[0.0, 0.2)",0.0,2295,152,0.6842105263157895,0.05692953803079795,0.9854952724706174
2019,2021,tanker,"[0.2, 0.4)",0.2,1498,128,0.4453125,0.0708029197080292,0.9912722785324561
2019,2021,tanker,"[0.4, 0.6)",0.4,481,89,0.4044943820224719,0.10714285714285714,1.0
2019,2021,tanker,"[0.6, 0.8)",0.6,158,22,0.09090909090909091,0.03676470588235294,1.0
2019,2021,tanker,"[0.8, 1.0)",0.8,56,12,0.25,0.06818181818181818,1.0
2019,2021,gas,"[0.0, 0.2)",0.0,383,31,0.9032258064516129,0.03125,1.1259083350521235
2019,2021,gas,"[0.2, 0.4)",0.2,393,24,0.5416666666666666,0.018970189701897018,1.038013557403312
2019,2021,gas,"[0.4, 0.6)",0.4,147,11,0.5454545454545454,0.03676470588235294,1.061540738962765
2019,2021,gas,"[0.6, 0.8)",0.6,57,3,0.3333333333333333,0.018518518518518517,1.0
2019,2021,gas,"[0.8, 1.0)",0.8,23,3,0.0,0.0,1.1617990555785158
2019,2021,general,"[0.0, 0.2)",0.0,915,27,0.8148148148148148,0.02252252252252252,1.0444962143309484
2019,2021,general,"[0.2, 0.4)",0.2,613,56,0.48214285714285715,0.03770197486535009,1.0
2019,2021,general,"[0.4, 0.6)",0.4,195,39,0.2564102564102564,0.04487179487179487,1.0
2019,2021,general,"[0.6, 0.8)",0.6,60,11,0.2727272727272727,0.04081632653061224,1.0
2019,2021,general,"[0.8, 1.0)",0.8,32,2,1.0,0.1,1.0
2019,2021,roro,"[0.0, 0.2)",0.0,107,5,1.0,0.00980392156862745,1.0
2019,2021,roro,"[0.2, 0.4)",0.2,242,1,1.0,0.0,1.0290478750338279
2019,2021,roro,"[0.4, 0.6)",0.4,107,11,0.0,0.0,1.0
2019,2021,roro,"[0.6, 0.8)",0.6,51,9,0.2222222222222222,0.023809523809523808,1.0
2019,2021,roro,"[0.8, 1.0)",0.8,30,4,0.0,0.0,1.0
2019,2022,all,"[0.0, 0.2)",0.0,11492,755,0.7576158940397351,0.04256309956226134,1.0
2019,2022,all,"[0.2, 0.4)",0.2,4780,523,0.5487571701720841,0.05214940098661029,1.0035921400215595
2019,2022,all,"[0.4, 0.6)",0.4,1628,284,0.34507042253521125,0.05803571428571429,1.0
2019,2022,all,"[0.6, 0.8)",0.6,586,101,0.32673267326732675,0.04329896907216495,1.0
2019,2022,all,"[0.8, 1.0)",0.8,224,45,0.15555555555555556,0.0223463687150838,1.0
2019,2022,container,"[0.0, 0.2)",0.0,1215,295,0.6949152542372882,0.11956521739130435,1.1289813554225505
2019,2022,container,"[0.2, 0.4)",0.2,740,201,0.5422885572139303,0.1038961038961039,1.08437041289602
2019,2022,container,"[0.4, 0.6)",0.4,424,109,0.28440366972477066,0.05396825396825397,1.0159195255549454
2019,2022,container,"[0.6, 0.8)",0.6,200,42,0.40476190476190477,0.05063291139240506,1.011329102683914
2019,2022,container,"[0.8, 1.0)",0.8,93,17,0.0,0.013157894736842105,1.0
2019,2022,bulk,"[0.0, 0.2)",0.0,5905,141,0.8794326241134752,0.0130117973629424,0.976298920644451
2019,2022,bulk,"[0.2, 0.4)",0.2,1401,109,0.5688073394495413,0.029411764705882353,1.0204420187768968
2019,2022,bulk,"[0.4, 0.6)",0.4,432,63,0.42857142857142855,0.04336043360433604,1.0
2019,2022,bulk,"[0.6, 0.8)",0.6,100,19,0.2631578947368421,0.037037037037037035,1.0240558414245278
2019,2022,bulk,"[0.8, 1.0)",0.8,37,9,0.1111111111111111,0.0,1.0
2019,2022,tanker,"[0.0, 0.2)",0.0,2615,212,0.7358490566037735,0.08655846858094049,0.9662066351359644
2019,2022,tanker,"[0.2, 0.4)",0.2,1421,125,0.56,0.07407407407407407,0.9714275331319328
2019,2022,tanker,"[0.4, 0.6)",0.4,393,63,0.3968253968253968,0.1,1.0
2019,2022,tanker,"[0.6, 0.8)",0.6,147,20,0.2,0.07086614173228346,1.0
2019,2022,tanker,"[0.8, 1.0)",0.8,38,11,0.2727272727272727,0.07407407407407407,1.0
2019,2022,gas,"[0.0, 0.2)",0.0,487,36,0.8888888888888888,0.050997782705099776,1.0915453054004454
2019,2022,gas,"[0.2, 0.4)",0.2,341,17,0.6470588235294118,0.030864197530864196,1.1016713772971827
2019,2022,gas,"[0.4, 0.6)",0.4,143,12,0.3333333333333333,0.030534351145038167,1.0
2019,2022,gas,"[0.6, 0.8)",0.6,52,5,0.4,0.02127659574468085,1.0
2019,2022,gas,"[0.8, 1.0)",0.8,14,2,0.0,0.0,1.1236051878721969
2019,2022,general,"[0.0, 0.2)",0.0,1098,62,0.7580645161290323,0.03667953667953668,1.052444209510277
2019,2022,general,"[0.2, 0.4)",0.2,622,70,0.5,0.03804347826086957,1.0052504074284228
2019,2022,general,"[0.4, 0.6)",0.4,138,28,0.32142857142857145,0.06363636363636363,1.0
2019,2022,general,"[0.6, 0.8)",0.6,44,6,0.5,0.0,1.0373055341958937
2019,2022,general,"[0.8, 1.0)",0.8,19,2,0.5,0.0,1.0
2019,2022,roro,"[0.0, 0.2)",0.0,172,9,0.8888888888888888,0.018404907975460124,1.0298197738018304
2019,2022,roro,"[0.2, 0.4)",0.2,255,1,0.0,0.003937007874015748,0.9672332478736457
2019,2022,roro,"[0.4, 0.6)",0.4,98,9,0.2222222222222222,0.011235955056179775,1.0
2019,2022,roro,"[0.6, 0.8)",0.6,43,9,0.2222222222222222,0.0,1.0
2019,2022,roro,"[0.8, 1.0)",0.8,23,4,0.5,0.05263157894736842,1.0
2019,2023,all,"[0.0, 0.2)",0.0,12302,843,0.7508896797153025,0.04808447508508596,0.9961544135553708
2019,2023,all,"[0.2, 0.4)",0.2,4350,488,0.5307377049180327,0.05256343863283273,1.0153576052985402
2019,2023,all,"[0.4, 0.6)",0.4,1403,256,0.40234375,0.06538796861377506,1.0035243868933703
2019,2023,all,"[0.6, 0.8)",0.6,477,92,0.21739130434782608,0.04935064935064935,1.0
2019,2023,all,"[0.8, 1.0)",0.8,181,33,0.18181818181818182,0.05405405405405406,1.0
2019,2023,container,"[0.0, 0.2)",0.0,1373,314,0.7070063694267515,0.12181303116147309,1.197964785609196
2019,2023,container,"[0.2, 0.4)",0.2,701,206,0.5242718446601942,0.08282828282828283,1.1148221079179401
2019,2023,container,"[0.4, 0.6)",0.4,376,91,0.3956043956043956,0.08771929824561403,1.0628640635167979
2019,2023,container,"[0.6, 0.8)",0.6,155,32,0.21875,0.06504065040650407,1.009029843332904
2019,2023,container,"[0.8, 1.0)",0.8,73,12,0.16666666666666666,0.04918032786885246,1.0007170075874676
2019,2023,bulk,"[0.0, 0.2)",0.0,5995,157,0.8471337579617835,0.02038369304556355,0.948130143592528
2019,2023,bulk,"[0.2, 0.4)",0.2,1394,101,0.504950495049505,0.03557617942768755,1.003487062859243
2019,2023,bulk,"[0.4, 0.6)",0.4,371,62,0.5,0.022653721682847898,1.0
2019,2023,bulk,"[0.6, 0.8)",0.6,92,19,0.10526315789473684,0.0547945205479452,1.0
2019,2023,bulk,"[0.8, 1.0)",0.8,25,5,0.2,0.0,1.0
2019,2023,tanker,"[0.0, 0.2)",0.0,3000,249,0.6907630522088354,0.08578698655034533,0.9849648270608362
2019,2023,tanker,"[0.2, 0.4)",0.2,1168,110,0.5454545454545454,0.07939508506616257,0.9874508968572194
2019,2023,tanker,"[0.4, 0.6)",0.4,335,62,0.3548387096774194,0.12454212454212454,1.0
2019,2023,tanker,"[0.6, 0.8)",0.6,105,15,0.3333333333333333,0.06666666666666667,1.0
2019,2023,tanker,"[0.8, 1.0)",0.8,35,9,0.1111111111111111,0.11538461538461539,1.0
2019,2023,gas,"[0.0, 0.2)",0.0,540,45,0.9555555555555556,0.04040404040404041,1.1662899325685934
2019,2023,gas,"[0.2, 0.4)",0.2,317,12,0.6666666666666666,0.01639344262295082,1.1267543561703457
2019,2023,gas,"[0.4, 0.6)",0.4,115,8,0.375,0.037383177570093455,1.048141607659261
2019,2023,gas,"[0.6, 0.8)",0.6,43,4,0.5,0.02564102564102564,1.3594187556782371
2019,2023,gas,"[0.8, 1.0)",0.8,17,3,0.6666666666666666,0.0,1.079814702692028
2019,2023,general,"[0.0, 0.2)",0.0,1176,66,0.803030303030303,0.04054054054054054,1.056327767758275
2019,2023,general,"[0.2, 0.4)",0.2,525,56,0.5357142857142857,0.0511727078891258,1.0112274224564721
2019,2023,general,"[0.4, 0.6)",0.4,118,24,0.2916666666666667,0.05319148936170213,1.0266066339871323
2019,2023,general,"[0.6, 0.8)",0.6,48,12,0.25,0.0,1.0
2019,2023,general,"[0.8, 1.0)",0.8,17,1,0.0,0.0625,1.0
2019,2023,roro,"[0.0, 0.2)",0.0,218,12,0.8333333333333334,0.009708737864077669,1.0629590745045858
2019,2023,roro,"[0.2, 0.4)",0.2,245,3,0.6666666666666666,0.012396694214876033,0.9698104379847173
2019,2023,roro,"[0.4, 0.6)",0.4,88,9,0.4444444444444444,0.0,1.015913934934618
2019,2023,roro,"[0.6, 0.8)",0.6,34,10,0.1,0.0,1.0
2019,2023,roro,"[0.8, 1.0)",0.8,14,3,0.0,0.09090909090909091,0.9938724102309981
2019,2024,all,"[0.0, 0.2)",0.0,12119,862,0.7900232018561485,0.050190992271475526,1.044628942356263
2019,2024,all,"[0.2, 0.4)",0.2,3658,406,0.5492610837438424,0.05688806888068881,1.0483309101193954
2019,2024,all,"[0.4, 0.6)",0.4,1133,207,0.357487922705314,0.05183585313174946,1.0096730315493554
2019,2024,all,"[0.6, 0.8)",0.6,350,71,0.19718309859154928,0.035842293906810034,1.0133182903667624
2019,2024,all,"[0.8, 1.0)",0.8,145,26,0.11538461538461539,0.04201680672268908,1.0
2019,2024,container,"[0.0, 0.2)",0.0,1383,304,0.7105263157894737,0.11677479147358666,1.2992857896622965
2019,2024,container,"[0.2, 0.4)",0.2,605,166,0.5662650602409639,0.09111617312072894,1.2654697078146755
2019,2024,container,"[0.4, 0.6)",0.4,298,84,0.38095238095238093,0.0514018691588785,1.2279055552439493
2019,2024,container,"[0.6, 0.8)",0.6,104,23,0.17391304347826086,0.012345679012345678,1.0934136150148657
2019,2024,container,"[0.8, 1.0)",0.8,41,11,0.0,0.03333333333333333,1.0
2019,2024,bulk,"[0.0, 0.2)",0.0,5785,180,0.9277777777777778,0.016413916146297947,1.0
2019,2024,bulk,"[0.2, 0.4)",0.2,1114,90,0.5777777777777777,0.0283203125,1.0030571468444869
2019,2024,bulk,"[0.4, 0.6)",0.4,324,37,0.32432432432432434,0.04878048780487805,1.0
2019,2024,bulk,"[0.6, 0.8)",0.6,61,13,0.23076923076923078,0.0,1.0264734035246301
2019,2024,bulk,"[0.8, 1.0)",0.8,24,3,0.0,0.047619047619047616,1.0
2019,2024,tanker,"[0.0, 0.2)",0.0,2991,247,0.7368421052631579,0.09475218658892129,1.023728597398819
2019,2024,tanker,"[0.2, 0.4)",0.2,983,91,0.5274725274725275,0.1031390134529148,0.9976546955474632
2019,2024,tanker,"[0.4, 0.6)",0.4,276,51,0.45098039215686275,0.08,1.0
2019,2024,tanker,"[0.6, 0.8)",0.6,82,13,0.15384615384615385,0.057971014492753624,1.0
2019,2024,tanker,"[0.8, 1.0)",0.8,37,7,0.2857142857142857,0.03333333333333333,1.0
2019,2024,gas,"[0.0, 0.2)",0.0,528,45,0.8888888888888888,0.047619047619047616,1.336441911982051
2019,2024,gas,"[0.2, 0.4)",0.2,310,16,0.6875,0.02040816326530612,1.1566324205912242
2019,2024,gas,"[0.4, 0.6)",0.4,75,7,0.42857142857142855,0.014705882352941176,1.2033647771985918
2019,2024,gas,"[0.6, 0.8)",0.6,26,2,0.5,0.0,1.1022150648328912
2019,2024,gas,"[0.8, 1.0)",0.8,13,1,1.0,0.08333333333333333,1.1901586848931447
2019,2024,general,"[0.0, 0.2)",0.0,1194,73,0.8904109589041096,0.054415700267618196,1.0917456639107193
2019,2024,general,"[0.2, 0.4)",0.2,424,42,0.42857142857142855,0.04712041884816754,1.0705652898799718
2019,2024,general,"[0.4, 0.6)",0.4,102,19,0.10526315789473684,0.04819277108433735,0.9870283380916786
2019,2024,general,"[0.6, 0.8)",0.6,49,10,0.2,0.10256410256410256,1.0
2019,2024,general,"[0.8, 1.0)",0.8,16,3,0.0,0.0,0.9384081054732184
2019,2024,roro,"[0.0, 0.2)",0.0,238,13,0.8461538461538461,0.013333333333333334,1.1110957795203924
2019,2024,roro,"[0.2, 0.4)",0.2,222,1,0.0,0.0,1.119346862575581
2019,2024,roro,"[0.4, 0.6)",0.4,58,9,0.2222222222222222,0.0,1.0
2019,2024,roro,"[0.6, 0.8)",0.6,28,10,0.2,0.05555555555555555,0.9919975548732867
2019,2024,roro,"[0.8, 1.0)",0.8,14,1,0.0,0.07692307692307693,0.9762857997576051
2019,2025,all,"[0.0, 0.2)",0.0,12542,913,0.7765607886089814,0.054260899475449306,1.0335950922373225
2019,2025,all,"[0.2, 0.4)",0.2,3570,388,0.5876288659793815,0.04745443117536141,1.0606412651734582
2019,2025,all,"[0.4, 0.6)",0.4,995,174,0.39080459770114945,0.06090133982947625,1.00695897343698
2019,2025,all,"[0.6, 0.8)",0.6,291,54,0.2777777777777778,0.0379746835443038,1.0
2019,2025,all,"[0.8, 1.0)",0.8,119,18,0.0,0.0297029702970297,1.0
2019,2025,container,"[0.0, 0.2)",0.0,1427,334,0.7305389221556886,0.10338517840805124,1.3762438925702896
2019,2025,container,"[0.2, 0.4)",0.2,652,168,0.5892857142857143,0.05991735537190083,1.4055481925465578
2019,2025,container,"[0.4, 0.6)",0.4,261,63,0.36507936507936506,0.06060606060606061,1.2016613100427365
2019,2025,container,"[0.6, 0.8)",0.6,89,22,0.18181818181818182,0.05970149253731343,1.0136511733570783
2019,2025,container,"[0.8, 1.0)",0.8,33,7,0.0,0.0,1.0
2019,2025,bulk,"[0.0, 0.2)",0.0,6019,201,0.8805970149253731,0.02234444826400825,1.0
2019,2025,bulk,"[0.2, 0.4)",0.2,1117,75,0.6266666666666667,0.0345489443378119,1.0
2019,2025,bulk,"[0.4, 0.6)",0.4,252,22,0.5,0.02608695652173913,1.0
2019,2025,bulk,"[0.6, 0.8)",0.6,57,4,0.25,0.03773584905660377,1.0
2019,2025,bulk,"[0.8, 1.0)",0.8,20,4,0.0,0.0,1.0
2019,2025,tanker,"[0.0, 0.2)",0.0,3041,253,0.7193675889328063,0.10365853658536585,1.0
2019,2025,tanker,"[0.2, 0.4)",0.2,897,92,0.532608695652174,0.08074534161490683,1.0044233312257191
2019,2025,tanker,"[0.4, 0.6)",0.4,263,47,0.3829787234042553,0.125,1.0
2019,2025,tanker,"[0.6, 0.8)",0.6,67,10,0.5,0.03508771929824561,1.0
2019,2025,tanker,"[0.8, 1.0)",0.8,23,2,0.0,0.09523809523809523,1.0
2019,2025,gas,"[0.0, 0.2)",0.0,577,37,0.8918918918918919,0.05740740740740741,1.2108248765290708
2019,2025,gas,"[0.2, 0.4)",0.2,281,17,0.7647058823529411,0.007575757575757576,1.3074546245559562
2019,2025,gas,"[0.4, 0.6)",0.4,67,9,0.7777777777777778,0.017241379310344827,1.1239168246311526
2019,2025,gas,"[0.6, 0.8)",0.6,12,0,,0.0,0.5546903165699519
2019,2025,gas,"[0.8, 1.0)",0.8,9,1,0.0,0.0,1.0027680792120364
2019,2025,general,"[0.0, 0.2)",0.0,1215,77,0.8181818181818182,0.05272407732864675,1.0843075631976
2019,2025,general,"[0.2, 0.4)",0.2,408,32,0.53125,0.05053191489361702,1.010898166358065
2019,2025,general,"[0.4, 0.6)",0.4,91,25,0.36,0.06060606060606061,1.0
2019,2025,general,"[0.6, 0.8)",0.6,36,8,0.5,0.0,1.0117373704891994
2019,2025,general,"[0.8, 1.0)",0.8,19,3,0.0,0.0,1.0
2019,2025,roro,"[0.0, 0.2)",0.0,263,11,0.9090909090909091,0.031746031746031744,1.116193169970437
2019,2025,roro,"[0.2, 0.4)",0.2,215,4,0.75,0.0,1.1390957954544354
2019,2025,roro,"[0.4, 0.6)",0.4,61,8,0.0,0.0,0.8800777477395785
2019,2025,roro,"[0.6, 0.8)",0.6,30,10,0.1,0.05,0.9860722881979676
2019,2025,roro,"[0.8, 1.0)",0.8,15,1,0.0,0.07142857142857142,0.9667727821314656
