home_subregion,n_panel,F_t,F_y,moved_share,drop_pp
Eastern Asia,5961,0.1373930548565677,0.08303975842979366,0.4455628250293575,5.435329642677403
Latin America and the Caribbean,2828,0.010961810466760962,0.033946251768033946,0.6283592644978784,-2.298444130127298
Western Asia,1586,0.11853720050441362,0.11916771752837327,0.5390920554854981,-0.06305170239596508
South-eastern Asia,1386,0.1443001443001443,0.1240981240981241,0.5721500721500722,2.0202020202020194
Northern America,1206,0.0505804311774461,0.0472636815920398,0.7263681592039801,0.33167495854063006
Southern Europe,849,0.0353356890459364,0.09540636042402827,0.6819787985865724,-6.007067137809187
Western Europe,667,0.1634182908545727,0.15742128935532235,0.7511244377811095,0.5997001499250365
Australia and New Zealand,639,0.003129890453834116,0.02034428794992175,0.7370892018779343,-1.7214397496087637
Sub-Saharan Africa,619,0.006462035541195477,0.051696284329563816,0.7544426494345718,-4.523424878836834
Southern Asia,534,0.0449438202247191,0.07116104868913857,0.7134831460674157,-2.621722846441947
Northern Europe,405,0.09382716049382717,0.14074074074074075,0.6839506172839506,-4.691358024691358
Eastern Europe,345,0.057971014492753624,0.11594202898550725,0.6579710144927536,-5.797101449275362
Northern Africa,235,0.11914893617021277,0.059574468085106386,0.8553191489361702,5.957446808510639
Unknown,78,0.20512820512820512,0.19230769230769232,0.6282051282051282,1.2820512820512802
Melanesia,55,0.09090909090909091,0.05454545454545454,0.5454545454545454,3.6363636363636367
Polynesia,7,0.0,0.0,0.5714285714285714,0.0
Micronesia,5,0.4,0.2,0.6,20.0
