set_key,label,n_ports,vessel_group,touch_w,feasible_w,green_p_ub_x1_w,green_eu_o_ub_x1_w,green_p_ub_x2_w,green_eu_o_ub_x2_w
all|-1|0|all,all nodes,2633,all,1.0,0.432829524527273,0.9498582887459464,0.9240219654799801,0.9822859640268844,0.9757809748847794
all|-1|0|all,all nodes,2633,container,1.0,0.4805034435905401,0.9931388768203598,0.9850117767522538,0.9992681209671576,0.998225477727101
external:yap4|-1|0|all,Yap hubs (4),5,all,0.6316380448228768,0.008049543764283965,0.24786890466870914,0.4395430116708891,0.388185262170037,0.5889114928084886
external:yap4|-1|0|all,Yap hubs (4),5,container,0.7717226584357209,0.016849814587470768,0.4395593123808722,0.5796086114142407,0.6074795473393227,0.6891857310489583
external:yap8|-1|0|all,Yap hubs (8),10,all,0.7703236056223064,0.018174017198670286,0.33729162482761377,0.5205532298967633,0.49941966112394676,0.6657940248737135
external:yap8|-1|0|all,Yap hubs (8),10,container,0.8698344840041282,0.04243554974686564,0.5801918642649141,0.7362733623828901,0.7418732116016561,0.8172344876587417
external:bunker10|-1|0|all,top-10 bunker ports,15,all,0.8481785561637227,0.026170861678431287,0.4244017436013145,0.6030515861595034,0.6035538316700053,0.7611699786365049
external:bunker10|-1|0|all,top-10 bunker ports,15,container,0.87882615523666,0.058665509555344886,0.6005781643171445,0.6982813918144463,0.7398027625414234,0.8092900968117497
volume|2024|0|all,top 10 by calls,10,all,0.8773077855588245,0.03559659174703067,0.4596141986705173,0.5276917749511187,0.6449273444228875,0.6939115340310975
volume|2024|0|all,top 10 by calls,10,container,0.8735566015762553,0.07499698150837933,0.6028375078403182,0.6210274892997292,0.7575645622188958,0.7395945769107688
greedy|2024|7000|all,10 chosen for continuity,10,all,0.8088378302170717,0.03677324832976642,0.4531026741616978,0.32929515415159855,0.6212098580624756,0.4733763816083943
greedy|2024|7000|all,10 chosen for continuity,10,container,0.7667473064358968,0.07353665558393205,0.5026915860290224,0.3664663859084114,0.651569261204483,0.49610247894608056
volume|2024|0|all,top 20 by calls,20,all,0.9285004520057828,0.06681148265223093,0.573924155208939,0.6409384138580893,0.7532778561241964,0.7932273817391314
volume|2024|0|all,top 20 by calls,20,container,0.9129469533752244,0.14372795468322272,0.7258377905752355,0.7628806968778631,0.8539080812485029,0.8505864736682317
greedy|2024|7000|all,20 chosen for continuity,20,all,0.9503980693633337,0.06438291637297534,0.6332275496937799,0.6741566539100009,0.8090729933770208,0.8230292713498052
greedy|2024|7000|all,20 chosen for continuity,20,container,0.9430940818566005,0.13645387557707456,0.7729253595715588,0.7893004638160394,0.8841542567445979,0.8828146642325816
greedy|2019|7000|all,20 chosen for continuity on 2019,20,all,0.9514464758002913,0.05920089303365671,0.6313413743156788,0.6754909231722346,0.8090571894135017,0.8220552716356064
greedy|2019|7000|all,20 chosen for continuity on 2019,20,container,0.9454379088623774,0.12341014180434132,0.771380468983203,0.7878743895805069,0.8856238110112774,0.8773162063028896
dualfuel|2024|7000|all,10 chosen for dual-fuel use,10,all,0.8932403745776654,0.029081929142701825,0.5060022627501856,0.5518751046722017,0.6967478127521097,0.7181345910518174
dualfuel|2024|7000|all,10 chosen for dual-fuel use,10,container,0.884517731106215,0.061964557486529896,0.6060205942217954,0.6418091221625561,0.7585853906664014,0.7689834071984074
dualfuel|2024|7000|all,20 chosen for dual-fuel use,20,all,0.9557870731869471,0.05925720893251268,0.6470472092298043,0.719160937065719,0.8231643294482259,0.8559222003291448
dualfuel|2024|7000|all,20 chosen for dual-fuel use,20,container,0.9451235116153558,0.12544548354719753,0.7757985477401563,0.8378367415992649,0.8853191742154148,0.925256744968222
dualfuel|2019|7000|all,20 chosen for dual-fuel use on 2019,20,all,0.9540256534050126,0.05824138026842729,0.6405894453069171,0.7138715263464241,0.8170745488348102,0.8509630614839905
dualfuel|2019|7000|all,20 chosen for dual-fuel use on 2019,20,container,0.9469376009710792,0.12297327921092319,0.7645527475378122,0.8229701935339049,0.8783116269166397,0.9114596926931712
volume|2019|0|all,top 20 by calls on 2019,20,all,0.9298717249621953,0.06152389920447498,0.5940569735906065,0.6261865800929831,0.770008591294416,0.7774395373628044
volume|2019|0|all,top 20 by calls on 2019,20,container,0.9123000149884403,0.13086068322687722,0.7184836545115517,0.7299159655281435,0.8352886388201325,0.8237693985396525
