method,sel_range_nm,groups,n_ports,vessel_group,lag,pairs,feasible,feasible_oracle,loss,loss_w,covered_loss
greedy,5000,all,5,all,-7,1,0.0392272044905685,0.039357744272567,0.00013053978199849964,-0.0015154272541821005,0.0021586156711995083
greedy,5000,all,5,all,-6,2,0.03590182312001005,0.036063854719176,0.00016203159916594947,-0.0014676292801400499,0.0019016534347648037
greedy,5000,all,5,all,-5,3,0.034417394998261665,0.0338053821804248,-0.0006120128178368675,-0.0014475405105057668,0.0017326026355553696
greedy,5000,all,5,all,-4,4,0.03207056730766135,0.031355841689470226,-0.0007147256181911261,-0.0012666507366681503,0.0016409081519535764
greedy,5000,all,5,all,-3,5,0.03069563254923548,0.0305676873134777,-0.00012794523575778148,-0.0006588090905012202,0.0012874220805229209
greedy,5000,all,5,all,-2,6,0.030202120751750633,0.030375033545545133,0.00017291279379449907,-0.00037620753432533364,0.0009105124296902509
greedy,5000,all,5,all,-1,7,0.03021415406493153,0.03033527725616516,0.0001211231912336284,-0.000158144639242743,0.00029092572500074237
greedy,5000,all,5,all,0,8,0.030211190720395825,0.030211190720395825,0.0,0.0,0.0
greedy,5000,all,5,all,1,7,0.0288516793997488,0.0289045402129428,5.286081319400054e-05,0.00027832126496827133,5.0107834608185765e-05
greedy,5000,all,5,all,2,6,0.028017769707397385,0.028260302720802433,0.000242533013405051,0.0006910759507341499,5.1051932256714984e-05
greedy,5000,all,5,all,3,5,0.027119954621974078,0.02805467584437844,0.0009347212224043603,0.0011903804865076597,0.00011256417314565725
greedy,5000,all,5,all,4,4,0.027414983810219652,0.029066539751321424,0.0016515559411017745,0.0019586714982844744,0.0006247276673619247
greedy,5000,all,5,all,5,3,0.0289096784835184,0.029617029731926033,0.000707351248407632,0.001896085632619533,0.0006842082450820991
greedy,5000,all,5,all,6,2,0.0304909456577658,0.0297196622449479,-0.0007712834128179007,0.0017457501810453505,0.0003247194149411936
greedy,5000,all,5,all,7,1,0.0299894155004116,0.0293425849700105,-0.0006468305304010991,0.0018842338744587007,0.0004884606496384919
greedy,5000,all,10,all,-7,1,0.0522811826904249,0.0556752170223875,0.0033940343319626004,0.002302955055970498,0.0036489942010976967
greedy,5000,all,10,all,-6,2,0.049683273032998,0.052769875315477055,0.0030866022824790514,0.0019941296498829,0.005132361100184293
greedy,5000,all,10,all,-5,3,0.04876712811003057,0.051931293412351066,0.0031641653023205033,0.001960205534847934,0.005342303564216662
greedy,5000,all,10,all,-4,4,0.04666944819614115,0.04967350014349915,0.0030040519473580017,0.0019696892188086753,0.0048128000152010235
greedy,5000,all,10,all,-3,5,0.04702151117268544,0.049506478595382666,0.002484967422697222,0.0017462293782867801,0.0037213660763495194
greedy,5000,all,10,all,-2,6,0.04833257507958158,0.04977972986708292,0.0014471547875013352,0.0011615283213516337,0.0019351360466114155
greedy,5000,all,10,all,-1,7,0.04955069152776214,0.05026077134091743,0.0007100798131552866,0.0005579856573794717,0.0007189991195913427
greedy,5000,all,10,all,0,8,0.05021861947228546,0.05021861947228546,0.0,0.0,0.0
greedy,5000,all,10,all,1,7,0.0495188173133929,0.0494391055365566,-7.971177683630081e-05,1.7196064035999792e-05,-5.083126614791441e-05
greedy,5000,all,10,all,2,6,0.049140884400443584,0.04936820085788827,0.00022731645744468223,0.00034232672938936645,3.6664674971734666e-05
greedy,5000,all,10,all,3,5,0.04890694485462692,0.0491910151082461,0.0002840702536191786,0.0006591618595687798,0.00013899977395176178
greedy,5000,all,10,all,4,4,0.049948343851054997,0.050763738801071774,0.0008153949500167741,0.0015246560717718759,0.0006607400849023039
greedy,5000,all,10,all,5,3,0.0500573121704131,0.05140552093379013,0.0013482087633770318,0.0022560774589689345,0.0010336866805665025
greedy,5000,all,10,all,6,2,0.04954120140454145,0.0515352882878931,0.001994086883351648,0.0027631917276995516,0.0013130246108855534
greedy,5000,all,10,all,7,1,0.0491003175349876,0.0499235563918617,0.0008232388568740964,0.0020505911115366003,0.001773001581214101
greedy,5000,all,20,all,-7,1,0.0757130735591671,0.0739507865021865,-0.0017622870569805882,0.00041367232523899927,0.02524608925648711
greedy,5000,all,20,all,-6,2,0.0729795126729817,0.07180960819110095,-0.00116990448188075,0.0017105426802953468,0.026035768527914394
greedy,5000,all,20,all,-5,3,0.07065031539083104,0.07040589720152177,-0.00024441818930926823,0.0014457259924825657,0.018482955979213723
greedy,5000,all,20,all,-4,4,0.06816172785722022,0.06846326766648428,0.0003015398092640516,0.0011526043827123989,0.013737020102988974
greedy,5000,all,20,all,-3,5,0.06924744035347266,0.0691281970849708,-0.00011924326850186184,-0.00016760374130646085,0.010335143659543999
greedy,5000,all,20,all,-2,6,0.07176652959496017,0.07031805742930133,-0.0014484721656588331,-0.0013309956411244005,0.007339376963798415
greedy,5000,all,20,all,-1,7,0.07294347833007957,0.07207927810706592,-0.0008642002230136546,-0.0006499300498242003,0.0033626002458151554
greedy,5000,all,20,all,0,8,0.07308054087102596,0.07308054087102596,0.0,0.0,0.0
greedy,5000,all,20,all,1,7,0.07220528915744329,0.07295622006657446,0.00075093090913117,0.0006707918528370425,0.00020242753100767935
greedy,5000,all,20,all,2,6,0.07196125318047236,0.07350418509766764,0.0015429319171952674,0.0013995500487980997,0.000719382523411328
greedy,5000,all,20,all,3,5,0.07179617632865583,0.07468532707272849,0.0028891507440726603,0.002773357099920161,0.0015719688175605596
greedy,5000,all,20,all,4,4,0.07323273128210497,0.07769781407556765,0.004465082793462676,0.0040318074188198764,0.0029122379721629454
greedy,5000,all,20,all,5,3,0.07272433814601749,0.07966778051445124,0.006943442368433736,0.0073820922183426676,0.0044174675933310315
greedy,5000,all,20,all,6,2,0.07192595305618449,0.08136799119619985,0.009442038140015353,0.0093962696372447,0.00521812918948919
greedy,5000,all,20,all,7,1,0.0720333999764789,0.0800893802187463,0.008055980242267405,0.0079372980956917,0.003435521906764799
greedy,5000,all,50,all,-7,1,0.1229684746426473,0.1172247242347105,-0.005743750407936801,0.0008704256084192952,0.013275829146673412
greedy,5000,all,50,all,-6,2,0.11807650010162679,0.1152179613948678,-0.0028585387067589993,0.0012295853911174978,0.013965523681136155
greedy,5000,all,50,all,-5,3,0.11568642193751195,0.11196656977362213,-0.0037198521638898327,-2.427682690313293e-05,0.010726487599612441
greedy,5000,all,50,all,-4,4,0.11306495641077285,0.11041897065151622,-0.002645985759256623,5.023834535617354e-05,0.008119295729593135
greedy,5000,all,50,all,-3,5,0.1145854630461077,0.11285611937351074,-0.0017293436725969585,0.00022749715021140176,0.006779492977620571
greedy,5000,all,50,all,-2,6,0.11620908690590344,0.11500946984411431,-0.0011996170617891364,0.0007546367694988149,0.0051752779886244105
greedy,5000,all,50,all,-1,7,0.11747568008733764,0.11707436737180077,-0.0004013127155368549,0.0003882779931460578,0.002388127689915698
greedy,5000,all,50,all,0,8,0.11822126632272364,0.11822126632272364,0.0,0.0,0.0
greedy,5000,all,50,all,1,7,0.11648905755992134,0.11836362947815411,0.0018745719182327572,0.0006921553460334002,0.0012803097961561285
greedy,5000,all,50,all,2,6,0.11513452362366057,0.11922236796534226,0.0040878443416817,0.0019479607458550176,0.0025695465743735637
greedy,5000,all,50,all,3,5,0.11508142229087519,0.12197408425218456,0.00689266196130936,0.0040465399672398265,0.0035152446176304752
greedy,5000,all,50,all,4,4,0.11755856195941287,0.12602356199393108,0.008465000034518201,0.004839837546574802,0.0037180389685742415
greedy,5000,all,50,all,5,3,0.11657425707833034,0.12716317790474516,0.010588920826414832,0.005202666843011836,0.004384716142820377
greedy,5000,all,50,all,6,2,0.11601347619437086,0.12785665575855165,0.011843179564180802,0.004360527553382301,0.004804225475133234
greedy,5000,all,50,all,7,1,0.112489709514289,0.1262495589791838,0.013759849464894808,0.004772593075851206,0.004259677480966451
greedy,5000,bulk,5,bulk,-7,1,0.0249443914839529,0.0249443914839529,0.0,0.0,0.0
greedy,5000,bulk,5,bulk,-6,2,0.0235379624975878,0.0235379624975878,0.0,0.0,0.0
greedy,5000,bulk,5,bulk,-5,3,0.022183176377772132,0.022183176377772132,0.0,0.0,0.0
greedy,5000,bulk,5,bulk,-4,4,0.020439242611101124,0.020439242611101124,0.0,0.0,0.0
greedy,5000,bulk,5,bulk,-3,5,0.019764652198895,0.019764652198895,0.0,0.0,0.0
greedy,5000,bulk,5,bulk,-2,6,0.0198694954888823,0.0198694954888823,0.0,0.0,0.0
greedy,5000,bulk,5,bulk,-1,7,0.01958163379274253,0.01958163379274253,0.0,0.0,0.0
greedy,5000,bulk,5,bulk,0,8,0.019205043938151173,0.019205043938151173,0.0,0.0,0.0
greedy,5000,bulk,5,bulk,1,7,0.018385137145893786,0.018385137145893786,0.0,0.0,0.0
greedy,5000,bulk,5,bulk,2,6,0.0177607377516723,0.0177607377516723,0.0,0.0,0.0
greedy,5000,bulk,5,bulk,3,5,0.0174181644743786,0.0174181644743786,0.0,0.0,0.0
greedy,5000,bulk,5,bulk,4,4,0.017970845265201225,0.017970845265201225,0.0,0.0,0.0
greedy,5000,bulk,5,bulk,5,3,0.018272363503578134,0.018272363503578134,0.0,0.0,0.0
greedy,5000,bulk,5,bulk,6,2,0.0172116892859578,0.0172116892859578,0.0,0.0,0.0
greedy,5000,bulk,5,bulk,7,1,0.0165689149560117,0.0165689149560117,0.0,0.0,0.0
greedy,5000,bulk,10,bulk,-7,1,0.0394026056561804,0.0316174134095964,-0.0077851922465839996,-0.004416764153773499,0.0003604836630009961
greedy,5000,bulk,10,bulk,-6,2,0.0337070876000777,0.03276051960701135,-0.0009465679930663468,-0.0015331856375666005,0.0013952968924459963
greedy,5000,bulk,10,bulk,-5,3,0.03408643860244797,0.03269282371082564,-0.0013936148916223318,-0.0008160100069444665,0.0025860725856952324
greedy,5000,bulk,10,bulk,-4,4,0.0315195731374142,0.0307576216218908,-0.0007619515155233994,-0.0006603403864494746,0.0026572128063442058
greedy,5000,bulk,10,bulk,-3,5,0.03144633466054928,0.030529933686793305,-0.0009164009737559805,-0.0006804083303077199,0.0023432906584738233
greedy,5000,bulk,10,bulk,-2,6,0.03128836784364478,0.03129536205476648,6.99421112170089e-06,-0.0003208398840624166,0.0009994953024484374
greedy,5000,bulk,10,bulk,-1,7,0.03100624040781053,0.0304897980617321,-0.0005164423460784277,-0.0006526137871789285,0.0010229056231914157
greedy,5000,bulk,10,bulk,0,8,0.02992270820137629,0.02992270820137629,0.0,0.0,0.0
greedy,5000,bulk,10,bulk,1,7,0.028694796504782242,0.029680607457344844,0.0009858109525626008,0.0004383344791189001,0.0010479497311371869
greedy,5000,bulk,10,bulk,2,6,0.028018116279051902,0.0289767710661646,0.0009586547871127006,0.0003435409684618169,0.0021279462815658504
greedy,5000,bulk,10,bulk,3,5,0.02645517731007916,0.02826063889570668,0.0018054615856275221,0.0008840228346964204,0.0021121764180084823
greedy,5000,bulk,10,bulk,4,4,0.0268758043168254,0.029087794780861775,0.0022119904640363766,0.0009870499814412003,0.0015421412568193509
greedy,5000,bulk,10,bulk,5,3,0.02670592958200793,0.028910665725681267,0.0022047361436733346,0.001053931460619,0.0013218541500666693
greedy,5000,bulk,10,bulk,6,2,0.02439473504739815,0.025804746641205703,0.001410011593807551,0.0012171678114774008,0.0010646846802243454
greedy,5000,bulk,10,bulk,7,1,0.0225806451612903,0.0259530791788856,0.0033724340175953008,0.0020112051321436,0.0008874654530399012
greedy,5000,bulk,20,bulk,-7,1,0.0552907530981887,0.0556085160470289,0.00031776294884020007,0.0015652234381037973,6.429059498319623e-05
greedy,5000,bulk,20,bulk,-6,2,0.049735624817670354,0.0533889386074102,0.003653313789739848,0.002561413511551149,0.0012833760986731557
greedy,5000,bulk,20,bulk,-5,3,0.049018165365026733,0.05085709148197243,0.0018389261169456984,0.0023912442529710003,0.0012115181743376318
greedy,5000,bulk,20,bulk,-4,4,0.04534274751602275,0.04777665885952302,0.0024339113435002738,0.0019138294636959494,0.0023874451621669
greedy,5000,bulk,20,bulk,-3,5,0.044453376507386275,0.04657111552203308,0.002117739014646798,0.0022620513207553803,0.0029453379861068274
greedy,5000,bulk,20,bulk,-2,6,0.044344251619386155,0.0466457355781848,0.002301483958798648,0.002031767735340199,0.002521915365403434
greedy,5000,bulk,20,bulk,-1,7,0.04454909319446877,0.04568348442335461,0.0011343912288858404,0.0013613051137491433,0.00157664881900029
greedy,5000,bulk,20,bulk,0,8,0.04484841543935024,0.04484841543935024,0.0,0.0,0.0
greedy,5000,bulk,20,bulk,1,7,0.042745961241125084,0.043311258209681854,0.0005652969685567694,-0.0001155026650740573,0.0022954270077676165
greedy,5000,bulk,20,bulk,2,6,0.041375698469066566,0.04200157438333025,0.0006258759142636824,0.00024895023424945095,0.0036899328226246094
greedy,5000,bulk,20,bulk,3,5,0.039343559848073986,0.04124320981377692,0.0018996499657029375,0.0010745498200917599,0.006213715387710578
greedy,5000,bulk,20,bulk,4,4,0.04039032532792153,0.04192017201917745,0.001529846691255922,0.0005967571852182,0.006691219905455598
greedy,5000,bulk,20,bulk,5,3,0.04082712477503953,0.04197724863487883,0.0011501238598392975,-0.0002412204768614326,0.005766288820567872
greedy,5000,bulk,20,bulk,6,2,0.03933369706062875,0.039456455022846545,0.0001227579622177996,-0.001361136075897799,0.0059798066094206015
greedy,5000,bulk,20,bulk,7,1,0.0378299120234604,0.0390029325513196,0.0011730205278591976,-0.003255941467095399,0.012533765249566009
greedy,5000,bulk,50,bulk,-7,1,0.0837305370193835,0.090403558945027,0.006673021925643494,0.0111457083754756,0.012977999996483913
greedy,5000,bulk,50,bulk,-6,2,0.08577721769834384,0.0893863658796709,0.00360914818132705,0.002724280310554352,0.011301025585169155
greedy,5000,bulk,50,bulk,-5,3,0.08167672947335847,0.08677281636260224,0.005096086889243766,0.005329673097709734,0.009156222128262744
greedy,5000,bulk,50,bulk,-4,4,0.07587849977187405,0.08242790697149398,0.006549407199619923,0.008038763246453475,0.008550518719548705
greedy,5000,bulk,50,bulk,-3,5,0.07615371507283183,0.079510731783119,0.0033570167102871555,0.0028982958766209004,0.008396472420236367
greedy,5000,bulk,50,bulk,-2,6,0.07669196752051576,0.0793826744465613,0.002690706926045547,0.002202624608061,0.006973947327996703
greedy,5000,bulk,50,bulk,-1,7,0.07845703265555136,0.0794022752356229,0.0009452425800715413,0.0004331032388751574,0.003461268614026791
greedy,5000,bulk,50,bulk,0,8,0.07847625769334013,0.07847625769334013,0.0,0.0,0.0
greedy,5000,bulk,50,bulk,1,7,0.07632447866043526,0.07677235751452771,0.0004478788540924463,-3.387537189824303e-05,0.00356258198982512
greedy,5000,bulk,50,bulk,2,6,0.07357828507073233,0.0748395549645632,0.0012612698938308704,0.0008085322440617172,0.007963986316000418
greedy,5000,bulk,50,bulk,3,5,0.07213077220245873,0.07349832249178287,0.0013675502893241375,0.0016247382159383012,0.011205952964549005
greedy,5000,bulk,50,bulk,4,4,0.07391625507478738,0.07452460841518628,0.000608353340398899,-0.0007302661428703026,0.014856084071292963
greedy,5000,bulk,50,bulk,5,3,0.07508483560230346,0.07675213421037534,0.0016672986080718682,0.0007580887319949987,0.013399837473483148
greedy,5000,bulk,50,bulk,6,2,0.07111095955807126,0.07575700743367661,0.0046460478756053525,0.002683270955634351,0.013488971676498263
greedy,5000,bulk,50,bulk,7,1,0.0674486803519061,0.0719941348973607,0.0045454545454546025,0.0006467815816379938,0.017940332385994406
greedy,5000,container,5,container,-7,1,0.0662488809310653,0.0662488809310653,0.0,0.0,0.0
greedy,5000,container,5,container,-6,2,0.06842187064961315,0.06730280171496675,-0.0011190689346463958,-0.0008210279872107994,0.003403471958799295
greedy,5000,container,5,container,-5,3,0.07349261568313877,0.07289746756886871,-0.0005951481142700601,-0.00038442047442526633,0.005070160949284498
greedy,5000,container,5,container,-4,4,0.06982206577077042,0.07323597492814853,0.003413909157378105,0.001356284774381599,0.010141414116889097
greedy,5000,container,5,container,-3,5,0.07039079366990064,0.07512857233006207,0.004737778660161421,0.0023974267739078187,0.010313039171197264
greedy,5000,container,5,container,-2,6,0.07331511946656966,0.07685409069115302,0.0035389712245833677,0.0017380716005781182,0.006812184066019219
greedy,5000,container,5,container,-1,7,0.07625879949725975,0.07781916008202486,0.001560360584765114,0.0006993094390050576,0.002589498177231384
greedy,5000,container,5,container,0,8,0.07609824222182572,0.07609824222182572,0.0,0.0,0.0
greedy,5000,container,5,container,1,7,0.07798456512811777,0.0775052938347915,-0.00047927129332627334,-0.000763957983291485,0.0003318514085100572
greedy,5000,container,5,container,2,6,0.0804284440312278,0.07903005572411205,-0.00139838830711575,-0.0015184259074427827,0.0003302137724215809
greedy,5000,container,5,container,3,5,0.08049048844144532,0.07801870701359995,-0.002471781427845382,-0.002220047129010178,0.00011881325571257983
greedy,5000,container,5,container,4,4,0.08071257893049127,0.07896050951550293,-0.0017520694149883512,-0.0008701375062854979,-0.00032018120345547046
greedy,5000,container,5,container,5,3,0.07887417989348254,0.0777143587080985,-0.001159821185384033,-0.0006625289695535302,-0.0009137299502918009
greedy,5000,container,5,container,6,2,0.0743831830016892,0.07383069681384385,-0.0005524861878453483,-0.0003038200449945981,-0.0012053656967083576
greedy,5000,container,5,container,7,1,0.0640518172004318,0.0640518172004318,0.0,0.0,0.0
greedy,5000,container,10,container,-7,1,0.1011638316920322,0.1154879140555058,0.0143240823634736,0.0039717559307079,0.04596844066683481
greedy,5000,container,10,container,-6,2,0.10173628433854665,0.11500968812779816,0.0132734037892515,0.00485035463030975,0.037315171093103006
greedy,5000,container,10,container,-5,3,0.11331572456814824,0.12203177520756164,0.008716050639413405,0.002093751989304798,0.034211416554822745
greedy,5000,container,10,container,-4,4,0.11448941751797968,0.12375936034778698,0.009269942829807306,0.0034359329444658745,0.029082358145725004
greedy,5000,container,10,container,-3,5,0.12316707774784201,0.12772721146162058,0.004560133713778567,0.0011364518665543985,0.02010130286544552
greedy,5000,container,10,container,-2,6,0.13401040296550007,0.13329370742561553,-0.0007166955398845662,-0.0004891174763028359,0.010237936799234551
greedy,5000,container,10,container,-1,7,0.13722436416319675,0.1361933435392411,-0.0010310206239556704,-0.0010953986412167755,0.005913517250729349
greedy,5000,container,10,container,0,8,0.1364415757407726,0.1364415757407726,0.0,0.0,0.0
greedy,5000,container,10,container,1,7,0.13840633409034825,0.139434955981525,0.0010286218911767428,0.0015734343986590557,-0.0002734551368394741
greedy,5000,container,10,container,2,6,0.13625475372399168,0.14358553827843076,0.007330784554439053,0.005697869728512897,0.004465081302565936
greedy,5000,container,10,container,3,5,0.1301308548193306,0.14508745606069917,0.014956601241368578,0.01235112718245868,0.008649585917990938
greedy,5000,container,10,container,4,4,0.12340999836123327,0.14912379113375823,0.025713792772524946,0.021067361683602275,0.022003766767697164
greedy,5000,container,10,container,5,3,0.11438477802392116,0.15096551620602597,0.03658073818210479,0.029261444205523266,0.03002072880978589
greedy,5000,container,10,container,6,2,0.10808841899619409,0.14588518068624384,0.037796761690049745,0.030708734158692755,0.03769792420795261
greedy,5000,container,10,container,7,1,0.1014753508456279,0.1381792011514933,0.036703850305865385,0.028320058636520803,0.031981817666657614
greedy,5000,container,20,container,-7,1,0.1799462846911369,0.2000895255147717,0.020143240823634778,0.012290716880552999,0.05981606093381703
greedy,5000,container,20,container,-6,2,0.18186992822153042,0.20099541916299923,0.019125490941468842,0.014220133831581945,0.06057027276988261
greedy,5000,container,20,container,-5,3,0.19264551029529123,0.20497343797123393,0.012327927675942726,0.007897225412453093,0.0436762872234821
greedy,5000,container,20,container,-4,4,0.19459688383925355,0.20462828207123981,0.010031398231986267,0.0021153828121932214,0.030911874089202637
greedy,5000,container,20,container,-3,5,0.20624705309198763,0.20944657029367003,0.003199517201682406,-0.0009619224652556047,0.019324765416105914
greedy,5000,container,20,container,-2,6,0.21329672302500233,0.2175057918435491,0.0042090688185468005,0.0008884755236121117,0.01265637032127681
greedy,5000,container,20,container,-1,7,0.2176858306031824,0.21931961847573875,0.0016337878725563582,-0.00013008890275411792,0.006263429571242747
greedy,5000,container,20,container,0,8,0.21799318721700908,0.21799318721700908,0.0,0.0,0.0
greedy,5000,container,20,container,1,7,0.2198993875393526,0.22055085317447157,0.0006514656351189871,0.001083248666218724,0.003982366578484704
greedy,5000,container,20,container,2,6,0.2184336925306005,0.22365910990167903,0.005225417371078521,0.004574140151367413,0.010062786234269113
greedy,5000,container,20,container,3,5,0.21512311089489655,0.2258050367644741,0.010681925869577603,0.008896963203742858,0.01246718383384906
greedy,5000,container,20,container,4,4,0.21947480218672352,0.23135809236277832,0.011883290176054807,0.011243384533487825,0.017392046770907305
greedy,5000,container,20,container,5,3,0.2168622711334718,0.23223754875590744,0.015375277622435604,0.014295433963661794,0.02014257822832673
greedy,5000,container,20,container,6,2,0.2031479850523228,0.21945537333738901,0.0163073882850662,0.015115532512849854,0.027239926636883544
greedy,5000,container,20,container,7,1,0.2007916516732637,0.2087081684059014,0.007916516732637685,0.007575245157623714,0.027213394117977185
greedy,5000,container,50,container,-7,1,0.3536257833482542,0.3639212175470009,0.010295434198746733,0.01056095341602048,0.04489164770436671
greedy,5000,container,50,container,-6,2,0.3546961178186575,0.3621326323135638,0.0074365144949063156,0.009215066588466547,0.03345723368682929
greedy,5000,container,50,container,-5,3,0.35676304236807305,0.3652915559607002,0.008528513592627093,0.01149098642747782,0.02455495329720403
greedy,5000,container,50,container,-4,4,0.3551773302104172,0.36388882665116384,0.008711496440746674,0.010903883785146284,0.020071665599478067
greedy,5000,container,50,container,-3,5,0.3579358250854008,0.36398303363927015,0.006047208553869365,0.007992752226025534,0.015361486404045466
greedy,5000,container,50,container,-2,6,0.36190345972574955,0.36771313409333123,0.0058096743675816465,0.006292100137111192,0.013017840855426751
greedy,5000,container,50,container,-1,7,0.36603798610204885,0.3674847121484012,0.0014467260463523757,0.0012669955098516936,0.006104161260446804
greedy,5000,container,50,container,0,8,0.3643253016113192,0.3643253016113192,0.0,0.0,0.0
greedy,5000,container,50,container,1,7,0.3620727185266383,0.36438302790622185,0.002310309379583518,0.0019112488942902056,0.004588523253144072
greedy,5000,container,50,container,2,6,0.35843596597390454,0.36505619137723766,0.006620225403333152,0.006044812601084508,0.009788697874413185
greedy,5000,container,50,container,3,5,0.35410258424068425,0.36374554900169065,0.009642964761006411,0.005830477256262112,0.013469318361728443
greedy,5000,container,50,container,4,4,0.35569660439232453,0.36476177657147457,0.009065172179150066,0.003354647970152766,0.014719373560938054
greedy,5000,container,50,container,5,3,0.35386928491315534,0.364895748231401,0.011026463318245583,0.005407490674428667,0.01769847928245405
greedy,5000,container,50,container,6,2,0.33887456370025915,0.3541618041652833,0.015287240465024138,0.009397784913597385,0.022646279818471504
greedy,5000,container,50,container,7,1,0.3281756027347967,0.3422094278517452,0.014033825116948506,0.008768695564273482,0.02900925613789973
greedy,7000,all,5,all,-7,1,0.0513674042164349,0.0516937536714313,0.0003263494549963983,-0.003219955204462197,-0.00038993746896140435
greedy,7000,all,5,all,-6,2,0.0478751492666661,0.047553753367776,-0.00032139589889009987,-0.0010582156216734492,0.0018471657578656986
greedy,7000,all,5,all,-5,3,0.0464465712838909,0.04616671232565837,-0.00027985895823253354,-0.0002235994870104334,0.0012436558611508691
greedy,7000,all,5,all,-4,4,0.04452536635585895,0.0435901365306457,-0.0009352298252132494,-0.0010116143644045505,0.0019396264157958767
greedy,7000,all,5,all,-3,5,0.04264180465724906,0.04303445165852254,0.00039264700127348006,0.0003862126478841602,0.0030763662817535425
greedy,7000,all,5,all,-2,6,0.04273641508265311,0.0428245209381971,8.810585554398324e-05,-7.204703283864948e-05,0.0020143296138375524
greedy,7000,all,5,all,-1,7,0.04293785990230518,0.04317309520214884,0.00023523529984367103,0.0001517914307022718,0.0007819216143636898
greedy,7000,all,5,all,0,8,0.04345092613676204,0.04345092613676204,0.0,0.0,0.0
greedy,7000,all,5,all,1,7,0.04221214544116237,0.042273379346095,6.123390493262866e-05,0.0003117264383341148,0.0022033049500621888
greedy,7000,all,5,all,2,6,0.042057647738055086,0.04208331705975738,2.566932170230037e-05,0.0005552005561469507,0.004277079734844369
greedy,7000,all,5,all,3,5,0.041927833633617094,0.04182145442342424,-0.00010637921019285846,0.0004368460765357803,0.004731910039514542
greedy,7000,all,5,all,4,4,0.043122432677581875,0.04331171574287837,0.00018928306529649927,0.0009904560149115761,0.004241205018274026
greedy,7000,all,5,all,5,3,0.04459830615265794,0.0441450502671612,-0.00045325588549673346,0.0002786252744014679,0.007044595566385069
greedy,7000,all,5,all,6,2,0.04601002556070195,0.04533014173245685,-0.0006798838282451002,0.0004179379116022019,0.010566893349577604
greedy,7000,all,5,all,7,1,0.0462777843114195,0.0453957426790544,-0.0008820416323650979,0.0004681916709395016,0.011198874590839
greedy,7000,all,10,all,-7,1,0.0712094510802167,0.0761699627961621,0.004960511715945401,0.0080938853278213,0.024455348922060083
greedy,7000,all,10,all,-6,2,0.06786663016066335,0.07137100900742174,0.003504378846758395,0.008870903771582499,0.0297692676287956
greedy,7000,all,10,all,-5,3,0.0675448466594116,0.069435818796138,0.0018909721367263987,0.005390954167473667,0.02117217288944644
greedy,7000,all,10,all,-4,4,0.06520601923354025,0.066893350258355,0.0016873310248147495,0.0033877292240170236,0.015392639698442026
greedy,7000,all,10,all,-3,5,0.06515537312942961,0.06543034353832153,0.00027497040889193776,0.001311690293445219,0.012009139191774237
greedy,7000,all,10,all,-2,6,0.06594547513698217,0.06520422196369292,-0.0007412531732892495,-0.0003451577138561338,0.009925910545719202
greedy,7000,all,10,all,-1,7,0.0665965395142621,0.0664760830392248,-0.0001204564750373001,-0.0005024167159985592,0.004392573018305717
greedy,7000,all,10,all,0,8,0.0666782744116444,0.0666782744116444,0.0,0.0,0.0
greedy,7000,all,10,all,1,7,0.06517216644936542,0.06532231892814187,0.0001501524787764447,0.0007399514281248269,0.0009546347414945422
greedy,7000,all,10,all,2,6,0.06392816199220591,0.06511402954638529,0.0011858675541793681,0.0017310682818174317,0.0026884094751394166
greedy,7000,all,10,all,3,5,0.06343616709728034,0.06502374778094824,0.001587580683667901,0.0024655869692770983,0.0028573368368185192
greedy,7000,all,10,all,4,4,0.06565477822016899,0.0664631985649338,0.0008084203447648024,0.0020300071657699727,0.0032398186745252466
greedy,7000,all,10,all,5,3,0.06649322114770297,0.06875815920051583,0.0022649380528128684,0.0033964242114851322,0.004011624794803631
greedy,7000,all,10,all,6,2,0.06770302467627955,0.07110043175549885,0.003397407079219303,0.005094636317227699,0.0060174371922054465
greedy,7000,all,10,all,7,1,0.0672703751617076,0.0680936140185816,0.0008232388568740062,0.0040200012906716,0.008338567292168392
greedy,7000,all,20,all,-7,1,0.1105019254617844,0.1154624371777299,0.004960511715945498,0.015111540970557308,0.02332181155907831
greedy,7000,all,20,all,-6,2,0.1053052093280181,0.10898267001448744,0.003677460686469347,0.015093674709391103,0.022915572201315154
greedy,7000,all,20,all,-5,3,0.10472532045812877,0.10672965802744737,0.0020043375693185963,0.008715205663062138,0.017499902299885666
greedy,7000,all,20,all,-4,4,0.10115379141174816,0.1050021171667949,0.0038483257550467505,0.005654733902467275,0.013286916604370591
greedy,7000,all,20,all,-3,5,0.10536572334566856,0.10483714678866174,-0.0005285765570068213,-0.00022316601121533664,0.009676933163362423
greedy,7000,all,20,all,-2,6,0.10724423391611265,0.10625706683105425,-0.0009871670850583995,-0.0006534053763115009,0.007244379227734475
greedy,7000,all,20,all,-1,7,0.10779076118347451,0.10729457820986679,-0.000496182973607714,0.00028905279108654543,0.003449531951990286
greedy,7000,all,20,all,0,8,0.10808362621471071,0.10808362621471071,0.0,0.0,0.0
greedy,7000,all,20,all,1,7,0.10545116983906298,0.10702951036285083,0.001578340523787846,0.0012992391476631443,0.0007261116462971324
greedy,7000,all,20,all,2,6,0.10523143240072498,0.10778394494811848,0.0025525125473934867,0.002098644827100399,0.0019622758522016928
greedy,7000,all,20,all,3,5,0.10538184533602353,0.10889600712706873,0.0035141617910452007,0.0038193393600843006,0.002081765518379075
greedy,7000,all,20,all,4,4,0.10792467465166693,0.11116513526262653,0.003240460610959603,0.005580495394104098,0.0034962751393554647
greedy,7000,all,20,all,5,3,0.10713775446641847,0.11349442525812566,0.006356670791707204,0.006631953750718636,0.00514264259778933
greedy,7000,all,20,all,6,2,0.10468126205911629,0.1135633043656801,0.008882042306563802,0.009419640035608648,0.008483177054311952
greedy,7000,all,20,all,7,1,0.1000823238856874,0.1136069622486181,0.013524638362930705,0.011725529260820697,0.010803653246336392
greedy,7000,all,50,all,-7,1,0.2035767900267606,0.1996605965668037,-0.00391619345995689,-0.002880879341231102,0.011748216047334226
greedy,7000,all,50,all,-6,2,0.19748153291968334,0.193495631788756,-0.003985901130927352,-0.004356960622918057,0.01264454730083997
greedy,7000,all,50,all,-5,3,0.19230897077621847,0.1890775622344354,-0.0032314085417831004,-0.0015750273625984672,0.009320131406834964
greedy,7000,all,50,all,-4,4,0.18884805447308284,0.1861523353340696,-0.0026957191390132446,-0.0009279369053865685,0.006811932135952062
greedy,7000,all,50,all,-3,5,0.19118206447134914,0.18806041329014866,-0.0031216511812004687,-0.0007413320694025893,0.004697879104866842
greedy,7000,all,50,all,-2,6,0.19215676834133513,0.18966646724914818,-0.002490301092186939,-0.0011217001503079777,0.0035234965545146804
greedy,7000,all,50,all,-1,7,0.19268021004287395,0.19148221292355885,-0.0011979971193151115,-8.670258581142518e-05,0.0016289347566014903
greedy,7000,all,50,all,0,8,0.19204564264705318,0.19204564264705318,0.0,0.0,0.0
greedy,7000,all,50,all,1,7,0.1893218808461689,0.1909577920870888,0.0016359112409199009,-0.0001239279004220939,0.0019198459417044836
greedy,7000,all,50,all,2,6,0.1874347001698254,0.1915623129331522,0.004127612763326817,0.0022629117239485693,0.003745624923951909
greedy,7000,all,50,all,3,5,0.18886253453007373,0.19382649089462384,0.004963956364550104,0.0018822494890287588,0.003977547635503076
greedy,7000,all,50,all,4,4,0.1920414270889017,0.19793894996003672,0.005897522871135007,0.002570031997128505,0.00543044994665233
greedy,7000,all,50,all,5,3,0.19049568076730936,0.19868769157522734,0.008192010807918001,0.0036796210875661983,0.006988909611105709
greedy,7000,all,50,all,6,2,0.1866192918415387,0.1991831688407681,0.01256387699922941,0.006747461247300454,0.007707266685028219
greedy,7000,all,50,all,7,1,0.1835822650829119,0.1959896507115135,0.012407385628601608,0.00568280894608772,0.007278158332832241
greedy,7000,bulk,5,bulk,-7,1,0.0360660946933587,0.0360660946933587,0.0,0.0,0.0
greedy,7000,bulk,5,bulk,-6,2,0.0343570153265883,0.0343570153265883,0.0,0.0,0.0
greedy,7000,bulk,5,bulk,-5,3,0.03228649137802777,0.03228649137802777,0.0,0.0,0.0
greedy,7000,bulk,5,bulk,-4,4,0.029308623147428974,0.029308623147428974,0.0,0.0,0.0
greedy,7000,bulk,5,bulk,-3,5,0.02880656001300664,0.02880656001300664,0.0,0.0,0.0
greedy,7000,bulk,5,bulk,-2,6,0.029151102328735284,0.029151102328735284,0.0,0.0,0.0
greedy,7000,bulk,5,bulk,-1,7,0.029187709401481583,0.029187709401481583,0.0,0.0,0.0
greedy,7000,bulk,5,bulk,0,8,0.028948336635387286,0.028948336635387286,0.0,0.0,0.0
greedy,7000,bulk,5,bulk,1,7,0.027931514055677086,0.027931514055677086,0.0,0.0,0.0
greedy,7000,bulk,5,bulk,2,6,0.027145443738320285,0.027145443738320285,0.0,0.0,0.0
greedy,7000,bulk,5,bulk,3,5,0.026945443789802997,0.026945443789802997,0.0,0.0,0.0
greedy,7000,bulk,5,bulk,4,4,0.0285880501233456,0.0285880501233456,0.0,0.0,0.0
greedy,7000,bulk,5,bulk,5,3,0.0291846310060217,0.0291846310060217,0.0,0.0,0.0
greedy,7000,bulk,5,bulk,6,2,0.0283400395553433,0.0283400395553433,0.0,0.0,0.0
greedy,7000,bulk,5,bulk,7,1,0.0272727272727272,0.0272727272727272,0.0,0.0,0.0
greedy,7000,bulk,10,bulk,-7,1,0.0564029234191293,0.0549729901493485,-0.0014299332697808032,-0.0003876412584166017,0.007346132569799102
greedy,7000,bulk,10,bulk,-6,2,0.0501376291133306,0.0507952378152173,0.0006576087018866986,0.001000367652646,0.003945725627467853
greedy,7000,bulk,10,bulk,-5,3,0.045586325683731964,0.04765729480799463,0.0020709691242626663,0.0012945364647193325,0.00661307503865093
greedy,7000,bulk,10,bulk,-4,4,0.04041845854258878,0.043346691761540025,0.00292823321895125,0.0015061955348673246,0.0082778854096857
greedy,7000,bulk,10,bulk,-3,5,0.04095893161880294,0.04254759318356206,0.001588661564759119,0.0011403311223781999,0.007041815528649608
greedy,7000,bulk,10,bulk,-2,6,0.042202753595474485,0.042985950463712834,0.0007831968682383509,0.0005323233410425493,0.005237251212605584
greedy,7000,bulk,10,bulk,-1,7,0.042898762107537784,0.04286803470247296,-3.072740506482864e-05,-8.974184548811487e-05,0.0011595241521135788
greedy,7000,bulk,10,bulk,0,8,0.0428431080772738,0.0428431080772738,0.0,0.0,0.0
greedy,7000,bulk,10,bulk,1,7,0.040482738271693984,0.04111026778126313,0.000627529509569144,0.00048290885270884217,0.0017523108825287634
greedy,7000,bulk,10,bulk,2,6,0.03963376258642993,0.04019239816462596,0.000558635578196035,0.00033041805322763337,0.002919481878172476
greedy,7000,bulk,10,bulk,3,5,0.03869827265133326,0.0399545960388413,0.0012563233875080397,0.0007652500287159195,0.003799172871619072
greedy,7000,bulk,10,bulk,4,4,0.0404381012754908,0.042339524393007574,0.0019014231175167751,0.0012841026310944493,0.0040784166057834595
greedy,7000,bulk,10,bulk,5,3,0.041646664418096835,0.0433356329001267,0.0016889684820298664,0.0009694767933158323,0.003541702067865665
greedy,7000,bulk,10,bulk,6,2,0.04080167769215025,0.042414580917956704,0.0016129032258064488,0.0006093377444099995,0.003980203254375397
greedy,7000,bulk,10,bulk,7,1,0.0394428152492668,0.0426686217008797,0.0032258064516128976,0.0014373077899698002,0.005601310175700286
greedy,7000,bulk,20,bulk,-7,1,0.0748331744518589,0.0741976485541785,-0.0006355258976804001,-0.0060500527868644,0.002127144252576707
greedy,7000,bulk,20,bulk,-6,2,0.0714627724321015,0.07131637254266765,-0.00014639988943384447,-0.0029314864706743004,0.005232065960055002
greedy,7000,bulk,20,bulk,-5,3,0.06733075313096894,0.06777854016156544,0.00044778703059650027,-0.0010825103704846344,0.006803862784690899
greedy,7000,bulk,20,bulk,-4,4,0.057009047264961824,0.062387131165762874,0.005378083900801049,0.0026788562649291,0.011398638366990128
greedy,7000,bulk,20,bulk,-3,5,0.0562092921972591,0.05964172185785712,0.00343242966059802,0.0013042131347595798,0.012364738707157874
greedy,7000,bulk,20,bulk,-2,6,0.058556848708208736,0.060016310017269626,0.0014594613090608995,-0.0002723948786561338,0.010006889479509553
greedy,7000,bulk,20,bulk,-1,7,0.05992363202341335,0.06038050021628146,0.00045686819286811447,-0.0005774006193290571,0.002784625808242232
greedy,7000,bulk,20,bulk,0,8,0.06031094355434892,0.06031094355434892,0.0,0.0,0.0
greedy,7000,bulk,20,bulk,1,7,0.0572106659152856,0.05832712855437327,0.0011164626390876703,0.0014057408938879291,0.004248366472597984
greedy,7000,bulk,20,bulk,2,6,0.05489412168937557,0.05664246722490934,0.0017483455355337824,0.0016641256082221337,0.009035723711534854
greedy,7000,bulk,20,bulk,3,5,0.054443190759868795,0.055830385590019016,0.001387194830150218,0.0015684348873577607,0.009795917121266345
greedy,7000,bulk,20,bulk,4,4,0.058007650569995975,0.05823475594293497,0.00022710537293899914,0.0009514245236950511,0.006349590021041518
greedy,7000,bulk,20,bulk,5,3,0.058672322159926064,0.06142631304850193,0.0027539908885758657,0.002778921527575267,0.0031987075865985517
greedy,7000,bulk,20,bulk,6,2,0.0591215985814635,0.06119484416558679,0.002073245584123296,0.003222959267797051,0.0025370706932220516
greedy,7000,bulk,20,bulk,7,1,0.0573313782991202,0.0598240469208211,0.0024926686217008956,0.006893945416958001,0.0029235129359932166
greedy,7000,bulk,50,bulk,-7,1,0.1245630759453447,0.1234509056244042,-0.001112170320940506,0.001179421691615501,0.019957627461862804
greedy,7000,bulk,50,bulk,-6,2,0.1266663664103565,0.12505930934963735,-0.00160705706071914,0.002967857963321295,0.019037053276535654
greedy,7000,bulk,50,bulk,-5,3,0.12249251993903447,0.12287791879458047,0.00038539885554599956,0.005707779122506365,0.016141105056606226
greedy,7000,bulk,50,bulk,-4,4,0.11547665320681433,0.1153387137157493,-0.00013793949106502557,0.004619306251864899,0.013859777663849049
greedy,7000,bulk,50,bulk,-3,5,0.11460202222791105,0.11517647167781804,0.0005744494499070024,0.003761996977651337,0.011312025903918766
greedy,7000,bulk,50,bulk,-2,6,0.11652093117764595,0.11738906983395565,0.0008681386563097147,0.0013635296951043814,0.010053895268938082
greedy,7000,bulk,50,bulk,-1,7,0.11859726385198975,0.11952392889636453,0.0009266650443747708,0.0005824515094165533,0.0072462654630973755
greedy,7000,bulk,50,bulk,0,8,0.11928285127405502,0.11928285127405502,0.0,0.0,0.0
greedy,7000,bulk,50,bulk,1,7,0.11481597017816267,0.11868741493829085,0.0038714447601281864,0.0025196515490142394,0.005818297115432128
greedy,7000,bulk,50,bulk,2,6,0.10974969867943711,0.11735736524886091,0.007607666569423799,0.004113000861235981,0.009712460861163166
greedy,7000,bulk,50,bulk,3,5,0.107833334539098,0.11712581076173975,0.009292476222641757,0.003776037532278878,0.013161274051192917
greedy,7000,bulk,50,bulk,4,4,0.10871810685931405,0.12322698883236075,0.014508881973046697,0.006086229741895648,0.018754029507301276
greedy,7000,bulk,50,bulk,5,3,0.11133169665708902,0.12612681726778333,0.014795120610694323,0.005560746493457701,0.01767981324877904
greedy,7000,bulk,50,bulk,6,2,0.10329571029120915,0.1249641955943531,0.02166848530314394,0.009824223452407105,0.018055740176142088
greedy,7000,bulk,50,bulk,7,1,0.0914956011730205,0.1175953079178885,0.026099706744868,0.012838902638626103,0.02468537315828151
greedy,7000,container,5,container,-7,1,0.0998209489704565,0.0998209489704565,0.0,0.010582196019735805,0.011443978505547486
greedy,7000,container,5,container,-6,2,0.09902772210858721,0.09721694800265696,-0.0018107741059302518,0.008791342737724403,0.0102251814958116
greedy,7000,container,5,container,-5,3,0.10489732408203584,0.103690141344749,-0.0012071827372868345,0.005860895158482936,0.0068167876638744
greedy,7000,container,5,container,-4,4,0.10332369166432127,0.10241830461135615,-0.0009053870529651259,0.0043956713688622015,0.0051125907479058
greedy,7000,container,5,container,-3,5,0.10771085644564386,0.10698654680327176,-0.0007243096423721007,0.0035165370950897613,0.00409007259832464
greedy,7000,container,5,container,-2,6,0.11242978426101258,0.11182619289236916,-0.0006035913686434172,0.002930447579241468,0.0034083938319372
greedy,7000,container,5,container,-1,7,0.11436365091354352,0.11384628688327772,-0.0005173640302657863,0.0010000699222447143,0.0012866263551536733
greedy,7000,container,5,container,0,8,0.1134244250962757,0.1134244250962757,0.0,0.0,0.0
greedy,7000,container,5,container,1,7,0.11407612292566811,0.11536777882853559,0.001291655902867486,0.00024796908252788596,-0.0005462823979816012
greedy,7000,container,5,container,2,6,0.11678771677839472,0.1188269174608153,0.0020392006824205833,-0.0010242426915128336,-0.001778861567486666
greedy,7000,container,5,container,3,5,0.11537367763659219,0.11926499534719173,0.0038913177105995593,-0.000907422638929882,-0.0011087818418513196
greedy,7000,container,5,container,4,4,0.11603983555786118,0.12443054558119528,0.008390710023334101,0.002832553962240497,0.0030397757377886025
greedy,7000,container,5,container,5,3,0.1156865572279976,0.1241542222512823,0.008467665023284698,0.0017699509434341658,0.006907952034753408
greedy,7000,container,5,container,6,2,0.1107490604686424,0.1182191217079954,0.007470061239352996,-0.0023376285311291975,0.011701132761028743
greedy,7000,container,5,container,7,1,0.10363440086362,0.1104713925872616,0.006836991723641606,-0.0019990205757216967,0.013532228959159481
greedy,7000,container,10,container,-7,1,0.1665174574753805,0.162041181736795,-0.0044762757385855,0.008565043867812802,0.05930191753798236
greedy,7000,container,10,container,-6,2,0.15999028147648603,0.1659006270838796,0.0059103456073935495,0.01601815355760995,0.06633598026577608
greedy,7000,container,10,container,-5,3,0.16094535150858522,0.169220068447722,0.008274716939136775,0.022088929067398202,0.05298966594724538
greedy,7000,container,10,container,-4,4,0.16411601784366547,0.16473940263319667,0.0006233847895312089,0.011188277231981725,0.0370139997288378
greedy,7000,container,10,container,-3,5,0.17165714496753184,0.16653200653562308,-0.00512513843190876,0.00433606054895046,0.023971547530437332
greedy,7000,container,10,container,-2,6,0.17549043438259618,0.17021041250198352,-0.005280021880612699,0.0006658775684611276,0.013638177038090652
greedy,7000,container,10,container,-1,7,0.17657550429623287,0.17393989053708556,-0.0026356137591473133,0.00039439538007159894,0.0052709976032851436
greedy,7000,container,10,container,0,8,0.17428268669566055,0.17428268669566055,0.0,0.0,0.0
greedy,7000,container,10,container,1,7,0.17331048693507997,0.17603147311835562,0.0027209861832756294,0.0031947027415176743,0.003057266441535716
greedy,7000,container,10,container,2,6,0.16978219729801566,0.17707670656625418,0.007294509268238547,0.008624885317055297,0.00889892894846044
greedy,7000,container,10,container,3,5,0.1638321102018797,0.17732025764442366,0.013488147442543962,0.014552339049873474,0.0156345467489018
greedy,7000,container,10,container,4,4,0.16592625886676762,0.18382597075812443,0.0178997118913568,0.021035792261489796,0.023042628394929265
greedy,7000,container,10,container,5,3,0.16404467384096486,0.18720048696238967,0.0231558131214248,0.026822459038420298,0.027859283443940914
greedy,7000,container,10,container,6,2,0.159737295700389,0.1864995092766917,0.026762213576302707,0.0324831773445472,0.035473872317383054
greedy,7000,container,10,container,7,1,0.1504138179201151,0.1766822598056855,0.0262684418855704,0.03107217577330229,0.038294236072346
greedy,7000,container,20,container,-7,1,0.2873769024171889,0.3258728737690242,0.0384959713518353,0.09179431106939781,0.09036426403029968
greedy,7000,container,20,container,-6,2,0.2878130809381171,0.32115282439017073,0.03333974345205362,0.0897254035758945,0.07550698132745803
greedy,7000,container,20,container,-5,3,0.29144812229494327,0.3159704784662621,0.024522356171318833,0.06821961214328649,0.050976070674779904
greedy,7000,container,20,container,-4,4,0.2956675785105306,0.3090337470732495,0.013366168562718855,0.034257224469858794,0.037528717123443744
greedy,7000,container,20,container,-3,5,0.3039286540792253,0.30840346824683484,0.004474814167609575,0.015499969625880577,0.0268060045255638
greedy,7000,container,20,container,-2,6,0.3063884209499806,0.3080544505856143,0.0016660296356337256,0.009532624014207894,0.020274027604131124
greedy,7000,container,20,container,-1,7,0.30461957539526885,0.30640394633199985,0.0017843709367310453,0.005172326464424218,0.008181365588366685
greedy,7000,container,20,container,0,8,0.30246833249354055,0.30246833249354055,0.0,0.0,0.0
greedy,7000,container,20,container,1,7,0.2948936442097446,0.29912482659704287,0.004231182387298233,0.00044138591876036193,0.006188679829456978
greedy,7000,container,20,container,2,6,0.28488331023974295,0.2962401685279971,0.011356858288254196,0.005261573528952517,0.010023914315070001
greedy,7000,container,20,container,3,5,0.28050374493851926,0.2943670449099076,0.013863299971388321,0.0052150675054547955,0.014000476730440114
greedy,7000,container,20,container,4,4,0.2800835275469058,0.2959029179138316,0.015819390366925805,0.0033667481352379486,0.015350719011660935
greedy,7000,container,20,container,5,3,0.27334344033403674,0.2925764395713833,0.019232999237346587,0.004741184451661819,0.01692386819333101
greedy,7000,container,20,container,6,2,0.26232205895704236,0.2857099782173192,0.02338791926027685,0.0052188991399838985,0.019881763782515494
greedy,7000,container,20,container,7,1,0.2493702770780856,0.2749190356243253,0.025548758546239697,0.0037201666130849964,0.016701043555525596
greedy,7000,container,50,container,-7,1,0.517905102954342,0.581468218442256,0.06356311548791405,0.1134825282395503,0.04689468869018998
greedy,7000,container,50,container,-6,2,0.519660962133828,0.5872483690672122,0.06758740693338433,0.12193163784497393,0.047928036143556896
greedy,7000,container,50,container,-5,3,0.5304649554989975,0.5842355010176834,0.0537705455186858,0.0999188727392305,0.03685637282297649
greedy,7000,container,50,container,-4,4,0.5513385397852362,0.5814899990167556,0.030151459231519323,0.05287786097740499,0.031582268909960604
greedy,7000,container,50,container,-3,5,0.5582211470953926,0.5793788504244771,0.02115770332908451,0.030844357653765787,0.025432019944136575
greedy,7000,container,50,container,-2,6,0.5668837157905956,0.5781345689312977,0.011250853140702085,0.014463432617576119,0.017368241484219688
greedy,7000,container,50,container,-1,7,0.5649575566775126,0.5693139767372185,0.00435642005970595,0.004252210863216406,0.007901822035798525
greedy,7000,container,50,container,0,8,0.5598625759926733,0.5598625759926733,0.0,0.0,0.0
greedy,7000,container,50,container,1,7,0.5466514571057366,0.5567760556427329,0.010124598536996274,0.009190423817708555,0.006082629947812279
greedy,7000,container,50,container,2,6,0.5317719669588504,0.5507339783011603,0.018962011342309886,0.017127485471972487,0.011685113848110237
greedy,7000,container,50,container,3,5,0.5192478927082699,0.5452388209776673,0.025990928269397306,0.021070139527131403,0.016036913583697566
greedy,7000,container,50,container,4,4,0.5066417737802384,0.538235152968591,0.03159337918835252,0.024792121811855,0.018173390434003123
greedy,7000,container,50,container,5,3,0.4886348666077019,0.5273354519396669,0.038700585331964965,0.028096637431674825,0.02256260965895618
greedy,7000,container,50,container,6,2,0.4615917062790714,0.5050465971768002,0.043454890897728804,0.03736461309705255,0.02864913380791001
greedy,7000,container,50,container,7,1,0.4519611370996761,0.4937027707808564,0.04174163368118028,0.0363066990939524,0.030604787619259
greedy,10000,all,5,all,-7,1,0.0808693949481104,0.080543045493114,-0.0003263494549964052,-0.0013731468148106968,0.0019172970457619898
greedy,10000,all,5,all,-6,2,0.0742367875269516,0.07197710912250846,-0.0022596784044431537,-0.0015579156131454996,0.006556720151354292
greedy,10000,all,5,all,-5,3,0.07049261675774374,0.0686751248449082,-0.0018174919128355362,-0.0009327871006473675,0.005743959188196525
greedy,10000,all,5,all,-4,4,0.06695358136762113,0.0649088707094934,-0.0020447106581277276,-0.00163925987504535,0.004284880261063051
greedy,10000,all,5,all,-3,5,0.06561494909405177,0.06430627241972292,-0.0013086766743288596,-0.0016190107600944207,0.0042327902240943014
greedy,10000,all,5,all,-2,6,0.06501398372128418,0.06490729129704244,-0.0001066924242417502,-0.001068333375678667,0.004110804390758578
greedy,10000,all,5,all,-1,7,0.06596579105477171,0.06622157103923867,0.000255779984466956,-0.0002188478720657571,0.0017525393426736091
greedy,10000,all,5,all,0,8,0.06691864826864818,0.06691864826864818,0.0,0.0,0.0
greedy,10000,all,5,all,1,7,0.06505872013884353,0.06497230580801021,-8.641433083331604e-05,0.0006748407331164569,0.0038330989642870144
greedy,10000,all,5,all,2,6,0.06484359549399,0.06523249465069476,0.0003888991567047642,0.0016280626867075,0.008399905946177963
greedy,10000,all,5,all,3,5,0.0656272434074462,0.06586476232289218,0.0002375189154459778,0.00150624771268996,0.009898012450769239
greedy,10000,all,5,all,4,4,0.06822724443718481,0.06892842582780298,0.0007011813906181736,0.0017371120130297247,0.012127200070742243
greedy,10000,all,5,all,5,3,0.0698288683835621,0.07127260801685696,0.001443739633294865,0.0028997303608660346,0.01749965969337496
greedy,10000,all,5,all,6,2,0.07154008310539439,0.07295271918346545,0.0014126360780710515,0.0036853781596787975,0.017965113105905747
greedy,10000,all,5,all,7,1,0.0713865694460778,0.0717981888745148,0.00041161942843701005,0.0020638555632986055,0.014317935424995792
greedy,10000,all,10,all,-7,1,0.1173552640167091,0.122446315514653,0.0050910514979439075,0.018363344035875806,0.027699542822241408
greedy,10000,all,10,all,-6,2,0.10913288928755364,0.11318419504283805,0.0040513057552844026,0.016870760136828197,0.030680123917557325
greedy,10000,all,10,all,-5,3,0.10851904662783003,0.10923419017256547,0.0007151435447354295,0.0056080256168652,0.019634251584392515
greedy,10000,all,10,all,-4,4,0.10591505779170127,0.1056771468412171,-0.0002379109504841749,0.0016004590353606261,0.014684928875000731
greedy,10000,all,10,all,-3,5,0.1060362707504238,0.10510584612596105,-0.0009304246244627223,-0.0007874829618610176,0.012290238210769421
greedy,10000,all,10,all,-2,6,0.10608507801540142,0.10545542876986536,-0.0006296492455360528,-0.0011993505795457177,0.010284730174031776
greedy,10000,all,10,all,-1,7,0.1062247020169015,0.10557523042672017,-0.000649471590181329,-0.0012025474109085574,0.004567204717035854
greedy,10000,all,10,all,0,8,0.10630723406781152,0.10630723406781152,0.0,0.0,0.0
greedy,10000,all,10,all,1,7,0.10280062206696435,0.10400165100397703,0.0012010289370126825,0.0019617255274122433,0.0019651160559855823
greedy,10000,all,10,all,2,6,0.10263116923036586,0.10401491374280268,0.001383744512436812,0.003129796324283819,0.004441725184486392
greedy,10000,all,10,all,3,5,0.10259701386821043,0.10455106040495916,0.0019540465367487354,0.0038234632517681415,0.005804473537808591
greedy,10000,all,10,all,4,4,0.10495191200454343,0.10693732129440595,0.0019854092898625234,0.0032855653796210523,0.005206698666383645
greedy,10000,all,10,all,5,3,0.1054706156882803,0.10830954730422897,0.002838931615948665,0.003281377635334898,0.006138917653598762
greedy,10000,all,10,all,6,2,0.10533813534228839,0.10886264996164999,0.003524514619361596,0.00475279729643345,0.00802236818933584
greedy,10000,all,10,all,7,1,0.1039045042926026,0.111431259555451,0.007526755262848392,0.008884981165834499,0.010531767169599776
greedy,10000,all,20,all,-7,1,0.1956791332158475,0.2063833953397297,0.010704262123882202,0.06498841850158751,0.018264942353999114
greedy,10000,all,20,all,-6,2,0.18959290955936625,0.1954378594554409,0.005844949896074661,0.04477975467831885,0.015069250744797036
greedy,10000,all,20,all,-5,3,0.18760909101891263,0.19098652722696485,0.003377436208052207,0.025057263377960364,0.01075532401193402
greedy,10000,all,20,all,-4,4,0.18378106396779406,0.18604976304958584,0.0022686990817917807,0.013860076338713376,0.008295370303773697
greedy,10000,all,20,all,-3,5,0.1841736633072914,0.18573992914409462,0.0015662658368032322,0.009184131278497964,0.00835326178654885
greedy,10000,all,20,all,-2,6,0.18502635217226418,0.1862837823594564,0.001257430187192173,0.007816562723190382,0.008714723992720599
greedy,10000,all,20,all,-1,7,0.18572279749496462,0.18609176874945604,0.0003689712544914435,0.0032273109609820627,0.004013211624005871
greedy,10000,all,20,all,0,8,0.18541791379125563,0.18541791379125563,0.0,0.0,0.0
greedy,10000,all,20,all,1,7,0.1811827612499092,0.18242284499861647,0.0012400837487072896,-0.0013257490113142264,0.0009351321781266297
greedy,10000,all,20,all,2,6,0.1789872005953248,0.18207793190319388,0.0030907313078690816,-0.00159821909247095,0.0026200797115810324
greedy,10000,all,20,all,3,5,0.17833722524060194,0.1820767457298301,0.0037395204892281654,-0.001770657300487022,0.004379489443498874
greedy,10000,all,20,all,4,4,0.18032552262611132,0.18478606453292543,0.004460541906814101,-0.0015630556944250806,0.005834019116389019
greedy,10000,all,20,all,5,3,0.18012434112421802,0.18488122153652398,0.004756880412305968,-0.001954834427888167,0.004740022937023099
greedy,10000,all,20,all,6,2,0.1753921719537265,0.1828203080866534,0.0074281361329269074,-0.0027544311317886094,0.006021499766712429
greedy,10000,all,20,all,7,1,0.1721745266376573,0.1807009290838527,0.008526402446195402,-0.001140634179622818,0.006746992920067696
greedy,10000,all,50,all,-7,1,0.3696886626199334,0.3827426408197898,0.01305397819985643,0.0025710064686503276,0.015379840341925521
greedy,10000,all,50,all,-6,2,0.36091509161897795,0.3712835897944904,0.01036849817551247,0.00029559270287246586,0.015352926506786546
greedy,10000,all,50,all,-5,3,0.35658625071829997,0.36435847960039297,0.007772228882093039,-0.0015831401401304086,0.013876602002124963
greedy,10000,all,50,all,-4,4,0.35218794009547305,0.35818161541629956,0.005993675320826522,-0.0029808541269113753,0.011141512514740604
greedy,10000,all,50,all,-3,5,0.35553950877789087,0.3599272379551074,0.004387729177216515,-0.0038458295741936486,0.007864066924740665
greedy,10000,all,50,all,-2,6,0.35896256464993453,0.3623099945964008,0.0033474299464662793,-0.0033907176759859214,0.005411171589751147
greedy,10000,all,50,all,-1,7,0.3598388966650935,0.36117332085332077,0.0013344241882272758,-0.0016353749564963177,0.0022869790210051327
greedy,10000,all,50,all,0,8,0.35937900197739775,0.35937900197739775,0.0,0.0,0.0
greedy,10000,all,50,all,1,7,0.35428960218258837,0.3560413392856274,0.0017517371030390289,0.0029242777539914317,0.0019759702887629676
greedy,10000,all,50,all,2,6,0.34968342974864286,0.3554108060383669,0.005727376289724001,0.00836705423536945,0.004051928403252229
greedy,10000,all,50,all,3,5,0.3478149723209271,0.3563913154036006,0.00857634308267341,0.012261508993829728,0.005598254461028529
greedy,10000,all,50,all,4,4,0.347564664682399,0.3605763885384959,0.013011723856096905,0.017998079342639764,0.008355395276447991
greedy,10000,all,50,all,5,3,0.3427451049619367,0.35846527534788164,0.01572017038594496,0.02222171599738737,0.009543737874400512
greedy,10000,all,50,all,6,2,0.3325148735626555,0.3505860241203886,0.018071150557733034,0.025888257804137643,0.012688944358613119
greedy,10000,all,50,all,7,1,0.3305892038104198,0.3468187698459367,0.016229566035516896,0.02490684954734551,0.014063226427855291
greedy,10000,bulk,5,bulk,-7,1,0.069272322847156,0.0633937082936129,-0.005878614553543091,-0.0017736767221506952,0.0019377918772063851
greedy,10000,bulk,5,bulk,-6,2,0.0656360044623474,0.06269669718557586,-0.0029393072767715453,-0.0008868383610753476,0.0009688959386031926
greedy,10000,bulk,5,bulk,-5,3,0.06084196543323386,0.06020643953555354,-0.0006355258976803307,0.0005527959722504671,0.0031424629084496614
greedy,10000,bulk,5,bulk,-4,4,0.05550202497547335,0.0566342331656176,0.001132208190144252,0.0015528760353917762,0.00370679325606537
greedy,10000,bulk,5,bulk,-3,5,0.05446592384102038,0.05405209739286078,-0.0004138264481595974,0.00027032440847236103,0.002943951817607304
greedy,10000,bulk,5,bulk,-2,6,0.05486885615255315,0.05391845580075885,-0.0009504003517942991,-0.0003079469092554168,0.001969808350896438
greedy,10000,bulk,5,bulk,-1,7,0.054821642835316306,0.054382146553903034,-0.0004394962814132712,-5.9980570747042535e-05,0.0006338095990658556
greedy,10000,bulk,5,bulk,0,8,0.05427426093261236,0.05427426093261236,0.0,0.0,0.0
greedy,10000,bulk,5,bulk,1,7,0.05225880865063801,0.05297148273818371,0.0007126740875457013,0.00013918338749534343,0.001130542346528917
greedy,10000,bulk,5,bulk,2,6,0.0507378909814682,0.05146678218162454,0.0007288912001563336,-0.0001921490938411851,0.0028977036634559583
greedy,10000,bulk,5,bulk,3,5,0.0508130385418837,0.05071495377084766,-9.808477103604024e-05,-0.000676669051724161,0.002532946605018166
greedy,10000,bulk,5,bulk,4,4,0.05191776435573213,0.051914288699607125,-3.4756561250008644e-06,-0.0007559485840650517,0.0019425618752647554
greedy,10000,bulk,5,bulk,5,3,0.05308668050353857,0.054644533498865,0.0015578529953264332,0.0003056530717308649,0.0014045532471221682
greedy,10000,bulk,5,bulk,6,2,0.05091556980154125,0.0553416763281729,0.004426106526631651,0.0016062331724516488,0.0009424694951701007
greedy,10000,bulk,5,bulk,7,1,0.0473607038123167,0.0535190615835777,0.006158357771261003,0.0017625709122848013,-5.043922498088049e-06
greedy,10000,bulk,10,bulk,-7,1,0.0911979663171274,0.0945344772799491,0.0033365109628216982,0.001552853662436994,0.005998537789074387
greedy,10000,bulk,10,bulk,-6,2,0.08657450543621026,0.08807715858974695,0.0015026531535366969,0.00129647606740705,0.005114182634923151
greedy,10000,bulk,10,bulk,-5,3,0.08292460764546507,0.08346581098538534,0.0005412033399202673,0.0011923879263899355,0.008192618732599502
greedy,10000,bulk,10,bulk,-4,4,0.07651078262688692,0.0781390009379907,0.0016282183111037771,0.00165032951329655,0.011206833206600625
greedy,10000,bulk,10,bulk,-3,5,0.0753983231735325,0.07695407804235306,0.001555754868820558,0.0011267381964007992,0.010014496818715496
greedy,10000,bulk,10,bulk,-2,6,0.07554521483601499,0.07767699866131508,0.0021317838253000925,0.0011685911940290672,0.008551981498969732
greedy,10000,bulk,10,bulk,-1,7,0.07655188986691842,0.07804743706925281,0.0014955472023343872,0.0008267347357901437,0.003888799313048411
greedy,10000,bulk,10,bulk,0,8,0.07763901476697452,0.07763901476697452,0.0,0.0,0.0
greedy,10000,bulk,10,bulk,1,7,0.0758519477982168,0.075225377265121,-0.0006265705330958006,-0.00038586131024307156,0.0025610552829459948
greedy,10000,bulk,10,bulk,2,6,0.07497128645905415,0.07415963349271704,-0.0008116529663371221,-0.0006487001438221668,0.007470504956517128
greedy,10000,bulk,10,bulk,3,5,0.07364949764456605,0.07414293703592803,0.0004934393913619578,-0.00029441865862966097,0.011535072212155512
greedy,10000,bulk,10,bulk,4,4,0.07568572756355342,0.07713902859595832,0.0014533010324048988,0.0001769384443879498,0.013637954202351692
greedy,10000,bulk,10,bulk,5,3,0.0759814465982758,0.07878057597467693,0.0027991293764011347,0.0011332575757631996,0.011630286518570824
greedy,10000,bulk,10,bulk,6,2,0.07723351292368541,0.0775250630839528,0.0002915501602673981,7.910981498179814e-05,0.010417861773970583
greedy,10000,bulk,10,bulk,7,1,0.0740469208211143,0.0747800586510264,0.0007331378299120922,0.0004354908720978004,0.011500385703937077
greedy,10000,bulk,20,bulk,-7,1,0.1350492532570702,0.1255163647918652,-0.009532888465205003,0.008548741459473694,0.019282659877665698
greedy,10000,bulk,20,bulk,-6,2,0.1251637132568198,0.11957814786446186,-0.005585565392357952,0.005473955960395696,0.017866908897690548
greedy,10000,bulk,20,bulk,-5,3,0.11479668073937847,0.11511609776490771,0.0003194170255292339,0.006756785261304267,0.017702131788935427
greedy,10000,bulk,20,bulk,-4,4,0.1081680303185659,0.10877912263713123,0.0006110923185653309,0.005246892045454544,0.016694815990692974
greedy,10000,bulk,20,bulk,-3,5,0.10580522774705887,0.10710792434383756,0.0013026965967786852,0.00426657034790342,0.014543831656584294
greedy,10000,bulk,20,bulk,-2,6,0.10697089543709494,0.10865895456165757,0.0016880591245626182,0.003665236450809184,0.013530999276652264
greedy,10000,bulk,20,bulk,-1,7,0.10916131190001724,0.10979041030802028,0.0006290984080030287,0.0025556647353398862,0.007084451585147945
greedy,10000,bulk,20,bulk,0,8,0.11025282602831539,0.11025282602831539,0.0,0.0,0.0
greedy,10000,bulk,20,bulk,1,7,0.10543317181345693,0.10807232049066541,0.0026391486772084877,-0.00012485674955059974,0.0051464285154249135
greedy,10000,bulk,20,bulk,2,6,0.10179099935677834,0.10714438541626657,0.0053533860594882215,0.002187844325511385,0.010423840943554669
greedy,10000,bulk,20,bulk,3,5,0.10060598852802671,0.10733486298636001,0.006728874458333286,0.0025761004417169412,0.016236696312567855
greedy,10000,bulk,20,bulk,4,4,0.1040450572505254,0.11172652941949955,0.007681472168974152,0.0022987252284351507,0.021458307009805444
greedy,10000,bulk,20,bulk,5,3,0.1038402644718807,0.11549432883577844,0.011654064363897732,0.005472567970979332,0.0185050479597339
greedy,10000,bulk,20,bulk,6,2,0.1021942985746436,0.11503444042828885,0.012840141853645251,0.005197932997320201,0.014926763258020948
greedy,10000,bulk,20,bulk,7,1,0.0991202346041055,0.1134897360703812,0.014369501466275691,0.00020658743132309643,0.01655125344421221
greedy,10000,bulk,50,bulk,-7,1,0.301874801398157,0.313473149030823,0.01159834763266604,0.009411033910377009,0.018214105052780427
greedy,10000,bulk,50,bulk,-6,2,0.2904663334619647,0.30467253433333646,0.014206200871371755,0.007857883809913493,0.016958766176172313
greedy,10000,bulk,50,bulk,-5,3,0.28244981443954265,0.2953610799911781,0.012911265551635446,0.009445621894171771,0.014973610750044664
greedy,10000,bulk,50,bulk,-4,4,0.2741764978016835,0.28478671874873573,0.01061022094705219,0.008835134501490323,0.014251568338094961
greedy,10000,bulk,50,bulk,-3,5,0.2756368096924122,0.2863061027846021,0.010669293092189853,0.008291421245278091,0.013190939914372746
greedy,10000,bulk,50,bulk,-2,6,0.28000565752868867,0.2890770183357026,0.009071360807013942,0.007541517365244971,0.009926011064811724
greedy,10000,bulk,50,bulk,-1,7,0.2824759166469881,0.2865971484995123,0.004121231852524209,0.00328333077549624,0.006188393657731003
greedy,10000,bulk,50,bulk,0,8,0.28667793015701465,0.28667793015701465,0.0,0.0,0.0
greedy,10000,bulk,50,bulk,1,7,0.27732758225151766,0.2828500417464706,0.005522459494952899,0.0033111681135540743,0.005485183282512954
greedy,10000,bulk,50,bulk,2,6,0.2681599497722646,0.2806797287649074,0.012519778992642802,0.008847102346302566,0.010823691326527626
greedy,10000,bulk,50,bulk,3,5,0.26267723440912477,0.2814680402565165,0.018790805847391755,0.013474178598607684,0.015584095995028658
greedy,10000,bulk,50,bulk,4,4,0.2617327054500998,0.28856914156529356,0.02683643611519377,0.017012749051224144,0.01994162852530401
greedy,10000,bulk,50,bulk,5,3,0.26333556406701547,0.2872976424443689,0.02396207837735335,0.015908315142091334,0.017663283402354273
greedy,10000,bulk,50,bulk,6,2,0.25075871240537406,0.2794806656209507,0.028721953215576634,0.017285743497019654,0.021467679360954672
greedy,10000,bulk,50,bulk,7,1,0.2448680351906158,0.2872434017595308,0.04237536656891497,0.0227302961288936,0.02733404768119807
greedy,10000,container,5,container,-7,1,0.1374216651745747,0.1195165622202327,-0.017905102954341987,0.015616173117077498,0.005309830873350685
greedy,10000,container,5,container,-6,2,0.13548819369609064,0.12155094747498729,-0.013937246221103337,0.018787797921360302,0.0033181944130640517
greedy,10000,container,5,container,-5,3,0.1434881755048319,0.13196826275306567,-0.011519912751766231,0.015096792387249732,0.004483618507055466
greedy,10000,container,5,container,-4,4,0.13800902275072313,0.1318105284021246,-0.00619849434859852,0.01258683245320647,0.009317618972523957
greedy,10000,container,5,container,-3,5,0.13801393281605726,0.1347909832753329,-0.0032229495407243595,0.012359962595393417,0.0061072315156373794
greedy,10000,container,5,container,-2,6,0.141840546349768,0.13906711292844906,-0.0027734334213189555,0.008657546797374398,0.0023467265783433757
greedy,10000,container,5,container,-1,7,0.14502793821737062,0.14256265559612918,-0.0024652826212414303,0.003564865557518012,0.0003831441897811213
greedy,10000,container,5,container,0,8,0.14331914984308658,0.14331914984308658,0.0,0.0,0.0
greedy,10000,container,5,container,1,7,0.13877669107804794,0.14671951950349427,0.007942828425446326,0.003150224742420773,0.0022667445879955084
greedy,10000,container,5,container,2,6,0.13623195411720254,0.15057521729911966,0.014343263181917134,0.0053986302825849665,0.0073689513643139665
greedy,10000,container,5,container,3,5,0.12981260271326728,0.15012968209709912,0.020317079383831815,0.00668816165880984,0.008016543151366379
greedy,10000,container,5,container,4,4,0.13295095628652293,0.15482777128404854,0.021876814997525623,0.0073259650336455,0.011930972489191179
greedy,10000,container,5,container,5,3,0.130049535073163,0.1575327607893427,0.0274832257161797,0.009644890978341166,0.02388732564419944
greedy,10000,container,5,container,6,2,0.12432794763674149,0.15607526058699916,0.03174731295025766,0.014906973007711398,0.05259140750727581
greedy,10000,container,5,container,7,1,0.1122706009355883,0.1486146095717884,0.036344008636200104,0.020968266793325405,0.0762023023079518
greedy,10000,container,10,container,-7,1,0.2605192479856759,0.2797672336615935,0.019247985675917623,0.09538115292607621,0.04428716319006892
greedy,10000,container,10,container,-6,2,0.2416956878205988,0.2666378042459167,0.02494211642531792,0.09240295639801631,0.050403789067222704
greedy,10000,container,10,container,-5,3,0.25058044830152937,0.2701334608173502,0.019553012515820783,0.07615682442089754,0.03825167853179292
greedy,10000,container,10,container,-4,4,0.25808499775971167,0.2645761435172042,0.006491145757492552,0.0457041849189578,0.026528243211271257
greedy,10000,container,10,container,-3,5,0.26491306725926045,0.26397925391410937,-0.0009338133451510632,0.02027949768872398,0.013740823490846632
greedy,10000,container,10,container,-2,6,0.26666867571240777,0.2626670173390984,-0.004001658373309384,0.008034285627807619,0.008155662214313445
greedy,10000,container,10,container,-1,7,0.2653513594739788,0.26187033477789595,-0.0034810246960828334,-0.0008546092034994694,0.0032789280521942315
greedy,10000,container,10,container,0,8,0.2602628473567115,0.2602628473567115,0.0,0.0,0.0
greedy,10000,container,10,container,1,7,0.25115662478763917,0.2574765064560141,0.0063198816683749225,0.007270745416071668,0.0039021841980152144
greedy,10000,container,10,container,2,6,0.2428391430678132,0.25813786172697645,0.015298718659163218,0.017132360303261766,0.004998723433811321
greedy,10000,container,10,container,3,5,0.23384496536543975,0.2543404792803283,0.02049551391488858,0.023772138994190256,0.010744801888360678
greedy,10000,container,10,container,4,4,0.22897616621365055,0.2559495511962188,0.026973384982568252,0.03298181821186462,0.020289766119359648
greedy,10000,container,10,container,5,3,0.22233112921217754,0.254068836427715,0.03173770721553749,0.03649967090662389,0.032864634037892436
greedy,10000,container,10,container,6,2,0.21213978556617405,0.25305033740955085,0.04091055184337679,0.03921854393260024,0.046430141991394835
greedy,10000,container,10,container,7,1,0.2043900683699172,0.2490104354084203,0.04462036703850311,0.0397001755373374,0.048904271136686384
greedy,10000,container,20,container,-7,1,0.455237242614145,0.5353625783348255,0.08012533572068048,0.21900251492643485,0.056383417154423965
greedy,10000,container,20,container,-6,2,0.467086809758889,0.5155309949166205,0.048444185157731495,0.15362244143241838,0.03972841215476547
greedy,10000,container,20,container,-5,3,0.4827767862390347,0.5109567693657519,0.028179983126717118,0.08950883164954214,0.026658142435740606
greedy,10000,container,20,container,-4,4,0.48081475507192695,0.497289433311739,0.01647467823981208,0.053861799492928686,0.02052811753606254
greedy,10000,container,20,container,-3,5,0.476571069448742,0.48592843246254,0.009357363013798026,0.035715238115972756,0.01706729630962307
greedy,10000,container,20,container,-2,6,0.4706853660782511,0.4777015544153007,0.00701618833704958,0.0273406825922629,0.01459223691530335
greedy,10000,container,20,container,-1,7,0.4653236107685653,0.4679167756603656,0.0025931648918003053,0.011040881277226855,0.0058555879910095875
greedy,10000,container,20,container,0,8,0.45962509162113585,0.45962509162113585,0.0,0.0,0.0
greedy,10000,container,20,container,1,7,0.4385635357713683,0.4488054506620373,0.010241914890669033,0.003615952933517622,0.008651987303547912
greedy,10000,container,20,container,2,6,0.42456579726817884,0.440989790522641,0.01642399325446219,0.00936487786637528,0.014977723101539775
greedy,10000,container,20,container,3,5,0.4100534582451913,0.4288260849743663,0.018772626729174968,0.014054290599847608,0.01370368411328753
greedy,10000,container,20,container,4,4,0.39441960179395913,0.4219607499305327,0.02754114813657356,0.023770775035889466,0.02220837832898112
greedy,10000,container,20,container,5,3,0.3753805715081831,0.4157861902187956,0.04040561871061247,0.032503815116193026,0.032376514818728906
greedy,10000,container,20,container,6,2,0.35821940003856867,0.40539570323864127,0.0471763032000726,0.03296554937273791,0.043969497554685044
greedy,10000,container,20,container,7,1,0.3404102195034185,0.4015833033465275,0.06117308384310899,0.04117445058667091,0.048013880979974166
greedy,10000,container,50,container,-7,1,0.8209489704565801,0.8504923903312444,0.029543419874664245,0.020192755526017292,0.015221802627491399
greedy,10000,container,50,container,-6,2,0.8187711174235133,0.8462511747944135,0.027480057370900257,0.015945483446782427,0.017719318574693554
greedy,10000,container,50,container,-5,3,0.8170715604903007,0.8396345987478128,0.022563038257512085,0.013758402513105636,0.0130598370905316
greedy,10000,container,50,container,-4,4,0.8086208006589382,0.8302249510568676,0.021604150397929428,0.015009482540588648,0.012630114924002539
greedy,10000,container,50,container,-3,5,0.802297387709125,0.8198893034060477,0.0175919156969226,0.014894958003161318,0.010721740438436433
greedy,10000,container,50,container,-2,6,0.7996611925051237,0.8137250300884862,0.014063837583362401,0.010828932904779395,0.008574547865496107
greedy,10000,container,50,container,-1,7,0.7921729686306954,0.8028719147667162,0.010698946136020642,0.009377503306024128,0.005475972724790327
greedy,10000,container,50,container,0,8,0.7928331845068788,0.7928331845068788,0.0,0.0,0.0
greedy,10000,container,50,container,1,7,0.7773774141320312,0.784596155103398,0.007218740971366782,0.008753919885669268,0.00471230231887952
greedy,10000,container,50,container,2,6,0.7585301592622659,0.7750271877443672,0.01649702848210129,0.019252484704827138,0.009242991177870086
greedy,10000,container,50,container,3,5,0.741300316106811,0.7647523359623183,0.023452019855507312,0.02329629405765663,0.013482740885854837
greedy,10000,container,50,container,4,4,0.7245151316580253,0.7554414179568899,0.030926286298864653,0.03324768957856597,0.01634343177847991
greedy,10000,container,50,container,5,3,0.7134746379037019,0.747739653008264,0.034265015104561924,0.033850749374562415,0.018528973934763344
greedy,10000,container,50,container,6,2,0.6959423378575306,0.7301576477620566,0.03421530990452598,0.03610151519205662,0.02183556376538065
greedy,10000,container,50,container,7,1,0.6995322058294351,0.7225620726880173,0.023029866858582215,0.01932864340943108,0.019363877491949455
volume,0,all,5,all,-7,1,0.0505841655244435,0.0521506429084263,0.0015664773839828006,0.0026487117561194012,0.003690800732576202
volume,0,all,5,all,-6,2,0.04703121319700435,0.04697585041821775,-5.536277878660095e-05,0.0025108435200197014,-0.002086698191178092
volume,0,all,5,all,-5,3,0.045460072759311375,0.045527314086520436,6.724132720906569e-05,0.0020210503045732676,-0.0006489356232344257
volume,0,all,5,all,-4,4,0.04363227060649798,0.04347159868161715,-0.00016067192488082582,0.002001838181627001,-0.003003470287386723
volume,0,all,5,all,-3,5,0.043044314617622044,0.0428265695450337,-0.00021774507258834065,0.0011073600626703005,-7.211364079611483e-05
volume,0,all,5,all,-2,6,0.04242545153603235,0.042886504691238884,0.00046105315520653345,0.001634247312272584,0.000709665398026286
volume,0,all,5,all,-1,7,0.04330691317274001,0.043243285777046274,-6.362739569374229e-05,0.0004674250799663292,0.0010295181760805877
volume,0,all,5,all,0,8,0.043482941502051786,0.043482941502051786,0.0,0.0,0.0
volume,0,all,5,all,1,7,0.04254343167132666,0.04224469844399829,-0.00029873322732837284,-0.0007051856584557285,-0.0006177271622304538
volume,0,all,5,all,2,6,0.04270389972803209,0.04231863852999646,-0.000385261198035617,-0.0015540501132514661,-6.260189557648344e-05
volume,0,all,5,all,3,5,0.04275582280472248,0.042256317951370595,-0.0004995048533518815,-0.00240521018258336,-0.00018725480987601684
volume,0,all,5,all,4,4,0.043308427526812174,0.04349428432248642,0.00018585679567424858,-0.003360120068262274,0.001660859310764727
volume,0,all,5,all,5,3,0.0428847366236938,0.0445768947637486,0.0016921581400548003,-0.0019310052220502655,0.0008410328601124358
volume,0,all,5,all,6,2,0.0435316357035957,0.0452722519344905,0.0017406162308947967,-0.002564864838418151,0.0008429953546922053
volume,0,all,5,all,7,1,0.0452781371280724,0.0451605315770904,-0.00011760555098200287,-0.0016867110677571996,-0.0034584767614734002
volume,0,all,10,all,-7,1,0.0717968800992102,0.0753867241041707,0.003589844004960499,0.0047267037537146,0.008150618754753314
volume,0,all,10,all,-6,2,0.06776529593916769,0.07072135843964819,0.0029560625004804997,0.0031834169006316505,0.007542076357428561
volume,0,all,10,all,-5,3,0.066354331134371,0.06898154095044735,0.0026272098160763646,0.002623646293117734,0.007010928051173644
volume,0,all,10,all,-4,4,0.06488029936579573,0.06637213645892458,0.0014918370931288477,0.0018445717189438755,0.005391282812925332
volume,0,all,10,all,-3,5,0.06593677326100142,0.0659969234568915,6.015019589007686e-05,0.0006743412306427603,0.0028760873057763286
volume,0,all,10,all,-2,6,0.06707939496361198,0.0667771961026766,-0.00030219886093538667,-7.16777790298502e-05,0.001199768012814154
volume,0,all,10,all,-1,7,0.0682383971392738,0.06771344590275319,-0.0005249512365206024,-0.0003646653453355713,-6.466417519584195e-05
volume,0,all,10,all,0,8,0.0679520759375775,0.0679520759375775,0.0,0.0,0.0
volume,0,all,10,all,1,7,0.06621032776232995,0.0668899833423499,0.000679655580019942,0.0006640493512699421,0.0005281570874571163
volume,0,all,10,all,2,6,0.06566541224920698,0.0670289817702206,0.0013635695210136162,0.001333327283653482,0.0012109095623329194
volume,0,all,10,all,3,5,0.06541304917458876,0.06733439692985557,0.0019213477552668195,0.0017665166117725776,0.0022360212367002223
volume,0,all,10,all,4,4,0.06748738026380155,0.06953201541623043,0.0020446351524288746,0.0018327632017388715,0.002402920809927052
volume,0,all,10,all,5,3,0.06899348015089067,0.0712106634053875,0.0022171832544968287,0.0016239293662437305,0.0025412567208591974
volume,0,all,10,all,6,2,0.06998564757193836,0.07147671544228021,0.001491067870341846,0.0010151128305470984,0.0031450194805029974
volume,0,all,10,all,7,1,0.0693872750793837,0.0696224861813477,0.00023521110196399186,-0.00021941056159609923,0.003351094121293696
volume,0,all,20,all,-7,1,0.1103713856797859,0.1124600221917629,0.0020886365119770073,0.005481067667917595,0.036018372933705495
volume,0,all,20,all,-6,2,0.1045318777482394,0.10838457179772634,0.003852694049486953,0.011850754889987446,0.04878808856491948
volume,0,all,20,all,-5,3,0.10440559582639047,0.10654270055468922,0.0021371047282987324,0.0054279297861080334,0.03380973875385662
volume,0,all,20,all,-4,4,0.10176855133342359,0.10310197126439236,0.0013334199309687558,0.004450858468263973,0.027800776345343094
volume,0,all,20,all,-3,5,0.10398270232629687,0.10435710694198701,0.0003744046156901215,0.0023604212264355983,0.021399902353181434
volume,0,all,20,all,-2,6,0.10596828109995134,0.10500083702017037,-0.0009674440797809806,0.0002674088642022158,0.01750512488114
volume,0,all,20,all,-1,7,0.10779144341488323,0.10726710088924125,-0.0005243425256419834,-0.0009007973660745742,0.006493242357806247
volume,0,all,20,all,0,8,0.10809633529384523,0.10809633529384523,0.0,0.0,0.0
volume,0,all,20,all,1,7,0.10590651120721394,0.10747295145128556,0.0015664402440716282,0.0014680352255675116,0.0013920572740701656
volume,0,all,20,all,2,6,0.10450379085781293,0.10800025645921818,0.0034964656014052514,0.002003529766597049,-0.0025310423142255504
volume,0,all,20,all,3,5,0.10494896994464857,0.10902851613733884,0.004079546192690261,0.0018621500661714196,-0.003485205667431468
volume,0,all,20,all,4,4,0.10573195244827224,0.1130906993232981,0.00735874687502585,0.0038483928573203024,-0.0016951747896229857
volume,0,all,20,all,5,3,0.10546648890712469,0.11432838254694226,0.008861893639817564,0.005693366248230402,0.0015530892048716178
volume,0,all,20,all,6,2,0.10419440625974466,0.1173828301148698,0.013188423855125149,0.007225750598214398,-0.00019567164944529758
volume,0,all,20,all,7,1,0.0991414794778313,0.1139009761260731,0.01475949664824179,0.0095913977963498,0.010393578423010918
volume,0,all,50,all,-7,1,0.1892826838979178,0.1854317603289602,-0.0038509235689576093,-0.007473835768691789,-0.0039508935368489095
volume,0,all,50,all,-6,2,0.18118947845988753,0.17973690970905498,-0.0014525687508325502,-0.004585727855084341,-0.0014240063318237683
volume,0,all,50,all,-5,3,0.17616642620263137,0.175627232478633,-0.0005391937239983732,-0.0034262618987251268,0.00105022632135221
volume,0,all,50,all,-4,4,0.1727845931233991,0.17298095384152587,0.00019636071812677985,-0.0027393994866452,-0.0018626218103155179
volume,0,all,50,all,-3,5,0.1751079647290678,0.17503616774226144,-7.179698680637726e-05,-0.0019558178192976812,0.0008453945715566124
volume,0,all,50,all,-2,6,0.17735867814073705,0.17718521486707403,-0.00017346327366303074,-0.0010535257850303181,-0.0002863251816657882
volume,0,all,50,all,-1,7,0.1792594201905417,0.17923991783951926,-1.9502351022414122e-05,-0.0003450040182989972,-0.00010674855961308381
volume,0,all,50,all,0,8,0.18049569489777176,0.18049569489777176,0.0,0.0,0.0
volume,0,all,50,all,1,7,0.17909445682849331,0.17979054269331626,0.0006960858648229563,5.1626688835683985e-05,0.0009937455961858133
volume,0,all,50,all,2,6,0.17983329137502305,0.18074862329401067,0.0009153319189876182,0.00012537819355761445,0.0014395578758535459
volume,0,all,50,all,3,5,0.18255378200984457,0.18341677234925502,0.0008629903394104576,-0.0002143459902064021,0.000724668419934138
volume,0,all,50,all,4,4,0.18657930197533928,0.18801043595401765,0.0014311339786783686,0.001485267330605923,0.004304681706018915
volume,0,all,50,all,5,3,0.187397930468277,0.18959490682362232,0.002196976355345326,0.0021776676963416682,0.0020320491608097715
volume,0,all,50,all,6,2,0.18616503285124886,0.190427134989865,0.00426210213861615,0.004429859980104249,0.005268100635690776
volume,0,all,50,all,7,1,0.1801129013289427,0.1892861343055392,0.009173232976596501,0.006121324808670392,0.00926467961664812
volume,0,bulk,5,bulk,-7,1,0.0360660946933587,0.0360660946933587,0.0,0.0,0.0
volume,0,bulk,5,bulk,-6,2,0.0343570153265883,0.0343570153265883,0.0,0.0,0.0
volume,0,bulk,5,bulk,-5,3,0.03228649137802777,0.03228649137802777,0.0,0.0,0.0
volume,0,bulk,5,bulk,-4,4,0.029308623147428974,0.029308623147428974,0.0,0.0,0.0
volume,0,bulk,5,bulk,-3,5,0.02880656001300664,0.02880656001300664,0.0,0.0,0.0
volume,0,bulk,5,bulk,-2,6,0.029151102328735284,0.029151102328735284,0.0,0.0,0.0
volume,0,bulk,5,bulk,-1,7,0.029187709401481583,0.029187709401481583,0.0,0.0,0.0
volume,0,bulk,5,bulk,0,8,0.028948336635387286,0.028948336635387286,0.0,0.0,0.0
volume,0,bulk,5,bulk,1,7,0.027931514055677086,0.027931514055677086,0.0,0.0,0.0
volume,0,bulk,5,bulk,2,6,0.027145443738320285,0.027145443738320285,0.0,0.0,0.0
volume,0,bulk,5,bulk,3,5,0.026945443789802997,0.026945443789802997,0.0,0.0,0.0
volume,0,bulk,5,bulk,4,4,0.0285880501233456,0.0285880501233456,0.0,0.0,0.0
volume,0,bulk,5,bulk,5,3,0.0291846310060217,0.0291846310060217,0.0,0.0,0.0
volume,0,bulk,5,bulk,6,2,0.0283400395553433,0.0283400395553433,0.0,0.0,0.0
volume,0,bulk,5,bulk,7,1,0.0272727272727272,0.0272727272727272,0.0,0.0,0.0
volume,0,bulk,10,bulk,-7,1,0.0552907530981887,0.0594216714331109,0.004130918334922198,0.0024502462862195998,0.0033978164771154007
volume,0,bulk,10,bulk,-6,2,0.0525342929365401,0.05372590399469075,0.0011916110581506496,0.0002918867342722991,-0.0007267383842247538
volume,0,bulk,10,bulk,-5,3,0.051017893200236565,0.05184242273513889,0.0008245295349023305,0.0005590745506276334,-0.002286967447722906
volume,0,bulk,10,bulk,-4,4,0.0473783080631401,0.047629786931761675,0.00025147886862157513,0.00023700388655709982,0.0009647262606458512
volume,0,bulk,10,bulk,-3,5,0.046595093467076444,0.04741271529999326,0.0008176218329168192,0.0009086751380136801,0.001281282982940743
volume,0,bulk,10,bulk,-2,6,0.046793883640833096,0.04791356072478548,0.0011196770839523827,0.00031852346023046656,0.0033328088047193394
volume,0,bulk,10,bulk,-1,7,0.04642310995717954,0.04741320958920097,0.0009900996320214284,0.0006291970218710865,0.002269564674364518
volume,0,bulk,10,bulk,0,8,0.04704007745213443,0.04704007745213443,0.0,0.0,0.0
volume,0,bulk,10,bulk,1,7,0.04603160903816415,0.04527127831199492,-0.0007603307261692156,-0.0002625787524705144,0.002118552507347388
volume,0,bulk,10,bulk,2,6,0.0451314320645747,0.04481146860461565,-0.00031996345995905065,-0.00019428524524079996,0.004571014646000686
volume,0,bulk,10,bulk,3,5,0.04426708640352666,0.04415867028233174,-0.00010841612119492084,-0.00013626263687601948,0.00973652064357022
volume,0,bulk,10,bulk,4,4,0.0452054902942365,0.04645036797250718,0.0012448776782706759,0.0004606074846298762,0.010150930932127024
volume,0,bulk,10,bulk,5,3,0.0455978397014569,0.0464190143723697,0.0008211746709127984,-7.851547643800023e-05,0.009679303095918634
volume,0,bulk,10,bulk,6,2,0.04441962763418125,0.04441962763418125,0.0,0.0003287717417689989,0.0022882821929570973
volume,0,bulk,10,bulk,7,1,0.0461876832844574,0.0444281524926686,-0.0017595307917888034,-0.0014028155869428016,-0.0012501318531616123
volume,0,bulk,20,bulk,-7,1,0.0815061963775023,0.0764219891960597,-0.00508420718144259,-0.0012415278820422995,0.009389824777990302
volume,0,bulk,20,bulk,-6,2,0.0787950739211583,0.07674497670444955,-0.002050097216708742,0.0004280357981926511,0.010058484245074245
volume,0,bulk,20,bulk,-5,3,0.07509478379875988,0.07291898492604561,-0.0021757988727142638,0.00042076646208603327,0.011524727324439488
volume,0,bulk,20,bulk,-4,4,0.06709390098267223,0.06768200408653183,0.000588103103859601,0.0026788164458383,0.015110631355947916
volume,0,bulk,20,bulk,-3,5,0.06550876771956508,0.06619073726076283,0.0006819695411977425,0.0014923860753428783,0.012342327733153436
volume,0,bulk,20,bulk,-2,6,0.06690285353083468,0.06752735634686378,0.0006245028160291009,2.343699610264996e-05,0.00784102309740839
volume,0,bulk,20,bulk,-1,7,0.06746571364529204,0.06797597214255882,0.0005102584972668007,-8.274831321164416e-05,0.0027327745693640493
volume,0,bulk,20,bulk,0,8,0.06789173222297944,0.06789173222297944,0.0,0.0,0.0
volume,0,bulk,20,bulk,1,7,0.06552360147619378,0.06667312408396797,0.0011495226077741882,0.001035701760597457,0.004221298809967534
volume,0,bulk,20,bulk,2,6,0.06229408211087898,0.06494065072915607,0.002646568618277083,0.0022075412857835847,0.01191779520957848
volume,0,bulk,20,bulk,3,5,0.059495340967482234,0.06487538060113975,0.0053800396336575,0.0034533090964814993,0.01699483682198156
volume,0,bulk,20,bulk,4,4,0.060667620679011325,0.06810146035942705,0.007433839680415721,0.001318701166688101,0.017029094052318672
volume,0,bulk,20,bulk,5,3,0.0604503169991748,0.07072672382667379,0.010276406827499,0.003462322061348969,0.01364638742908536
volume,0,bulk,20,bulk,6,2,0.0597677828548046,0.06898485985132641,0.0092170769965218,0.004503490762949203,0.011250965154731896
volume,0,bulk,20,bulk,7,1,0.0586510263929618,0.0673020527859237,0.008651026392961905,0.004355180065694103,0.012121731603907698
volume,0,bulk,50,bulk,-7,1,0.1218620908802033,0.1348903717826501,0.013028280902446787,0.018391293578295595,0.024433188975927
volume,0,bulk,50,bulk,-6,2,0.1282811044464518,0.13336890273326504,0.005087798286813244,0.0057172348739900555,0.02246747406572558
volume,0,bulk,50,bulk,-5,3,0.12834193369367136,0.1299390230402912,0.0015970893466198306,0.003139327135570973,0.015686744020907712
volume,0,bulk,50,bulk,-4,4,0.12183424171442775,0.1231075966763501,0.0012733549619223482,0.00147843279802198,0.011647026293378812
volume,0,bulk,50,bulk,-3,5,0.11855984776326234,0.12071456817323804,0.0021547204099756994,0.0027137300925933415,0.009687709866657745
volume,0,bulk,50,bulk,-2,6,0.12096213983560256,0.12261784991163123,0.0016557100760286835,0.0017772515152731996,0.0081762052559012
volume,0,bulk,50,bulk,-1,7,0.12273575111639194,0.12385570288213767,0.0011199517657457228,0.0011953872646648458,0.005161448744693368
volume,0,bulk,50,bulk,0,8,0.12342139398081474,0.12342139398081474,0.0,0.0,0.0
volume,0,bulk,50,bulk,1,7,0.1201536528466247,0.12178296858055256,0.0016293157339278433,8.050902350363003e-05,0.004218389754979028
volume,0,bulk,50,bulk,2,6,0.11482626475595632,0.12010555772999798,0.005279292974041651,0.0026554356348227844,0.005901363963909639
volume,0,bulk,50,bulk,3,5,0.11233381200582855,0.11951081654512885,0.007177004539300319,0.0038377973722125173,0.009846614524359754
volume,0,bulk,50,bulk,4,4,0.1149617371020855,0.12373519128527938,0.008773454183193877,0.005096722981534324,0.013297703321978382
volume,0,bulk,50,bulk,5,3,0.1180700131515993,0.12793277032677589,0.009862757175176604,0.004002473121246006,0.010215634032116524
volume,0,bulk,50,bulk,6,2,0.1160812930505353,0.12583202618836525,0.009750733137829953,0.003389964772796558,0.006830673428412426
volume,0,bulk,50,bulk,7,1,0.1120234604105571,0.1203812316715542,0.008357771260997113,-0.0013599602207209904,0.01182685202431849
volume,0,container,5,container,-7,1,0.0859444941808415,0.0975828111011638,0.0116383169203223,0.0085560690200491,0.008899688547219786
volume,0,container,5,container,-6,2,0.0906680897265317,0.09338171790911515,0.002713628182583451,0.00125814499452645,0.0048251514149088015
volume,0,container,5,container,-5,3,0.09540779872698057,0.09706460518835525,0.0016568064613746714,0.0003681288044503651,0.0033205475045975006
volume,0,container,5,container,-4,4,0.09420135333649893,0.09455494091721453,0.00035358758071559956,0.0003605544881383257,0.0035886953756818704
volume,0,container,5,container,-3,5,0.09680440000531848,0.09806609806249134,0.0012616980571728581,0.0009789507131221398,0.0024553887287097785
volume,0,container,5,container,-2,6,0.10031285231840255,0.10122649736777038,0.0009136450493678177,0.0004551320887657151,0.0004444557484887812
volume,0,container,5,container,-1,7,0.10313655559778503,0.10312968387903075,-6.871718754285812e-06,0.00015391929503818475,-0.00019481012587597396
volume,0,container,5,container,0,8,0.10256305058019004,0.10256305058019004,0.0,0.0,0.0
volume,0,container,5,container,1,7,0.10408731437292616,0.10327451336290808,-0.0008128010100180855,-0.0003227982239914267,0.0011059523769195723
volume,0,container,5,container,2,6,0.10561218486312851,0.10562349480388167,1.1309940753150005e-05,0.0005526238764496186,0.0012317594894478516
volume,0,container,5,container,3,5,0.10584854588638715,0.10586211781529091,1.3571928903780005e-05,0.0006631486517395424,0.001478111387337422
volume,0,container,5,container,4,4,0.11055419533203582,0.11057116024316554,1.6964911129725008e-05,0.000828935814674428,0.0018476392341717773
volume,0,container,5,container,5,3,0.1100353515615149,0.11005797144302121,2.261988150630001e-05,0.0011052477528992373,0.0024635189788957033
volume,0,container,5,container,6,2,0.1065387803951896,0.10657271021744905,3.3929822259450015e-05,0.001657871629348856,0.0036952784683435547
volume,0,container,5,container,7,1,0.1014753508456279,0.0985966174883051,-0.0028787333573228047,-0.002166343983202798,0.0076963869356702075
volume,0,container,10,container,-7,1,0.1365264100268576,0.1696508504923903,0.0331244404655327,0.009556884638641808,0.02080840088161451
volume,0,container,10,container,-6,2,0.1329983793004365,0.16314140532767996,0.030143026027243447,0.008762147029000852,0.01922093681713441
volume,0,container,10,container,-5,3,0.1400519635360354,0.1636132575602254,0.023561294024190032,0.00692379328398577,0.017995707273768813
volume,0,container,10,container,-4,4,0.14286953355350024,0.1590372884795503,0.01616775492605005,0.0040740386123255794,0.013690615758159087
volume,0,container,10,container,-3,5,0.15268832986174907,0.16411564393242917,0.011427314070680084,0.0023666195294276228,0.009913996976564688
volume,0,container,10,container,-2,6,0.16036056301325605,0.16853599002510208,0.008175427011846018,0.0016544554138433834,0.005320027103094954
volume,0,container,10,container,-1,7,0.1682366316232692,0.17071566837721194,0.0024790367539427554,0.000239905539678828,0.0012240622181719904
volume,0,container,10,container,0,8,0.171956274601561,0.171956274601561,0.0,0.0,0.0
volume,0,container,10,container,1,7,0.17407423695156915,0.17228562090287108,-0.00178861604869809,-0.00018589604181218553,-2.909189056688704e-05
volume,0,container,10,container,2,6,0.17718696754208074,0.17489456435952133,-0.0022924031825594013,0.0009061866238766805,0.00012877820767504913
volume,0,container,10,container,3,5,0.1750996059866025,0.1769620848263623,0.0018624788397598236,0.0043453981142004385,0.0023982795870183316
volume,0,container,10,container,4,4,0.1809134155289128,0.1848752607235717,0.003961845194658878,0.005673249905864326,0.005108859875367189
volume,0,container,10,container,5,3,0.17768305189867373,0.18502399238344736,0.007340940484773638,0.00858318890655777,0.007937120866488864
volume,0,container,10,container,6,2,0.1684243905057465,0.1822171283309377,0.013792737825191193,0.014266067703716898,0.01524569048328081
volume,0,container,10,container,7,1,0.1633681180280676,0.1806405181720043,0.01727240014393669,0.016442798377679993,0.02077733591857489
volume,0,container,20,container,-7,1,0.2399283795881826,0.2363473589973142,-0.0035810205908684,0.006051137504720597,0.052580508808118154
volume,0,container,20,container,-6,2,0.2372016812478292,0.23021532730309352,-0.006986353944735693,0.005616182792261254,0.050376933089835374
volume,0,container,20,container,-5,3,0.24207076490671728,0.2325908089193619,-0.009479955987355376,0.002907830056337731,0.030016123756677466
volume,0,container,20,container,-4,4,0.23791616407555166,0.23073053183922204,-0.007185632236329627,0.0018914522004428724,0.021924882138291496
volume,0,container,20,container,-3,5,0.2419097614972361,0.23704117287622192,-0.004868588621014147,0.001669486320840774,0.01746305004986669
volume,0,container,20,container,-2,6,0.24521578684967935,0.24378035324488415,-0.0014354336047951767,0.0019804102938246796,0.016391474530344313
volume,0,container,20,container,-1,7,0.24789346524880682,0.24715506205520457,-0.0007384031936022399,0.0009102208823707551,0.007144517292317465
volume,0,container,20,container,0,8,0.2483315681072281,0.2483315681072281,0.0,0.0,0.0
volume,0,container,20,container,1,7,0.24960373117541088,0.2500435979800729,0.0004398668046620424,-0.0013949813787539841,-0.00622868385098183
volume,0,container,20,container,2,6,0.2534416169369634,0.25437031504193963,0.0009286981049762139,-0.004961622496482752,-0.01261841469268645
volume,0,container,20,container,3,5,0.25423459476730326,0.2577760236199478,0.0035414288526445514,-0.0067808486552022405,-0.0078231694473886
volume,0,container,20,container,4,4,0.2590417902261913,0.26593260437523414,0.006890814149042836,-0.0048295709689126776,-0.005011226460526444
volume,0,container,20,container,5,3,0.2560551448324303,0.26714889349223836,0.011093748659808047,-0.00016434190465702825,-0.0014570333505447934
volume,0,container,20,container,6,2,0.2485099042609097,0.26198521269425984,0.013475308433350139,0.0039863286312811635,0.0016689681960520841
volume,0,container,20,container,7,1,0.2367758186397985,0.2565671104713926,0.019791291831594088,0.007467477838264319,0.005836647642031401
volume,0,container,50,container,-7,1,0.3818263205013429,0.4427036705461056,0.06087735004476269,0.08708953067113209,0.032636246207431774
volume,0,container,50,container,-6,2,0.37808166964071854,0.43547587329930904,0.057394203658590465,0.09186228985678625,0.05049402098184169
volume,0,container,50,container,-5,3,0.3934319227271737,0.4366403350627099,0.043208412335536184,0.06779864923808289,0.047778764953721575
volume,0,container,50,container,-4,4,0.40194004207756817,0.44105310558844957,0.03911306351088145,0.052885323011406846,0.05036243818098565
volume,0,container,50,container,-3,5,0.4179084831045894,0.43602587547421984,0.018117392369630482,0.019258005706509533,0.029509732933233845
volume,0,container,50,container,-2,6,0.42363104405245805,0.4339112055907961,0.010280161538338023,0.004452377762792096,0.01427253880206338
volume,0,container,50,container,-1,7,0.4229166446859704,0.42838271713096915,0.005466072444998685,0.0007842389039394001,0.0073851068683135224
volume,0,container,50,container,0,8,0.42188417579834214,0.42188417579834214,0.0,0.0,0.0
volume,0,container,50,container,1,7,0.4201611816709243,0.41890996226294736,-0.0012512194079769556,0.003268769373730238,0.0017787212472843348
volume,0,container,50,container,2,6,0.41224904072245505,0.41735360996468646,0.005104569242231451,0.012601763119826854,0.008343250918125359
volume,0,container,50,container,3,5,0.40922181537200836,0.4130304802397215,0.003808664867713074,0.005614605230786185,0.0024749030496062697
volume,0,container,50,container,4,4,0.4085995819664146,0.40271524600823466,-0.005884335958179929,-0.00854612277521162,-0.01125459541572077
volume,0,container,50,container,5,3,0.39879597681923357,0.3983146763385459,-0.00048130048068767417,0.0019209600199416958,0.0012454459871984087
volume,0,container,50,container,6,2,0.38405901403382514,0.38580308642098027,0.0017440723871551822,0.013290167632700689,0.016480959616252733
volume,0,container,50,container,7,1,0.3839510615329255,0.3763943864699532,-0.007556675062972307,0.007897014247998796,0.01563346632520002
