vessel_group,outcome,metric,estimate,ci_lo,ci_hi,n_population,n_in_bin
all,A,overall,0.624731182795699,0.5946236559139785,0.6559139784946236,930,930
all,A,effect,0.6273291925465838,0.4519464654851156,0.7713854565715513,930,930
all,A,bin0,0.8012422360248447,0.7676975085374362,0.8375598699965788,930,483
all,A,bin1,0.5745614035087719,0.5121787054409006,0.6371317351853926,930,228
all,A,bin2,0.34057971014492755,0.26269579193454123,0.4236323441247002,930,138
all,A,bin3,0.20689655172413793,0.11106770833333333,0.31826298701298694,930,58
all,A,bin4,0.17391304347826086,0.03842592592592593,0.3336206896551721,930,23
all,B,overall,0.5577797998180164,0.5377502274795268,0.5791628753412192,2198,2198
all,B,effect,0.5418973791066815,0.36430216012830724,0.6874631043161272,2198,2198
all,B,bin0,0.6847545219638242,0.6584225317484569,0.7114738263695618,2198,1161
all,B,bin1,0.4727838258164852,0.43310529240172246,0.5109815993996152,2198,643
all,B,bin2,0.3713235294117647,0.3167784575662326,0.43083164626112663,2198,272
all,B,bin3,0.22772277227722773,0.1515063424947146,0.30934455689019197,2198,101
all,B,bin4,0.14285714285714285,0.0,0.3157894736842105,2198,21
all,B2,overall,0.3064140910601529,0.29478231970754404,0.31887670322366235,6018,6018
all,B2,effect,0.19951211012371492,0.0626199578097789,0.31169116530844754,6018,6018
all,B2,bin0,0.3661787767903816,0.3502702403612058,0.3816264310585701,6018,3826
all,B2,bin1,0.2276843467011643,0.20661701106578648,0.24950790034315928,6018,1546
all,B2,bin2,0.15665236051502146,0.12472622893066782,0.19175257731958764,6018,466
all,B2,bin3,0.08333333333333333,0.04283613445378152,0.12903225806451613,6018,144
all,B2,bin4,0.16666666666666666,0.05714285714285714,0.3,6018,36
container,A,overall,0.5802816901408451,0.5295774647887324,0.6309859154929578,355,355
container,A,effect,0.6842105263157895,0.6120154291224686,0.7472255216693419,355,355
container,A,bin0,0.6842105263157895,0.6120154291224686,0.7472255216693419,355,171
container,A,bin1,0.6391752577319587,0.5505340165452525,0.7346938775510204,355,97
container,A,bin2,0.41379310344827586,0.28782467532467537,0.5490196078431373,355,58
container,A,bin3,0.15,0.0,0.3333333333333333,355,20
container,A,bin4,0.0,0.0,0.0,355,9
container,B,overall,0.5401785714285714,0.5044270833333333,0.5773809523809523,672,672
container,B,effect,0.4194679918152587,0.16837944249592388,0.6262183721479716,672,672
container,B,bin0,0.6012861736334405,0.5468152466627414,0.655851837437011,672,311
container,B,bin1,0.542713567839196,0.47616690240452614,0.609906015037594,672,199
container,B,bin2,0.4636363636363636,0.3650595238095238,0.5517405582922824,672,110
container,B,bin3,0.36585365853658536,0.2222222222222222,0.5128787878787878,672,41
container,B,bin4,0.18181818181818182,0.0,0.4444444444444444,672,11
container,B2,overall,0.22005842259006816,0.19571567672833495,0.2444255111976631,1027,1027
container,B2,effect,0.2196548698449839,0.03327489904487109,0.3262886622686985,1027,1027
container,B2,bin0,0.2965779467680608,0.2586198188784396,0.3346526974737591,1027,526
container,B2,bin1,0.1602787456445993,0.11912726262906768,0.20384868421052632,1027,287
container,B2,bin2,0.14583333333333334,0.08964956546117185,0.2040852256395516,1027,144
container,B2,bin3,0.03508771929824561,0.0,0.08700483091787435,1027,57
container,B2,bin4,0.07692307692307693,0.0,0.26666666666666666,1027,13
bulk,A,overall,0.7526315789473684,0.6894736842105263,0.8157894736842105,190,190
bulk,A,effect,0.957983193277311,0.9182002457002457,0.9914529914529915,190,190
bulk,A,bin0,0.957983193277311,0.9189004914004915,0.9915254237288136,190,119
bulk,A,bin1,0.5609756097560976,0.4102272727272727,0.7222222222222222,190,41
bulk,A,bin2,0.21052631578947367,0.047619047619047616,0.42857142857142855,190,19
bulk,A,bin3,0.25,0.0,0.625,190,8
bulk,A,bin4,0.0,0.0,0.0,190,3
bulk,B,overall,0.6246851385390428,0.5743073047858942,0.6700251889168766,397,397
bulk,B,effect,0.7469879518072289,0.6923193277310924,0.800635593220339,397,397
bulk,B,bin0,0.7469879518072289,0.6916459923664122,0.80001953125,397,249
bulk,B,bin1,0.4842105263157895,0.38297215655371686,0.5842696629213483,397,95
bulk,B,bin2,0.35135135135135137,0.20588235294117646,0.5003378378378376,397,37
bulk,B,bin3,0.21428571428571427,0.0,0.4444444444444444,397,14
bulk,B,bin4,0.0,0.0,0.0,397,2
bulk,B2,overall,0.41728395061728396,0.39653086419753086,0.43853086419753085,2025,2025
bulk,B2,effect,0.10750636132315522,-0.5656128160586759,0.45741625547641285,2025,2025
bulk,B2,bin0,0.44083969465648853,0.416194186258429,0.4649828099123633,2025,1572
bulk,B2,bin1,0.3652173913043478,0.31193816011138714,0.4142876874506709,2025,345
bulk,B2,bin2,0.2696629213483146,0.17718041452218666,0.36363636363636365,2025,89
bulk,B2,bin3,0.0625,0.0,0.19071428571428548,2025,16
bulk,B2,bin4,0.3333333333333333,0.0,1.0,2025,3
tanker,A,overall,0.6024590163934426,0.5409836065573771,0.6639344262295082,244,244
tanker,A,effect,0.42424242424242425,0.06854219948849115,0.7447205462051444,244,244
tanker,A,bin0,0.7575757575757576,0.6790559995299095,0.8306451612903226,244,132
tanker,A,bin1,0.4915254237288136,0.36839419978517723,0.629075682382134,244,59
tanker,A,bin2,0.37142857142857144,0.21621621621621623,0.5239087301587301,244,35
tanker,A,bin3,0.2222222222222222,0.0,0.5386363636363635,244,9
tanker,A,bin4,0.3333333333333333,0.0,0.6666666666666666,244,9
tanker,B,overall,0.5137741046831956,0.4807162534435262,0.5523415977961432,726,726
tanker,B,effect,0.6582278481012658,0.6129032258064516,0.7038385548101188,726,726
tanker,B,bin0,0.6582278481012658,0.6129032258064516,0.7038982037862634,726,395
tanker,B,bin1,0.3695652173913043,0.3094088870770485,0.4372671169073125,726,230
tanker,B,bin2,0.31645569620253167,0.2234967320261438,0.41797405020352774,726,79
tanker,B,bin3,0.16666666666666666,0.0,0.3684210526315789,726,18
tanker,B,bin4,0.0,0.0,0.0,726,4
tanker,B2,overall,0.2188612099644128,0.19869513641755635,0.23962040332147094,1686,1686
tanker,B2,effect,0.12252747252747254,-0.23833326607207714,0.282915070359388,1686,1686
tanker,B2,bin0,0.2653846153846154,0.23773468767867353,0.29110841621102973,1686,1040
tanker,B2,bin1,0.14495798319327732,0.11529771081624168,0.17610824185322846,1686,476
tanker,B2,bin2,0.15037593984962405,0.09392166262478147,0.21375408942202834,1686,133
tanker,B2,bin3,0.1,0.0,0.21739130434782608,1686,30
tanker,B2,bin4,0.14285714285714285,0.0,0.5,1686,7
gas,A,overall,0.8717948717948718,0.7435897435897436,0.9487179487179487,39,39
gas,A,effect,-0.04347826086956519,-0.13636363636363635,0.0,39,39
gas,A,bin0,0.9565217391304348,0.8571428571428571,1.0,39,23
gas,A,bin1,0.875,0.5555555555555556,1.0,39,8
gas,A,bin2,0.6,0.0,1.0,39,5
gas,A,bin3,0.5,0.0,1.0,39,2
gas,A,bin4,1.0,1.0,1.0,39,1
gas,B,overall,0.7217391304347827,0.6434782608695652,0.7913043478260869,115,115
gas,B,effect,0.8970588235294118,0.8194444444444444,0.9670667447306789,115,115
gas,B,bin0,0.8970588235294118,0.8169014084507042,0.9672263352723426,115,68
gas,B,bin1,0.5882352941176471,0.4165948275862069,0.7419354838709677,115,34
gas,B,bin2,0.2,0.0,0.5,115,10
gas,B,bin3,0.0,0.0,0.0,115,2
gas,B,bin4,0.0,0.0,0.0,115,1
gas,B2,overall,0.45789473684210524,0.4105263157894737,0.5052631578947369,380,380
gas,B2,effect,0.04807692307692313,-0.5031734132933533,0.5918657326039062,380,380
gas,B2,bin0,0.5480769230769231,0.4803721488595438,0.6124401913875598,380,208
gas,B2,bin1,0.36363636363636365,0.288587377387713,0.4383684832955553,380,143
gas,B2,bin2,0.25,0.08695652173913043,0.43491304347826076,380,24
gas,B2,bin3,0.3333333333333333,0.0,1.0,380,3
gas,B2,bin4,0.5,0.0,1.0,380,2
general,A,overall,0.5,0.3902439024390244,0.5975609756097561,82,82
general,A,effect,0.875,0.7406432748538011,0.9706092436974789,82,82
general,A,bin0,0.875,0.741905615292712,0.9714285714285714,82,32
general,A,bin1,0.45454545454545453,0.24,0.6666666666666666,82,22
general,A,bin2,0.06666666666666667,0.0,0.21428571428571427,82,15
general,A,bin3,0.16666666666666666,0.0,0.4,82,12
general,A,bin4,0.0,0.0,0.0,82,1
general,B,overall,0.5117370892018779,0.4460093896713615,0.5728873239436619,213,213
general,B,effect,0.6902654867256637,0.6,0.7771579430670339,213,213
general,B,bin0,0.6902654867256637,0.6,0.7767857142857143,213,113
general,B,bin1,0.39655172413793105,0.27772988505747126,0.5185185185185185,213,58
general,B,bin2,0.28,0.10344827586206896,0.48,213,25
general,B,bin3,0.0625,0.0,0.21052631578947367,213,16
general,B,bin4,0.0,0.0,0.0,213,1
general,B2,overall,0.2784184514003295,0.24546952224052718,0.31466227347611203,607,607
general,B2,effect,0.34417344173441733,0.2988677536231884,0.39262056745235885,607,607
general,B2,bin0,0.34417344173441733,0.2966857142857143,0.3924737903225806,607,369
general,B2,bin1,0.21301775147928995,0.15027430687757434,0.2746608847717176,607,169
general,B2,bin2,0.046511627906976744,0.0,0.11904761904761904,607,43
general,B2,bin3,0.16666666666666666,0.03842592592592593,0.3333333333333333,607,24
general,B2,bin4,0.0,0.0,0.0,607,2
roro,A,overall,0.5,0.3,0.7,20,20
roro,A,effect,,,,20,20
roro,A,bin0,1.0,1.0,1.0,20,6
roro,A,bin1,0.0,0.0,0.0,20,1
roro,A,bin2,0.3333333333333333,0.0,0.8,20,6
roro,A,bin3,0.2857142857142857,0.0,0.6666666666666666,20,7
roro,A,bin4,,,,20,0
roro,B,overall,0.6666666666666666,0.56,0.7733333333333333,75,75
roro,B,effect,0.42000000000000004,-0.15384615384615385,1.0,75,75
roro,B,bin0,0.92,0.8,1.0,75,25
roro,B,bin1,0.8148148148148148,0.6519985974754559,0.95,75,27
roro,B,bin2,0.2727272727272727,0.0,0.5557291666666665,75,11
roro,B,bin3,0.1,0.0,0.3333333333333333,75,10
roro,B,bin4,0.5,0.0,1.0,75,2
roro,B2,overall,0.20819112627986347,0.16715017064846416,0.2593856655290102,293,293
roro,B2,effect,0.0930930930930931,-0.2590047964904616,0.3394998881181472,293,293
roro,B2,bin0,0.3153153153153153,0.23363707165109035,0.40834005376344085,293,111
roro,B2,bin1,0.18253968253968253,0.11903753026634382,0.2564393939393939,293,126
roro,B2,bin2,0.0,0.0,0.0,293,33
roro,B2,bin3,0.07142857142857142,0.0,0.21428571428571427,293,14
roro,B2,bin4,0.2222222222222222,0.0,0.5714285714285714,293,9
