set_key,family,train_year,n_ports,vessel_group,tank_mult,n,touch_w,green_lb_w,green_ub_w,green_p_lb_w,green_p_ub_w,green_f_lb_w,green_f_ub_w,green_eu_lb_w,green_eu_ub_w,green_eu_f_lb_w,green_eu_f_ub_w,green_eu_o_lb_w,green_eu_o_ub_w,green_eea_lb_w,green_eea_ub_w,green_eea_f_lb_w,green_eea_f_ub_w,green_eea_o_lb_w,green_eea_o_ub_w
greedy|2019|7000|all,all,2019,5,all,1.0,19981,0.7453822326566144,0.1229820230033017,0.12474099167089023,0.3497530445240013,0.35128416035811943,,,0.14609413749618388,0.14818093863712634,,,,,0.14301869357809036,0.1450658280890625,,,,
greedy|2019|7000|all,all,2019,5,all,1.5,19981,0.7453822326566144,0.20435555833511745,0.2074199078879781,0.44486568614931704,0.44733310335086607,,,0.2189928333375327,0.22246574225348562,,,,,0.2147945958961704,0.2182062512150243,,,,
greedy|2019|7000|all,all,2019,5,all,2.0,19981,0.7453822326566144,0.2880767782393196,0.2925160035562132,0.5124560409242824,0.515897983051606,,,0.273981971970359,0.2791214569873635,,,,,0.26921664739940443,0.27427666664372974,,,,
greedy|2019|7000|all,all,2019,5,container,1.0,2926,0.6742209268614255,0.1641204848613031,0.16558312736899466,0.3786184639580317,0.37988211325031923,,,0.19010697328575937,0.19237735642903506,,,,,0.18739835336726524,0.18963638838096838,,,,
greedy|2019|7000|all,all,2019,5,container,1.5,2926,0.6742209268614255,0.25822554718993834,0.26046239582287956,0.4649555535073623,0.4670170746393551,,,0.2713433502841143,0.2751472702821232,,,,,0.26747728482303457,0.2712270070538764,,,,
greedy|2019|7000|all,all,2019,5,container,2.0,2926,0.6742209268614255,0.34555984609646767,0.34861803603761893,0.520912336979667,0.5238608723848399,,,0.31400811768019743,0.31985189413646553,,,,,0.3095341700526216,0.31529468512696834,,,,
greedy|2019|7000|all,all,2019,10,all,1.0,19981,0.8506355846605532,0.20543268430999156,0.2074326179049688,0.47289595825187086,0.47419252508796994,,,0.32596784520649563,0.3278136373192232,,,,,0.32600737087013626,0.32781829254844014,,,,
greedy|2019|7000|all,all,2019,10,all,1.5,19981,0.8506355846605532,0.3233939633348737,0.32664406860288286,0.5792585672668159,0.5812701340336344,,,0.4176642160350919,0.4206863310022173,,,,,0.4171656035730596,0.42013487783627235,,,,
greedy|2019|7000|all,all,2019,10,all,2.0,19981,0.8506355846605532,0.4345013535443747,0.4389007719129293,0.6459111593681693,0.6486592950566678,,,0.48677643207421983,0.4911832079900899,,,,,0.4858385398667571,0.4901770639944639,,,,
greedy|2019|7000|all,all,2019,10,container,1.0,2926,0.8035783272524019,0.2916074686605426,0.29333173414194663,0.5447561535322688,0.5457818340412128,,,0.478937760152234,0.4807316985629266,,,,,0.479525274404752,0.4812936530096796,,,,
greedy|2019|7000|all,all,2019,10,container,1.5,2926,0.8035783272524019,0.4292536070684387,0.4317891520014962,0.6368302048404288,0.6384933761912848,,,0.5585177364308023,0.5615533552186072,,,,,0.5583009136156185,0.561293281293948,,,,
greedy|2019|7000|all,all,2019,10,container,2.0,2926,0.8035783272524019,0.536180154157789,0.5395014984866324,0.685850255915634,0.6882598924131258,,,0.6008130094915821,0.6055618614122286,,,,,0.600217807271097,0.6048989981550128,,,,
greedy|2019|7000|all,all,2019,20,all,1.0,19981,0.9535444211424,0.3251136069028005,0.3273654642846441,0.6304085602121401,0.6313413743156788,,,0.540738384698899,0.5419019415368593,,,,,0.5390903859787981,0.5402351654644378,,,,
greedy|2019|7000|all,all,2019,20,all,1.5,19981,0.9535444211424,0.4905758628825027,0.493924345941813,0.7447855023755375,0.7460988802977138,,,0.6545889147568941,0.6562616766429297,,,,,0.6525253137616772,0.6541723339162359,,,,
greedy|2019|7000|all,all,2019,20,all,2.0,19981,0.9535444211424,0.623872228998407,0.6281616545533114,0.8073926782295902,0.8090571894135017,,,0.7299545606227404,0.7321798991440186,,,,,0.7275873963980687,0.7297739585919055,,,,
greedy|2019|7000|all,all,2019,20,container,1.0,2926,0.9444765412099474,0.519702329096804,0.5219146914831638,0.7707810879236237,0.771380468983203,,,0.7164759952079347,0.717544669107339,,,,,0.7144063766296863,0.7154598241996183,,,,
greedy|2019|7000|all,all,2019,20,container,1.5,2926,0.9444765412099474,0.6985609281544932,0.7012071969149737,0.8518382483537854,0.8526673930610988,,,0.7953128504836334,0.7966750342614702,,,,,0.7924826324460928,0.7938254080031286,,,,
greedy|2019|7000|all,all,2019,20,container,2.0,2926,0.9444765412099474,0.7975854476644958,0.8006314822582423,0.8844953019119355,0.8856238110112774,,,0.83741773805783,0.839425988779242,,,,,0.8342448117004303,0.836224449121597,,,,
greedy|2019|7000|all,all,2019,50,all,1.0,19981,0.9824150239211575,0.5177372114658919,0.5194586567861419,0.7727308045891282,0.7733447773632441,,,0.7569887628780742,0.757597869089148,,,,,0.7543397501572906,0.7549431578171422,,,,
greedy|2019|7000|all,all,2019,50,all,1.5,19981,0.9824150239211575,0.6841689936618344,0.6866995795190672,0.8595354822278681,0.8603512790575348,,,0.8450588640204437,0.8458185322678681,,,,,0.842864448718682,0.8436199139785753,,,,
greedy|2019|7000|all,all,2019,50,all,2.0,19981,0.9824150239211575,0.7925348704714545,0.7956940473685266,0.8998629019952853,0.9008501309454816,,,0.8884558075194942,0.8893347704136407,,,,,0.8864350917421224,0.8873070376363068,,,,
greedy|2019|7000|all,all,2019,50,container,1.0,2926,0.981450622483712,0.7777621728666673,0.7789715307002515,0.91410824105961,0.9144039709163876,,,0.9166499000675375,0.9172123025996749,,,,,0.9137951587191971,0.9143495482117577,,,,
greedy|2019|7000|all,all,2019,50,container,1.5,2926,0.981450622483712,0.8953530442083769,0.8966843237557203,0.9497034309391751,0.9500823231167956,,,0.9545977829251185,0.9551911192534459,,,,,0.951425969995679,0.9520108525436449,,,,
greedy|2019|7000|all,all,2019,50,container,2.0,2926,0.981450622483712,0.9309162393708476,0.9324565528719191,0.9610352343149554,0.961551330629463,,,0.9688393857137121,0.9694576649279733,,,,,0.965604431144785,0.9662139011956263,,,,
greedy|2024|7000|all,all,2024,5,all,1.0,19981,0.7343875965153988,0.12867710022601592,0.13037448433431176,0.3534126643550774,0.35496851527602785,,,0.10430831131275754,0.10654368994540195,,,,,0.10205940615394458,0.10425161339827346,,,,
greedy|2024|7000|all,all,2024,5,all,1.5,19981,0.7343875965153988,0.2143569649787565,0.2173550452295453,0.44565952164719114,0.4482018930625945,,,0.17536718450416108,0.179224362349195,,,,,0.172077421251604,0.17586786075229316,,,,
greedy|2024|7000|all,all,2024,5,all,2.0,19981,0.7343875965153988,0.302853757047603,0.30713284013215697,0.5085804653905629,0.5121473671634623,,,0.23013838988354984,0.2358120807622629,,,,,0.2263839586141468,0.23196916214706811,,,,
greedy|2024|7000|all,all,2024,5,container,1.0,2926,0.6601813031072639,0.15764404748572497,0.1590901464853671,0.3632953299005295,0.3645784041002961,,,0.1597950249034625,0.16214653212340807,,,,,0.15751828576102617,0.1598362890058974,,,,
greedy|2024|7000|all,all,2024,5,container,1.5,2926,0.6601813031072639,0.24720526471745094,0.24942506229542702,0.4451589685700394,0.4473105344735066,,,0.23664937242912318,0.2408613766338119,,,,,0.23327762234135993,0.23742961444713187,,,,
greedy|2024|7000|all,all,2024,5,container,2.0,2926,0.6601813031072639,0.33245253499601585,0.3354993009537937,0.49773948322380207,0.5008637120858856,,,0.2729404256184278,0.2793954556371132,,,,,0.26905160523159705,0.27541466480553295,,,,
greedy|2024|7000|all,all,2024,10,all,1.0,19981,0.8072779346084343,0.20022280809031226,0.2020957992757449,0.45170322591999335,0.4531026741616978,,,0.1690485692228787,0.17113537036382112,,,,,0.1654316587930506,0.16747879330402274,,,,
greedy|2024|7000|all,all,2024,10,all,1.5,19981,0.8072779346084343,0.304365730480976,0.3075308380375242,0.5536514621077508,0.5558681783117908,,,0.25312020431510823,0.2565931132310611,,,,,0.24819545783240013,0.251607113151254,,,,
greedy|2024|7000|all,all,2024,10,all,2.0,19981,0.8072779346084343,0.4153600500521821,0.41968562046704744,0.6181534791979099,0.6212098580624756,,,0.3142513635103616,0.3193908485273661,,,,,0.30882435711626066,0.31388437636058597,,,,
greedy|2024|7000|all,all,2024,10,container,1.0,2926,0.7535052633719193,0.25805531641967766,0.2599018568142518,0.5014519338177498,0.5026915860290224,,,0.24283084376536837,0.24510122690864403,,,,,0.23937102086208675,0.24160905587578987,,,,
greedy|2024|7000|all,all,2024,10,container,1.5,2926,0.7535052633719193,0.36920458799735406,0.37211727108573417,0.5959232852945914,0.5978455082771438,,,0.3419656874568982,0.345769607454907,,,,,0.3370934039394756,0.3408431261703174,,,,
greedy|2024|7000|all,all,2024,10,container,2.0,2926,0.7535052633719193,0.4927527210577102,0.49654125804731336,0.6488617156214029,0.651569261204483,,,0.3878536369030289,0.3936974133592969,,,,,0.38232754773218713,0.38808806280653374,,,,
greedy|2024|7000|all,all,2024,20,all,1.0,19981,0.9524030993866814,0.33021204662687786,0.3325123516793408,0.6322874759376333,0.6332275496937799,,,0.5435325471102446,0.5446961039482047,,,,,0.5417391141302881,0.5428838936159278,,,,
greedy|2024|7000|all,all,2024,20,all,1.5,19981,0.9524030993866814,0.493911324247691,0.49731948194213743,0.7457435815681644,0.7470630182457747,,,0.6579516111892691,0.6596243730753047,,,,,0.6557365002441056,0.6573835203986642,,,,
greedy|2024|7000|all,all,2024,20,all,2.0,19981,0.9524030993866814,0.6271760971955174,0.631452531616716,0.80739438485446,0.8090729933770208,,,0.7318441321810761,0.7340694707023543,,,,,0.7293790465951616,0.7315656087889985,,,,
greedy|2024|7000|all,all,2024,20,container,1.0,2926,0.9412182526733109,0.5263297515209221,0.5287820814799994,0.7722851762658695,0.7729253595715588,,,0.7280310931141482,0.7290997670135528,,,,,0.7257968389741004,0.7268502865440322,,,,
greedy|2024|7000|all,all,2024,20,container,1.5,2926,0.9412182526733109,0.7013966296220709,0.7043103532019935,0.852167350723087,0.8530360809917441,,,0.8073613339956232,0.8087235177734597,,,,,0.804359450701074,0.8057022262581097,,,,
greedy|2024|7000|all,all,2024,20,container,2.0,2926,0.9412182526733109,0.8029189316801651,0.8060463471534843,0.8829873787686782,0.8841542567445979,,,0.8448494283879641,0.846857679109376,,,,,0.8415706162542125,0.8435502536753794,,,,
greedy|2024|7000|all,all,2024,50,all,1.0,19981,0.9835742680271023,0.5238568006426942,0.5256064180070393,0.7778112735208984,0.7784373702010143,,,0.7626827983015654,0.763270547532583,,,,,0.759930896156619,0.7605134506210265,,,,
greedy|2024|7000|all,all,2024,50,all,1.5,19981,0.9835742680271023,0.690051823528306,0.6925936442338907,0.8646196430153437,0.8654239203029095,,,0.8496709996809131,0.8504095209639899,,,,,0.8473584224913803,0.848093239617529,,,,
greedy|2024|7000|all,all,2024,50,all,2.0,19981,0.9835742680271023,0.8006742966613901,0.8039130380656392,0.9039120087825422,0.9048728356504767,,,0.891587826440635,0.8924299761736283,,,,,0.8894684701401275,0.8903044712498712,,,,
greedy|2024|7000|all,all,2024,50,container,1.0,2926,0.9832223360593331,0.7798186764473785,0.7810234106093905,0.9159438919112,0.9162829499973703,,,0.9275073153341366,0.9280697178662738,,,,,0.9244978789172976,0.9250522684098581,,,,
greedy|2024|7000|all,all,2024,50,container,1.5,2926,0.9832223360593331,0.8900154790005178,0.891318084132946,0.9542952390344229,0.9546732252634939,,,0.9635868819663622,0.9641802182946894,,,,,0.9602869934998097,0.9608718760477759,,,,
greedy|2024|7000|all,all,2024,50,container,2.0,2926,0.9832223360593331,0.93951027607577,0.9410234253501757,0.9660404498079123,0.966516488793613,,,0.9746065831965082,0.9752248624107694,,,,,0.9712894583331108,0.9718989283839521,,,,
greedy|2019|7000|container,container,2019,5,all,1.0,19981,0.4690449082527102,0.0765675237523593,0.07754775809378062,0.19804892442113042,0.20039879413287026,,,0.03658440213756206,0.038874342211055075,,,,,0.03572501571458624,0.03797049736319477,,,,
greedy|2019|7000|container,container,2019,5,all,1.5,19981,0.4690449082527102,0.11227017059331397,0.11408984445866215,0.2505649286035943,0.25463164608090155,,,0.07217977237826614,0.076298682017084,,,,,0.0705243993090641,0.07457039667585831,,,,
greedy|2019|7000|container,container,2019,5,all,2.0,19981,0.4690449082527102,0.15468300597452306,0.15757231479810183,0.28982676818814607,0.29590775386772816,,,0.10091585812794716,0.10722364318060468,,,,,0.09877217129811121,0.1049840897360063,,,,
greedy|2019|7000|container,container,2019,5,container,1.0,2926,0.6561917779898648,0.20599125916344307,0.20765066383454647,0.40693424214025603,0.40844099792069444,,,0.07950018834920196,0.08198480190202076,,,,,0.07836747980114148,0.08081669289682497,,,,
greedy|2019|7000|container,container,2019,5,container,1.5,2926,0.6561917779898648,0.2915620009769957,0.29405431608379595,0.4888306681375632,0.4912590091219628,,,0.14806056905029194,0.15267459558670535,,,,,0.14595102093881696,0.15049930741338527,,,,
greedy|2019|7000|container,container,2019,5,container,2.0,2926,0.6561917779898648,0.3955213450065308,0.39881084737530526,0.5389284648931922,0.5425389669734553,,,0.18981989744279995,0.19708323452003196,,,,,0.18711536774431678,0.1942752177208807,,,,
greedy|2019|7000|container,container,2019,10,all,1.0,19981,0.8375153711629875,0.17407679314068078,0.1760394379390604,0.42914000189041923,0.4306630860204219,,,0.31520332754288544,0.317029273482367,,,,,0.3153653305479635,0.3171568741995792,,,,
greedy|2019|7000|container,container,2019,10,all,1.5,19981,0.8375153711629875,0.2754767449737275,0.2787753898155581,0.5342455703771607,0.5366605242412894,,,0.4009367486996048,0.40393203697483876,,,,,0.4006201547480458,0.4035632351276827,,,,
greedy|2019|7000|container,container,2019,10,all,2.0,19981,0.8375153711629875,0.3767538138183015,0.3817281131057877,0.6047327497687544,0.6080553197035419,,,0.46630836804640363,0.4706909812556569,,,,,0.46554340094398633,0.469858332333291,,,,
greedy|2019|7000|container,container,2019,10,container,1.0,2926,0.8371201205315899,0.3495388476618159,0.35135548668991284,0.6040260686702097,0.6050551000860498,,,0.47856116190851944,0.480355100319212,,,,,0.47915404188480115,0.48092242048972866,,,,
greedy|2019|7000|container,container,2019,10,container,1.5,2926,0.8371201205315899,0.4902809343421756,0.4928471824439379,0.6992163664782333,0.7008265566588137,,,0.5577499947863166,0.5607856135741213,,,,,0.5575441106562035,0.560536478334533,,,,
greedy|2019|7000|container,container,2019,10,container,2.0,2926,0.8371201205315899,0.62128781299808,0.6244531586200687,0.7466734917238184,0.7489694730259485,,,0.5999959795234213,0.6047448314440677,,,,,0.5994124182417587,0.6040936091256744,,,,
greedy|2019|7000|container,container,2019,20,all,1.0,19981,0.9187013961540683,0.27911096590806406,0.28120648245343366,0.5489215351219537,0.5501492439153847,,,0.5216594941701767,0.522724321691861,,,,,0.5193729898104785,0.5204213688816913,,,,
greedy|2019|7000|container,container,2019,20,all,1.5,19981,0.9187013961540683,0.4062250893129882,0.40960489136293154,0.6540386509470049,0.6559185503605038,,,0.6188467268281513,0.6204648020789002,,,,,0.6162117155910782,0.6178053391001003,,,,
greedy|2019|7000|container,container,2019,20,all,2.0,19981,0.9187013961540683,0.5057781195234495,0.5107416381025851,0.721038091219092,0.7235367331067097,,,0.6854272858971421,0.6875374185068795,,,,,0.6825374224831167,0.6846120926091555,,,,
greedy|2019|7000|container,container,2019,20,container,1.0,2926,0.9407727912684006,0.607058637155743,0.6088159282154926,0.8105098926106559,0.8108805136857952,,,0.8158949131465278,0.8161162225151036,,,,,0.8124087865004833,0.8126269426813906,,,,
greedy|2019|7000|container,container,2019,20,container,1.5,2926,0.9407727912684006,0.7682642379126906,0.7703319888556039,0.8702332466326913,0.8707833046879491,,,0.8847998353594956,0.8850447095009559,,,,,0.8806946181702069,0.8809360033761189,,,,
greedy|2019|7000|container,container,2019,20,container,2.0,2926,0.9407727912684006,0.83266141030346,0.8351466923646248,0.8921662840256239,0.8929538963850656,,,0.9111771383021945,0.9114417255375727,,,,,0.9069532974137546,0.9072141148439357,,,,
greedy|2019|7000|container,container,2019,50,all,1.0,19981,0.9722564746270228,0.4316341629275151,0.4334927642547617,0.6960451056466203,0.6969046953977233,,,0.7006828216540137,0.7013376658418626,,,,,0.6975598720343716,0.6982079387689789,,,,
greedy|2019|7000|container,container,2019,50,all,1.5,19981,0.9722564746270228,0.5779569393120331,0.5809766811504494,0.7935506851203741,0.7947527260137047,,,0.7907167462266658,0.7916091635503304,,,,,0.7879650559174721,0.7888501388679062,,,,
greedy|2019|7000|container,container,2019,50,all,2.0,19981,0.9722564746270228,0.6889697283764361,0.6930140643930469,0.8472102290595918,0.8487152988847502,,,0.8440279459786552,0.8451194438934783,,,,,0.8414170730421718,0.8424971367995716,,,,
greedy|2019|7000|container,container,2019,50,container,1.0,2926,0.9880986592330702,0.8358304608125112,0.8368571826876329,0.9388899877190477,0.9390841325827858,,,0.9450300905576319,0.945123300332433,,,,,0.9417709918734006,0.9418628736072135,,,,
greedy|2019|7000|container,container,2019,50,container,1.5,2926,0.9880986592330702,0.923698346399602,0.9248927391539803,0.9645428208342017,0.9647993569367358,,,0.9721044302884131,0.9721976400632142,,,,,0.968683184879277,0.9687750666130899,,,,
greedy|2019|7000|container,container,2019,50,container,2.0,2926,0.9880986592330702,0.9477074688928092,0.9489751557646803,0.9730466718048093,0.9734119375786329,,,0.9803820671966913,0.9804760512542409,,,,,0.97698265397358,0.9770752989582597,,,,
greedy|2024|7000|container,container,2024,5,all,1.0,19981,0.6971430617155352,0.10511526682885361,0.10676224161307453,0.31408121879301065,0.315945602283176,,,0.08770631319799274,0.0899686202955182,,,,,0.08570716962915899,0.08792567012935487,,,,
greedy|2024|7000|container,container,2024,5,all,1.5,19981,0.6971430617155352,0.17514007642021065,0.1780573219981446,0.40168478229695603,0.4047863987564918,,,0.1475147258342236,0.15147216768188843,,,,,0.14457179812761964,0.14846013652774734,,,,
greedy|2024|7000|container,container,2024,5,all,2.0,19981,0.6971430617155352,0.257725602238242,0.262189262520745,0.4641794663114395,0.46860953707622843,,,0.1919744571994131,0.1978610992244882,,,,,0.1886036222233671,0.19440433187421338,,,,
greedy|2024|7000|container,container,2024,5,container,1.0,2926,0.7005479001573073,0.2142769896462745,0.2160000873955285,0.4477291104122911,0.44907867201309404,,,0.1604006376618021,0.16275214488174763,,,,,0.15811526982599497,0.16043327307086616,,,,
greedy|2024|7000|container,container,2024,5,container,1.5,2926,0.7005479001573073,0.32542200184294345,0.32791655996870966,0.5389699183111282,0.5411069849620246,,,0.23718038460875998,0.24139238881344877,,,,,0.23380106872716044,0.23795306083293238,,,,
greedy|2024|7000|container,container,2024,5,container,2.0,2926,0.7005479001573073,0.4494553280029598,0.4525901526329682,0.5913146144087416,0.5943632874486776,,,0.2739400247298912,0.2803950547485767,,,,,0.27003696218236,0.2764000217562959,,,,
greedy|2024|7000|container,container,2024,10,all,1.0,19981,0.7563109611785491,0.1511264505510132,0.15284740718887738,0.3706017760286258,0.3723668059113222,,,0.10454858602316716,0.1067639466145121,,,,,0.10217102842516901,0.10434368982890999,,,,
greedy|2024|7000|container,container,2024,10,all,1.5,19981,0.7563109611785491,0.2248117473230968,0.22786637863492595,0.4634774395147337,0.4663961373757208,,,0.17735670332220177,0.1811899878482179,,,,,0.17374523487446156,0.17751234466982885,,,,
greedy|2024|7000|container,container,2024,10,all,2.0,19981,0.7563109611785491,0.3191678073123973,0.32382878090557593,0.5281578081632188,0.5323006294155256,,,0.22999007058899837,0.2356822373628719,,,,,0.225772684992305,0.23138350682138992,,,,
greedy|2024|7000|container,container,2024,10,container,1.0,2926,0.7862549693694315,0.324490685649988,0.32625505691421125,0.554223232366245,0.5554281223983603,,,0.2011415334575543,0.20341191660083,,,,,0.19827569453253682,0.20051372954624,,,,
greedy|2024|7000|container,container,2024,10,container,1.5,2926,0.7862549693694315,0.4228248761055072,0.4256523787221308,0.6483599996163291,0.6502471516602597,,,0.30567605212218923,0.3096315057794494,,,,,0.30132081870242267,0.30521991556025796,,,,
greedy|2024|7000|container,container,2024,10,container,2.0,2926,0.7862549693694315,0.5710585705619469,0.5744885279104803,0.7001811396087119,0.7028481792570427,,,0.3548092548710639,0.3608458280802349,,,,,0.3497539778425604,0.3557045427262544,,,,
greedy|2024|7000|container,container,2024,20,all,1.0,19981,0.9016646152044951,0.27101106482211035,0.2730086583960703,0.5259785332275762,0.5275005470831617,,,0.4299463957878078,0.4316621780178333,,,,,0.4276714430234358,0.42935542159056633,,,,
greedy|2024|7000|container,container,2024,20,all,1.5,19981,0.9016646152044951,0.38633637634367624,0.3898175043239739,0.6260323399746706,0.6284054849312899,,,0.5214367448752015,0.5239913513128535,,,,,0.5186878929190397,0.5212006865978692,,,,
greedy|2024|7000|container,container,2024,20,all,2.0,19981,0.9016646152044951,0.47992832421210874,0.4849529648840573,0.6910428549363521,0.694267254789237,,,0.5852361944572421,0.5887232643212373,,,,,0.5822149928943192,0.5856630839171112,,,,
greedy|2024|7000|container,container,2024,20,container,1.0,2926,0.9533059319213987,0.6436878706056618,0.6455516824664427,0.8343505059536657,0.8350638251352133,,,0.764168340722745,0.7654092394924323,,,,,0.7606919260275561,0.7619151446297759,,,,
greedy|2024|7000|container,container,2024,20,container,1.5,2926,0.9533059319213987,0.7941441560040283,0.7963053613394889,0.891307763898723,0.8922451180691964,,,0.8279597447994493,0.8295143423964536,,,,,0.8239039466003937,0.8254363944890327,,,,
greedy|2024|7000|container,container,2024,20,container,2.0,2926,0.9533059319213987,0.8614128558117825,0.863627486611165,0.9111813464532065,0.9124544099194696,,,0.848512203532123,0.8508196232656183,,,,,0.8443878147743052,0.8466623586856123,,,,
greedy|2024|7000|container,container,2024,50,all,1.0,19981,0.9744015272351234,0.43557479818956857,0.4375314227142643,0.6970832169595229,0.6980221016666883,,,0.6863202239838695,0.6872023627044768,,,,,0.6836020910992002,0.6844720907710686,,,,
greedy|2024|7000|container,container,2024,50,all,1.5,19981,0.9744015272351234,0.5804563267160577,0.5835363707324535,0.7943339603585192,0.7956370701297845,,,0.776128707320013,0.7773436685920005,,,,,0.7736661601081567,0.7748661785960999,,,,
greedy|2024|7000|container,container,2024,50,all,2.0,19981,0.9744015272351234,0.6902262175067196,0.6944255938934647,0.8482307543162042,0.849865082050565,,,0.8302000697755241,0.8316817264108096,,,,,0.8279012672434244,0.8293622863620439,,,,
greedy|2024|7000|container,container,2024,50,container,1.0,2926,0.9938997163649675,0.8557572984341308,0.8567329138657654,0.9521393821332415,0.9524248241603857,,,0.942173949764076,0.9423914606500664,,,,,0.9407376638206293,0.9409520756392467,,,,
greedy|2024|7000|container,container,2024,50,container,1.5,2926,0.9938997163649675,0.9424936493719611,0.9436448309805843,0.9750547718965318,0.9753842784458117,,,0.9691938460586603,0.9694113569446505,,,,,0.9680643803193797,0.9682787921379972,,,,
greedy|2024|7000|container,container,2024,50,container,2.0,2926,0.9938997163649675,0.9638118203774481,0.9649885798434927,0.981530920851058,0.9819789604229147,,,0.976932519273456,0.9771517372583627,,,,,0.9760326694678754,0.9762487640628815,,,,
