network,n_nodes_first,n_nodes_every,metric,first_pct,every_pct,change_pp,first_matched_pct,every_matched_pct,drop_pp,itin_pp,itin_share_pp,itin_weight_pp,add_pp,first_only_pct,every_only_pct,every_only_new_ship_pct,n_first,n_every,n_matched,n_first_only,n_every_only,n_every_only_new_ship,den_first_only_share,den_every_only_share,den_every_only_new_ship_share,den_matched_ratio,endurance_matched_ratio_p50
Yap hubs (4),5,5,world_partial,44.970291734361865,43.95593123808722,-1.0143604962746466,44.99229743672845,44.78636324605425,0.02200570236658428,-0.2059341906742007,-0.1667612386118867,-0.03917295206231383,-0.8304320079670302,43.865712473597114,42.05426477561249,43.12804383975129,2041,2926,1974,67,952,173,0.019533104991410817,0.3039539083057858,0.05698554129280676,1.0284025006390514,1.0
Yap hubs (4),5,5,eu_sailing_order,47.86228596305814,44.19462134712276,-3.6676646159353785,47.855081474764496,47.316567677164365,-0.007204488293643951,-0.5385137976001375,-0.09197254356665599,-0.4465412540334868,-3.121946330041597,48.30990376211927,36.856732239640365,42.51333672386814,2041,2926,1974,67,952,173,0.01584022703797835,0.2984699280107038,0.06726563214177886,1.0209783691402927,1.0
Yap hubs (4),5,5,eu_counted_first,61.7937628885776,57.96086114142407,-3.8329017471535276,61.889623685814286,61.61441080729,0.09586079723669094,-0.2752128785242891,-0.1853799188047816,-0.08983295971951272,-3.6535496658659294,55.83789241915655,49.37348023777913,56.39182202788674,2041,2926,1974,67,952,173,0.01584022703797835,0.2984699280107038,0.06726563214177886,1.0209783691402927,1.0
"methanol network, lower",12,12,world_partial,50.43899197219266,49.83286800043688,-0.6061239717557787,50.49621218218674,50.40075375860974,0.05722020999407995,-0.09545842357699952,-0.2183418000655823,0.1228833764885875,-0.5678857581728591,47.72321139861871,48.43142103930042,50.08213898601799,2093,2972,2027,66,945,169,0.020634761567016366,0.2883645574994765,0.05576510736847181,1.051134085105455,1.0
"methanol network, lower",12,12,eu_sailing_order,61.815681677487255,58.485838523028775,-3.3298431544584783,62.15538830698739,62.30599053404296,0.3397066295001361,0.15060222705557402,-0.004127437642201205,0.1547296646977912,-3.8201520110141884,39.94732598238436,49.29699333588366,51.09355122459929,2093,2972,2027,66,945,169,0.015296545215643656,0.2936546109453179,0.060322536935902324,1.0506074472741307,1.0
"methanol network, lower",12,12,eu_counted_first,73.66117721641689,70.28452943650107,-3.37664777991582,73.90919401128949,74.08281813369119,0.24801679487259642,0.17362412240170544,-0.18452610892320284,0.3581502313249163,-3.798288697190122,57.695284832702974,61.14827341476825,61.494937766131294,2093,2972,2027,66,945,169,0.015296545215643656,0.2936546109453179,0.060322536935902324,1.0506074472741307,1.0
"methanol network, upper",17,17,world_partial,54.96271283451675,54.24226678169699,-0.7204460528197565,55.05318805596602,54.886820186973395,0.090475221449271,-0.1663678689926229,-0.19756119937432587,0.031193330381708684,-0.6445534052764046,50.668585832411736,52.65161690517767,55.11925647884415,2093,2972,2027,66,945,169,0.020634761567016366,0.2883645574994765,0.05576510736847181,1.051134085105455,1.0
"methanol network, upper",17,17,eu_sailing_order,64.18216358129224,60.55868574793221,-3.6234778333600337,64.54008628180232,64.67277614263483,0.3579227005100827,0.13268986083250223,0.07021190922881797,0.062477951603681026,-4.114090394702618,41.14116218069023,50.662812595804205,51.86765969612599,2093,2972,2027,66,945,169,0.015296545215643656,0.2936546109453179,0.060322536935902324,1.0506074472741307,1.0
"methanol network, upper",17,17,eu_counted_first,75.7374774782012,72.07715506389916,-3.660322414302042,75.996758127961,76.16368356426445,0.2592806497598077,0.16692543630343337,-0.10885744330819291,0.27578287961164,-4.086528500365283,59.04648300998046,62.24757822128969,61.71967268595213,2093,2972,2027,66,945,169,0.015296545215643656,0.2936546109453179,0.060322536935902324,1.0506074472741307,1.0
10 chosen for dual-fuel use,10,10,world_partial,59.76276622288711,60.60205942217954,0.8392931992924346,59.84577026036186,61.81013455555491,0.08300403747475427,1.964364295193044,1.8923820844199444,0.07198221077308635,-1.2080751333753637,55.596367131096905,57.83560058720069,58.332582298408006,2041,2926,1974,67,952,173,0.019533104991410817,0.3039539083057858,0.05698554129280676,1.0284025006390514,1.0
10 chosen for dual-fuel use,10,10,eu_sailing_order,65.12253290709366,53.51597095210965,-11.606561954984008,64.9401227649657,57.44613233337629,-0.18241014212796447,-7.4939904315894035,-7.302370854553564,-0.19161957703584295,-3.930161381266639,76.45574951012671,44.27843598466508,50.499618484986044,2041,2926,1974,67,952,173,0.01584022703797835,0.2984699280107038,0.06726563214177886,1.0209783691402927,1.0
10 chosen for dual-fuel use,10,10,eu_counted_first,74.94567034017233,64.18091221625562,-10.764758123916707,74.82932714290924,67.83092169339216,-0.11634319726309128,-6.998405449517076,-6.99086480700575,-0.007540642511329274,-3.65000947713654,82.17412068558764,55.60185224755627,59.81302697635865,2041,2926,1974,67,952,173,0.01584022703797835,0.2984699280107038,0.06726563214177886,1.0209783691402927,1.0
10 chosen for continuity,10,10,world_partial,50.008020490349956,50.269158602902245,0.2611381125522838,50.00702015358749,50.84882918136194,-0.001000336762468912,0.8418090277744539,0.6910105849050032,0.15079844286944613,-0.5796705784597012,50.05823253190125,48.94172891839531,49.249437401067134,2041,2926,1974,67,952,173,0.019533104991410817,0.3039539083057858,0.05698554129280676,1.0284025006390514,1.0
10 chosen for continuity,10,10,eu_sailing_order,20.4045114440154,24.510122690864403,4.1056112468490005,20.431755028536962,27.628636854612264,0.02724358452155795,7.1968818260753045,7.164510462799808,0.0323713632754924,-3.1185141637478626,18.71185641494742,17.18030062009547,19.82170373881168,2041,2926,1974,67,952,173,0.01584022703797835,0.2984699280107038,0.06726563214177886,1.0209783691402927,1.0
10 chosen for continuity,10,10,eu_counted_first,33.620667838677235,36.64663859084114,3.0259707521639037,33.63677217426987,40.357574237761455,0.01610433559263713,6.720802063491583,6.64208132605031,0.0787207374412755,-3.7109356469203156,32.62009889338666,27.924376455815292,30.828730922330493,2041,2926,1974,67,952,173,0.01584022703797835,0.2984699280107038,0.06726563214177886,1.0209783691402927,1.0
20 chosen for continuity,20,20,world_partial,75.32501027631106,77.29253595715588,1.9675256808448283,75.45031702276306,78.46916643279651,0.12530674645200301,3.018849410033453,2.998114336264064,0.020735073769391314,-1.1766304756406276,69.03522088176938,74.59808452370352,77.73790700187368,2041,2926,1974,67,952,173,0.019533104991410817,0.3039539083057858,0.05698554129280676,1.0284025006390514,1.0
20 chosen for continuity,20,20,eu_sailing_order,70.43543242752583,72.90997670135528,2.47454427382946,70.7041004238496,76.36312394699397,0.26866799632376814,5.659023523144368,5.773619302126496,-0.11459577898213277,-3.453147245638677,53.742980126798386,64.79362591195292,71.07564156268077,2041,2926,1974,67,952,173,0.01584022703797835,0.2984699280107038,0.06726563214177886,1.0209783691402927,1.0
20 chosen for continuity,20,20,eu_counted_first,78.30378411911552,78.93004638160393,0.6262622624884195,78.54330088404822,81.94689578368434,0.23951676493270124,3.40359489963612,3.3950529287611877,0.008541970874952032,-3.0168494020804015,63.422509726293185,71.83917933068139,75.8319274063053,2041,2926,1974,67,952,173,0.01584022703797835,0.2984699280107038,0.06726563214177886,1.0209783691402927,1.0
"10 chosen for dual-fuel use, first run's nodes",10,12,world_partial,59.76276622288711,58.2247094975369,-1.538056725350212,59.84577026036186,59.80947337039601,0.08300403747475427,-0.03629688996584779,-0.10732170224744164,0.07102481228157805,-1.5847638728591185,55.596367131096905,54.5956438075769,53.89366938421312,2041,2926,1974,67,952,173,0.019533104991410817,0.3039539083057858,0.05698554129280676,1.0284025006390514,1.0
"10 chosen for dual-fuel use, first run's nodes",10,12,eu_sailing_order,65.12253290709366,60.74670937484241,-4.375823532251244,64.9401227649657,64.66755287952695,-0.18241014212796447,-0.27256988543873373,-0.10824646247351366,-0.16432342296523136,-3.920843504684546,76.45574951012671,51.53107534285556,58.455875608586915,2041,2926,1974,67,952,173,0.01584022703797835,0.2984699280107038,0.06726563214177886,1.0209783691402927,1.0
"10 chosen for dual-fuel use, first run's nodes",10,12,eu_counted_first,74.94567034017233,70.47400019061023,-4.471670149562101,74.82932714290924,74.62991304694062,-0.11634319726309128,-0.1994140959686086,-0.15511238036543284,-0.04430171560316727,-4.155912856330401,82.17412068558764,60.70585415085862,67.84827072495018,2041,2926,1974,67,952,173,0.01584022703797835,0.2984699280107038,0.06726563214177886,1.0209783691402927,1.0
"10 chosen for dual-fuel use, every run's nodes",10,10,world_partial,61.88187036641606,60.60205942217954,-1.2798109442365146,61.85343696668841,61.81013455555491,-0.02843339972764536,-0.043302411133505636,-0.11528462190660266,0.07198221077308635,-1.2080751333753637,63.309088781396994,57.83560058720069,58.332582298408006,2041,2926,1974,67,952,173,0.019533104991410817,0.3039539083057858,0.05698554129280676,1.0284025006390514,1.0
"10 chosen for dual-fuel use, every run's nodes",10,10,eu_sailing_order,57.95908923749725,53.51597095210965,-4.4431182853876034,57.72309001190932,57.44613233337629,-0.23599922558793507,-0.27695767853302966,-0.08533810149718209,-0.19161957703584295,-3.930161381266639,72.6218174747234,44.27843598466508,50.499618484986044,2041,2926,1974,67,952,173,0.01584022703797835,0.2984699280107038,0.06726563214177886,1.0209783691402927,1.0
"10 chosen for dual-fuel use, every run's nodes",10,10,eu_counted_first,68.12837599721732,64.18091221625562,-3.947463780961702,67.95183380937404,67.83092169339216,-0.17654218784327602,-0.120912115981886,-0.11337147347056228,-0.007540642511329274,-3.65000947713654,79.09701420483218,55.60185224755627,59.81302697635865,2041,2926,1974,67,952,173,0.01584022703797835,0.2984699280107038,0.06726563214177886,1.0209783691402927,1.0
"10 chosen for continuity, first run's nodes",10,11,world_partial,50.008020490349956,48.9250037058656,-1.0830167844843586,50.00702015358749,50.00505905485244,-0.001000336762468912,-0.001961098735048239,-0.1281274142996397,0.12616631556460006,-1.0800553489868414,50.05823253190125,46.451706656763555,47.565437145766545,2041,2926,1974,67,952,173,0.019533104991410817,0.3039539083057858,0.05698554129280676,1.0284025006390514,1.0
"10 chosen for continuity, first run's nodes",10,11,eu_sailing_order,20.4045114440154,17.244509790368177,-3.1600016536472237,20.431755028536962,20.140912077901703,0.02724358452155795,-0.2908429506352589,-0.1833374418552701,-0.10750550877999127,-2.8964022875335225,18.71185641494742,10.436744201298572,13.038798547084133,2041,2926,1974,67,952,173,0.01584022703797835,0.2984699280107038,0.06726563214177886,1.0209783691402927,1.0
"10 chosen for continuity, first run's nodes",10,11,eu_counted_first,33.620667838677235,29.725585232848623,-3.8950826058286148,33.63677217426987,33.21831195345793,0.01610433559263713,-0.41846022081195033,-0.45004009686343305,0.03157987605147631,-3.4927267206093013,32.62009889338666,21.516206002991666,25.82652637096277,2041,2926,1974,67,952,173,0.01584022703797835,0.2984699280107038,0.06726563214177886,1.0209783691402927,1.0
"10 chosen for continuity, every run's nodes",10,10,world_partial,50.74186029223227,50.269158602902245,-0.472701689330024,50.813346790324964,50.84882918136194,0.0714864980926988,0.03548239103697837,-0.11531605183247012,0.15079844286944613,-0.5796705784597012,47.15358567584092,48.94172891839531,49.249437401067134,2041,2926,1974,67,952,173,0.019533104991410817,0.3039539083057858,0.05698554129280676,1.0284025006390514,1.0
"10 chosen for continuity, every run's nodes",10,10,eu_sailing_order,27.599644897030778,24.510122690864403,-3.0895222061663756,27.72901823890221,27.628636854612264,0.12937334187143046,-0.1003813842899437,-0.13275274756543246,0.0323713632754924,-3.1185141637478626,19.56162634728079,17.18030062009547,19.82170373881168,2041,2926,1974,67,952,173,0.01584022703797835,0.2984699280107038,0.06726563214177886,1.0209783691402927,1.0
"10 chosen for continuity, every run's nodes",10,10,eu_counted_first,40.37869107252726,36.64663859084114,-3.732052481686121,40.50356699713734,40.357574237761455,0.12487592461007946,-0.14599275937588474,-0.2247134968171486,0.0787207374412755,-3.7109356469203156,32.62009889338666,27.924376455815292,30.828730922330493,2041,2926,1974,67,952,173,0.01584022703797835,0.2984699280107038,0.06726563214177886,1.0209783691402927,1.0
"20 chosen for continuity, first run's nodes",20,22,world_partial,75.32501027631106,73.8619089269518,-1.4631013493592637,75.45031702276306,75.3749729902211,0.12530674645200301,-0.07534403254195743,-0.06350869127386415,-0.011835341268098733,-1.5130640632693093,69.03522088176938,70.39703382930354,74.59480198618319,2041,2926,1974,67,952,173,0.019533104991410817,0.3039539083057858,0.05698554129280676,1.0284025006390514,1.0
"20 chosen for continuity, first run's nodes",20,22,eu_sailing_order,70.43543242752583,65.34601420312097,-5.089418224404851,70.7041004238496,70.43340236708372,0.26866799632376814,-0.27069805676587233,-0.12336223430712695,-0.1473358224587479,-5.087388163962747,53.742980126798386,53.38850877304533,64.03640603429606,2041,2926,1974,67,952,173,0.01584022703797835,0.2984699280107038,0.06726563214177886,1.0209783691402927,1.0
"20 chosen for continuity, first run's nodes",20,22,eu_counted_first,78.30378411911552,73.4560678552427,-4.847716263872826,78.54330088404822,78.37235913485274,0.23951676493270124,-0.17094174919547456,-0.14395357940398915,-0.026988169791473386,-4.916291279610052,63.422509726293185,61.900712184096164,71.20087391413892,2041,2926,1974,67,952,173,0.01584022703797835,0.2984699280107038,0.06726563214177886,1.0209783691402927,1.0
"20 chosen for continuity, every run's nodes",20,20,world_partial,78.49121877050685,77.29253595715588,-1.1986828133509597,78.5215905084078,78.46916643279651,0.030371737900958262,-0.052424075611290366,-0.07315914938067801,0.020735073769391314,-1.1766304756406276,76.96670520398105,74.59808452370352,77.73790700187368,2041,2926,1974,67,952,173,0.019533104991410817,0.3039539083057858,0.05698554129280676,1.0284025006390514,1.0
"20 chosen for continuity, every run's nodes",20,20,eu_sailing_order,76.68910042896223,72.90997670135528,-3.779123727606948,76.56892555457411,76.36312394699397,-0.12017487438812369,-0.2058016075801472,-0.09120582859801495,-0.11459577898213277,-3.453147245638677,84.15561443851506,64.79362591195292,71.07564156268077,2041,2926,1974,67,952,173,0.01584022703797835,0.2984699280107038,0.06726563214177886,1.0209783691402927,1.0
"20 chosen for continuity, every run's nodes",20,20,eu_counted_first,82.09435480673764,78.93004638160393,-3.1643084251337106,82.01102354108144,81.94689578368434,-0.08333126565620574,-0.0641277573971033,-0.07266972827204714,0.008541970874952032,-3.0168494020804015,87.2717603636289,71.83917933068139,75.8319274063053,2041,2926,1974,67,952,173,0.01584022703797835,0.2984699280107038,0.06726563214177886,1.0209783691402927,1.0
